1,0.9975527796843701,-2056.66706048164,2956.66706048164,0.0,0.032986116
2,0.9951116087498241,-4886.048513504076,5786.048513504076,0.0,0.049201317
3,0.9926764722426569,-4411.635640972028,5311.635640972028,0.0,0.07734726
4,0.9902473552461276,-4877.707251280074,5777.707251280074,0.0,0.053174023
5,0.9878242428803692,-4586.678962172305,5486.678962172305,0.0,0.048836764
6,0.9854071203022959,-4452.168989086618,5352.168989086618,0.0,0.04675856
7,0.9829959727055142,-4249.620610285965,5149.620610285965,0.0,0.07447245
8,0.9805907853202303,-4292.820821253797,5192.820821253797,0.0,0.08886202
9,0.9781915434131606,-3566.282241878368,4466.282241878368,0.0,0.039518863
10,0.9757982322874414,-3986.631326352942,4886.631326352942,0.0,0.14779173
11,0.973410837282539,-5455.125960161725,6355.125960161725,0.0,0.08404714
12,0.9710293437741592,-5138.631981804718,6038.631981804718,0.0,0.09834706
13,0.9686537371741586,-4819.02598832461,5719.02598832461,0.0,0.019856142
14,0.9662840029304542,-4369.995728319004,5269.995728319004,0.0,0.031630673
15,0.9639201265269356,-4544.651081415879,5444.651081415879,0.0,0.10895996
16,0.961562093483375,-3694.3276167968934,4594.327616796893,0.0,0.03135113
17,0.9592098893553386,-3881.6520597082063,4781.652059708206,0.0,0.09200367
18,0.9568634997340988,-4483.145929901646,5383.145929901646,0.0,0.025046734
19,0.9545229102465453,-5452.925364946886,6352.925364946886,0.0,0.057840113
20,0.9521881065550976,-3898.2323925742203,4798.23239257422,0.0,0.029394986
21,0.9498590743576161,-4691.634571284869,5591.634571284869,0.0,0.035849206
22,0.9475357993873159,-4768.545450299733,5668.545450299733,0.0,0.15454058
23,0.9452182674126784,-4985.463109364808,5885.463109364808,0.0,0.08394975
24,0.9429064642373647,-3373.860830754853,4273.860830754853,0.0,0.12587199
25,0.9406003757001281,-3829.6419353406072,4729.641935340607,0.0,0.08790091
26,0.9382999876747277,-4144.889846501221,5044.889846501221,0.0,0.14851543
27,0.9360052860698421,-5630.561156089459,6530.561156089459,0.0,0.11654833
28,0.9337162568289827,-3867.552864522473,4767.552864522473,0.0,0.039371587
29,0.9314328859304072,-4868.199705013331,5768.199705013331,0.0,0.07069683
30,0.9291551593870351,-5294.632074254163,6194.632074254163,0.0,0.072428495
31,0.9268830632463602,-4673.453386377263,5573.453386377263,0.0,0.030648641
32,0.9246165835903666,-4251.252424904796,5151.252424904796,0.0,0.056608874
33,0.9223557065354429,-4557.927640812733,5457.927640812733,0.0,0.073353134
34,0.9201004182322969,-5706.5909219198375,6606.5909219198375,0.0,0.04499969
35,0.9178507048658712,-4555.825002489008,5455.825002489008,0.0,0.031388253
36,0.9156065526552583,-5359.690406774946,6259.690406774946,0.0,0.040302932
37,0.9133679478536162,-6023.117923264078,6923.117923264078,0.0,0.037681352
38,0.9111348767480846,-4338.884756205611,5238.884756205611,0.0,0.119772166
39,0.9089073256597,-4004.3438855067743,4904.343885506774,0.0,0.08155834
40,0.906685280943313,-5051.762596634518,5951.762596634518,0.0,0.118803605
41,0.904468728987504,-5566.460056328169,6466.460056328169,0.0,0.029731616
42,0.9022576562145,-4858.892733330231,5758.892733330231,0.0,0.12027051
43,0.9000520490800913,-4213.563123334435,5113.563123334435,0.0,0.041626707
44,0.8978518940735489,-5257.064642381249,6157.064642381249,0.0,0.07915095
45,0.8956571777175414,-4641.366468753117,5541.366468753117,0.0,0.077719525
46,0.8934678865680526,-4403.819744245072,5303.819744245072,0.0,0.1308448
47,0.891284007214299,-3592.1301705743726,4492.130170574373,0.0,0.03922134
48,0.8891055262786478,-4324.355344245294,5224.355344245294,0.0,0.03851555
49,0.8869324304165349,-4124.067047197694,5024.067047197694,0.0,0.080779195
50,0.8847647063163833,-4134.967431393317,5034.967431393317,0.0,0.047153994
51,0.882602340699521,-5021.383404197201,5921.383404197201,0.0,0.052283525
52,0.8804453203201006,-4998.6543471829455,5898.6543471829455,0.0,0.056105252
53,0.8782936319650174,-4765.270781648548,5665.270781648548,0.0,0.03577012
54,0.8761472624538286,-3258.4884899787667,4158.488489978767,0.0,0.02832551
55,0.8740061986386727,-4289.107724479404,5189.107724479404,0.0,0.035180084
56,0.871870427404189,-5441.378856465242,6341.378856465242,0.0,0.085490465
57,0.8697399356674371,-6178.82286961349,7078.82286961349,0.0,0.036789563
58,0.8676147103778171,-6860.7129658400545,7760.7129658400545,0.0,0.025517348
59,0.865494738516989,-4056.7748815476716,4956.774881547672,0.0,0.030190662
60,0.8633800070987937,-3964.0701947942616,4864.070194794262,0.0,0.07443106
61,0.8612705031691729,-5825.660267229881,6725.660267229881,0.0,0.044716
62,0.8591662138060898,-3614.9547380390486,4514.954738039049,0.0,0.04526415
63,0.8570671261194505,-3908.947387642561,4808.947387642561,0.0,0.07603008
64,0.8549732272510244,-4861.6239439724695,5761.6239439724695,0.0,0.047892332
65,0.8528845043743656,-5885.54236709824,6785.54236709824,0.0,0.018893797
66,0.8508009446947346,-5526.07963251893,6426.07963251893,0.0,0.0830068
67,0.8487225354490195,-5352.554402314307,6252.554402314307,0.0,0.028843407
68,0.8466492639056583,-4291.465844848039,5191.465844848039,0.0,0.037322696
69,0.8445811173645605,-3818.3668189915297,4718.36681899153,0.0,0.051815882
70,0.8425180831570294,-5126.488224187763,6026.488224187763,0.0,0.04245636
71,0.8404601486456849,-5108.536912992882,6008.536912992882,0.0,0.035528257
72,0.838407301224385,-2876.7527746248084,3776.7527746248084,0.0,0.027587462
73,0.83635952831815,-4810.035078255094,5710.035078255094,0.0,0.08734542
74,0.8343168173830847,-3452.0266122973862,4352.026612297386,0.0,0.03753846
75,0.8322791559063014,-4783.302070768725,5683.302070768725,0.0,0.07733493
76,0.8302465314058439,-5027.990318687965,5927.990318687965,0.0,0.054954223
77,0.8282189314306101,-6533.125738810461,7433.125738810461,0.0,0.026238145
78,0.8261963435602767,-5919.2000639125135,6819.2000639125135,0.0,0.021659775
79,0.8241787554052225,-4112.3469235379125,5012.3469235379125,0.0,0.10744393
80,0.8221661546064527,-5811.79413843276,6711.79413843276,0.0,0.055484775
81,0.8201585288355234,-5565.938404529787,6465.938404529787,0.0,0.042489693
82,0.8181558657944655,-4257.264828515016,5157.264828515016,0.0,0.040636793
83,0.8161581532157103,-4526.487576299467,5426.487576299467,0.0,0.042040575
84,0.814165378862013,-4190.130116548527,5090.130116548527,0.0,0.059222735
85,0.8121775305263791,-5176.77953383669,6076.77953383669,0.0,0.08995365
86,0.8101945960319892,-4332.823708075742,5232.823708075742,0.0,0.0764507
87,0.8082165632321238,-3952.7332435296885,4852.7332435296885,0.0,0.053719554
88,0.8062434200100893,-3376.6850031232207,4276.685003123221,0.0,0.0656973
89,0.8042751542791443,-2480.8040338169417,3380.8040338169417,0.0,0.10547019
90,0.802311753982425,-3576.7401834261227,4476.740183426123,0.0,0.25150263
91,0.8003532070928713,-4192.597453949925,5092.597453949925,0.0,0.07571813
92,0.7983995016131531,-4488.913486768478,5388.913486768478,0.0,0.13603051
93,0.7964506255755972,-5437.4012219644865,6337.4012219644865,0.0,0.03235936
94,0.7945065670421138,-5930.808825777244,6830.808825777244,0.0,0.0343521
95,0.7925673141041233,-4111.22254210369,5011.22254210369,0.0,0.19745444
96,0.7906328548824832,-4828.217499336787,5728.217499336787,0.0,0.0559222
97,0.7887031775274159,-3686.345231444041,4586.345231444041,0.0,0.039769743
98,0.7867782702184353,-3708.5325167352576,4608.532516735258,0.0,0.07141452
99,0.7848581211642752,-6227.882842577846,7127.882842577846,0.0,0.086941876
100,0.7829427186028165,-4646.402616293679,5546.402616293679,0.0,0.07212354
101,0.7810320508010153,-4669.418507783399,5569.418507783399,0.0,0.037629284
102,0.7791261060548313,-3552.3880080214913,4452.388008021491,0.0,0.046196755
103,0.7772248726891557,-4512.78413707718,5412.78413707718,0.0,0.03803614
104,0.77532833905774,-4959.286854181422,5859.286854181422,0.0,0.044125307
105,0.7734364935431243,-6525.663525001024,7425.663525001024,0.0,0.0897733
106,0.7715493245565668,-5382.167372911557,6282.167372911557,0.0,0.034728374
107,0.7696668205379716,-4018.972163435077,4918.972163435077,0.0,0.118880115
108,0.7677889699558195,-5171.070627547946,6071.070627547946,0.0,0.057197995
109,0.765915761307096,-4102.19905075345,5002.19905075345,0.0,0.07212719
110,0.7640471831172216,-3060.9694511218163,3960.9694511218163,0.0,0.11083275
111,0.7621832239399812,-4441.526954543236,5341.526954543236,0.0,0.14536524
112,0.7603238723574539,-4710.976388359042,5610.976388359042,0.0,0.071424514
113,0.7584691169799433,-4229.879169659578,5129.879169659578,0.0,0.034590922
114,0.756618946445908,-5515.675136027347,6415.675136027347,0.0,0.11367453
115,0.7547733494218912,-4719.009997357235,5619.009997357235,0.0,0.048996907
116,0.7529323146024516,-4877.286638327946,5777.286638327946,0.0,0.084634244
117,0.751095830710095,-4373.289025129541,5273.289025129541,0.0,0.038916014
118,0.7492638864952036,-4050.266755074522,4950.266755074522,0.0,0.094540656
119,0.7474364707359685,-4222.659784250552,5122.659784250552,0.0,0.037971884
120,0.7456135722383205,-4861.376797874509,5761.376797874509,0.0,0.0838027
121,0.7437951798358611,-4098.405639455516,4998.405639455516,0.0,0.064610675
122,0.7419812823897948,-6324.123818728557,7224.123818728557,0.0,0.021111667
123,0.7401718687888601,-4537.077931145575,5437.077931145575,0.0,0.07149308
124,0.7383669279492625,-4629.950065072186,5529.950065072186,0.0,0.02953076
125,0.7365664488146054,-5039.719915292822,5939.719915292822,0.0,0.00942532
126,0.7347704203558233,-4266.935466330366,5166.935466330366,0.0,0.094178565
127,0.7329788315711138,-4550.190173951257,5450.190173951257,0.0,0.047214516
128,0.73119167148587,-3582.9411853698903,4482.94118536989,0.0,0.06689565
129,0.729408929152614,-3601.693867626547,4501.693867626547,0.0,0.054692417
130,0.7276305936509293,-4364.15256104227,5264.15256104227,0.0,0.07806973
131,0.7258566540873937,-3591.4518032432698,4491.45180324327,0.0,0.08020512
132,0.7240870995955133,-6058.981055043624,6958.981055043624,0.0,0.072528526
133,0.7223219193356554,-4251.239528054331,5151.239528054331,0.0,0.077604264
134,0.7205611024949817,-5108.304085092158,6008.304085092158,0.0,0.036664065
135,0.7188046382873835,-3745.8920277828383,4645.892027782838,0.0,0.038424358
136,0.7170525159534141,-4075.5588991091045,4975.5588991091045,0.0,0.08765453
137,0.7153047247602237,-5628.9658170959,6528.9658170959,0.0,0.11179977
138,0.7135612540014934,-4340.561303108398,5240.561303108398,0.0,0.03179559
139,0.7118220929973695,-3647.726139748138,4547.726139748138,0.0,0.078978054
140,0.7100872310943988,-4025.608765758094,4925.608765758094,0.0,0.034973
141,0.7083566576654619,-5170.30075422131,6070.30075422131,0.0,0.086287506
142,0.7066303621097099,-4032.039146381837,4932.039146381837,0.0,0.07032688
143,0.7049083338524982,-5774.482311326548,6674.482311326548,0.0,0.019309849
144,0.703190562345322,-3448.996426549177,4348.996426549177,0.0,0.034302097
145,0.7014770370657518,-4501.495128798576,5401.495128798576,0.0,0.025338704
146,0.6997677475173689,-4462.990429989743,5362.990429989743,0.0,0.09397851
147,0.6980626832297014,-4534.36548050341,5434.36548050341,0.0,0.05616826
148,0.6963618337581594,-2965.695954873243,3865.695954873243,0.0,0.112477176
149,0.6946651886839714,-4024.762794184322,4924.762794184322,0.0,0.18970893
150,0.6929727376141208,-4129.59678022519,5029.59678022519,0.0,0.08631283
151,0.6912844701812817,-4171.338107688631,5071.338107688631,0.0,0.06055732
152,0.6896003760437556,-4906.11078282837,5806.11078282837,0.0,0.028150719
153,0.687920444885408,-3528.6152940006314,4428.615294000631,0.0,0.102848515
154,0.6862446664156054,-4329.619862266461,5229.619862266461,0.0,0.13730541
155,0.6845730303691522,-3923.3953582507947,4823.395358250795,0.0,0.22698954
156,0.6829055265062274,-4711.921532713253,5611.921532713253,0.0,0.07082116
157,0.6812421446123226,-4794.6010024652805,5694.6010024652805,0.0,0.057423387
158,0.6795828744981788,-4581.386600644635,5481.386600644635,0.0,0.060093436
159,0.6779277059997244,-5942.035536204579,6842.035536204579,0.0,0.026990734
160,0.6762766289780126,-3296.7039403410527,4196.703940341053,0.0,0.06723437
161,0.6746296333191595,-4146.05455492507,5046.05455492507,0.0,0.11919534
162,0.6729867089342824,-4208.83984572687,5108.83984572687,0.0,0.036185306
163,0.6713478457594372,-4666.625903569504,5566.625903569504,0.0,0.029558716
164,0.6697130337555578,-4316.235540863874,5216.235540863874,0.0,0.08724974
165,0.6680822629083937,-5175.515018077263,6075.515018077263,0.0,0.06626963
166,0.666455523228449,-5241.896186579955,6141.896186579955,0.0,0.045282416
167,0.6648328047509215,-4554.2567540191085,5454.2567540191085,0.0,0.07951906
168,0.6632140975356413,-5568.734742440609,6468.734742440609,0.0,0.029060757
169,0.6615993916670098,-5135.923606931066,6035.923606931066,0.0,0.060411934
170,0.6599886772539394,-4237.859775023623,5137.859775023623,0.0,0.11687505
171,0.6583819444297926,-4890.414810480954,5790.414810480954,0.0,0.039242946
172,0.6567791833523215,-3264.6142195142847,4164.614219514285,0.0,0.064750105
173,0.655180384203608,-4027.4729586927333,4927.472958692733,0.0,0.036649715
174,0.6535855371900029,-4680.93333153423,5580.93333153423,0.0,0.031710397
175,0.6519946325420666,-4971.509700593988,5871.509700593988,0.0,0.14508465
176,0.6504076605145085,-4656.08934998336,5556.08934998336,0.0,0.0342965
177,0.6488246113861285,-4895.518991965807,5795.518991965807,0.0,0.04297029
178,0.6472454754597562,-3804.4172220534347,4704.417222053435,0.0,0.023124682
179,0.6456702430621921,-4229.107908406764,5129.107908406764,0.0,0.051290613
180,0.6440989045441483,-3935.845489602283,4835.845489602283,0.0,0.12473607
181,0.6425314502801897,-4458.452396164064,5358.452396164064,0.0,0.10269108
182,0.6409678706686738,-4667.8880575480935,5567.8880575480935,0.0,0.15378402
183,0.6394081561316939,-4326.053732373053,5226.053732373053,0.0,0.041968342
184,0.6378522971150183,-5430.367640808781,6330.367640808781,0.0,0.18101798
185,0.6363002840880337,-4430.55964879813,5330.55964879813,0.0,0.20577316
186,0.6347521075436852,-4211.066057776928,5111.066057776928,0.0,0.021410877
187,0.6332077579984188,-3702.6322572560093,4602.632257256009,0.0,0.02925624
188,0.6316672259921239,-3450.461645492818,4350.461645492818,0.0,0.040779915
189,0.6301305020880741,-4175.459669360316,5075.459669360316,0.0,0.05855359
190,0.6285975768728703,-4750.635217514119,5650.635217514119,0.0,0.04725153
191,0.6270684409563826,-4502.5343088300915,5402.5343088300915,0.0,0.075467065
192,0.625543084971693,-4795.7661735362,5695.7661735362,0.0,0.1105898
193,0.6240214995750383,-4193.072553594336,5093.072553594336,0.0,0.034825057
194,0.6225036754457516,-5002.409417293392,5902.409417293392,0.0,0.0709855
195,0.6209896032862074,-4128.697516026061,5028.697516026061,0.0,0.09244635
196,0.6194792738217622,-3792.25571450215,4692.25571450215,0.0,0.09661379
197,0.6179726778006994,-5711.521612508028,6611.521612508028,0.0,0.043278463
198,0.6164698059941723,-4596.73798726055,5496.73798726055,0.0,0.10975202
199,0.6149706491961469,-5025.823029776693,5925.823029776693,0.0,0.048006963
200,0.6134751982233462,-3586.125364553098,4486.125364553098,0.0,0.04228662
201,0.6119834439151935,-5005.6951733032565,5905.6951733032565,0.0,0.07954403
202,0.6104953771337571,-4449.173471336744,5349.173471336744,0.0,0.13276938
203,0.6090109887636928,-4773.900010344325,5673.900010344325,0.0,0.12596221
204,0.6075302697121896,-5929.734773842116,6829.734773842116,0.0,0.07150782
205,0.6060532109089133,-3693.3961169076065,4593.3961169076065,0.0,0.11270165
206,0.6045798033059507,-5091.739263694891,5991.739263694891,0.0,0.14547089
207,0.6031100378777552,-4382.043721775451,5282.043721775451,0.0,0.05157331
208,0.60164390562109,-5890.1030194392115,6790.1030194392115,0.0,0.023974212
209,0.6001813975549742,-4117.306308922564,5017.306308922564,0.0,0.0884382
210,0.5987225047206273,-4587.886943410258,5487.886943410258,0.0,0.13264216
211,0.5972672181814143,-5637.765781211385,6537.765781211385,0.0,0.04092859
212,0.5958155290227909,-4275.831023760482,5175.831023760482,0.0,0.11312288
213,0.5943674283522493,-4925.271398278346,5825.271398278346,0.0,0.108220644
214,0.5929229072992634,-4753.388732069714,5653.388732069714,0.0,0.123118244
215,0.5914819570152342,-4043.810521880414,4943.810521880414,0.0,0.07256304
216,0.5900445686734362,-4391.773487999475,5291.773487999475,0.0,0.070258155
217,0.5886107334689631,-5251.295144000661,6151.295144000661,0.0,0.083592206
218,0.5871804426186733,-3093.900344904022,3993.900344904022,0.0,0.10396181
219,0.5857536873611372,-3910.291002516252,4810.291002516252,0.0,0.15733458
220,0.5843304589565825,-5287.459184611449,6187.459184611449,0.0,0.07579723
221,0.5829107486868415,-4728.070058746808,5628.070058746808,0.0,0.033203453
222,0.5814945478552968,-4452.79114307296,5352.79114307296,0.0,0.068107545
223,0.5800818477868287,-4610.934555302738,5510.934555302738,0.0,0.03599975
224,0.5786726398277623,-3657.189233402605,4557.189233402605,0.0,0.039771628
225,0.5772669153458133,-4131.485805261284,5031.485805261284,0.0,0.0553554
226,0.5758646657300365,-4386.1240364063,5286.1240364063,0.0,0.093075626
227,0.574465882390772,-4966.065609895675,5866.065609895675,0.0,0.06454985
228,0.5730705567595936,-3476.458668042522,4376.458668042522,0.0,0.1472177
229,0.5716786802892551,-4767.915600528166,5667.915600528166,0.0,0.10627985
230,0.5702902444536387,-4346.183360854073,5246.183360854073,0.0,0.15579616
231,0.5689052407477031,-3996.561808459408,4896.561808459408,0.0,0.13777813
232,0.5675236606874304,-4703.346495124023,5603.346495124023,0.0,0.03722525
233,0.5661454958097752,-4807.774703551109,5707.774703551109,0.0,0.076515645
234,0.5647707376726119,-4622.404223710155,5522.404223710155,0.0,0.038525756
235,0.5633993778546831,-6348.276726715925,7248.276726715925,0.0,0.15323325
236,0.5620314079555487,-3749.819188072788,4649.819188072788,0.0,0.025154794
237,0.560666819595534,-5602.650320859136,6502.650320859136,0.0,0.08533497
238,0.5593056044156778,-2542.537183372632,3442.537183372632,0.0,0.07800379
239,0.5579477540776823,-3661.4450418053666,4561.445041805367,0.0,0.03543749
240,0.5565932602638612,-4754.401889658242,5654.401889658242,0.0,0.06057546
241,0.5552421146770894,-3099.86997236796,3999.86997236796,0.0,0.19037826
242,0.5538943090407512,-5477.399409382678,6377.399409382678,0.0,0.04114894
243,0.5525498350986905,-4014.5543752330623,4914.554375233062,0.0,0.2447385
244,0.5512086846151599,-6667.924458597823,7567.924458597823,0.0,0.0076814014
245,0.5498708493747705,-4428.21696707854,5328.21696707854,0.0,0.13011275
246,0.5485363211824408,-4872.854598787292,5772.854598787292,0.0,0.0316428
247,0.5472050918633474,-4060.243282150327,4960.243282150327,0.0,0.12019557
248,0.5458771532628749,-5982.708010447648,6882.708010447648,0.0,0.03719905
249,0.5445524972465647,-4797.79780411445,5697.79780411445,0.0,0.09656594
250,0.5432311157000672,-2120.1479029401044,3020.1479029401044,0.0,0.07553483
251,0.5419130005290902,-5292.543126296619,6192.543126296619,0.0,0.05399129
252,0.5405981436593503,-4218.244674003543,5118.244674003543,-0.003064081,0.08745023
253,0.5392865370365232,-3995.287559761131,4895.287559761131,-0.0042758626,0.073701926
254,0.5379781726261947,-5299.577243650319,6199.577243650319,-0.0044327728,0.035712317
255,0.5366730424138109,-4575.173898365306,5475.173898365306,-0.0047338884,0.07909908
256,0.5353711384046292,-4871.021112186549,5771.021112186549,-0.005459575,0.033099905
257,0.5340724526236702,-3792.787950464057,4692.787950464057,-0.005760216,0.04078066
258,0.5327769771156674,-3574.497987569979,4474.497987569979,-0.006020873,0.03196072
259,0.5314847039450199,-5159.033839746018,6059.033839746018,-0.0070761833,0.11790293
260,0.5301956251957425,-4356.27874680149,5256.27874680149,-0.006843156,0.073134884
261,0.5289097329714184,-5685.885305246347,6585.885305246347,-0.0070632943,0.046738103
262,0.5276270193951499,-4943.381281206297,5843.381281206297,-0.008744748,0.17381291
263,0.5263474766095108,-6123.429398225693,7023.429398225693,-0.008748405,0.13483538
264,0.5250710967764975,-3317.92887947934,4217.92887947934,-0.009189195,0.06787261
265,0.523797872077482,-4363.817303665763,5263.817303665763,-0.008959909,0.061958816
266,0.5225277947131634,-5671.095521364357,6571.095521364357,-0.011155039,0.10740903
267,0.5212608569035198,-5659.754803717523,6559.754803717523,-0.010419855,0.07631111
268,0.5199970508877615,-3832.5770722220204,4732.57707222202,-0.010670127,0.04259634
269,0.5187363689242828,-5631.343820547705,6531.343820547705,-0.0098324,0.041538853
270,0.5174788032906147,-4199.102378010457,5099.102378010457,-0.011000407,0.07279217
271,0.5162243462833779,-3858.26794761344,4758.26794761344,-0.011792259,0.11914989
272,0.5149729902182353,-4497.990042262627,5397.990042262627,-0.013033716,0.08539031
273,0.5137247274298449,-4775.796280579218,5675.796280579218,-0.0109378975,0.091528565
274,0.512479550271813,-3739.889384866805,4639.889384866805,-0.012444271,0.058166698
275,0.5112374511166475,-5934.0684953503605,6834.0684953503605,-0.009970124,0.11582256
276,0.5099984223557109,-5008.625143777316,5908.625143777316,-0.011813893,0.13281992
277,0.5087624563991736,-5134.941508881006,6034.941508881006,-0.011179797,0.10674931
278,0.507529545675968,-5861.268022310793,6761.268022310793,-0.012718227,0.16013025
279,0.5062996826337413,-4791.486008797862,5691.486008797862,-0.013485699,0.06792871
280,0.50507285973881,-5150.575870532861,6050.575870532861,-0.012949384,0.11416449
281,0.5038490694761132,-4619.5719108140775,5519.5719108140775,-0.015077505,0.0452747
282,0.5026283043491668,-4151.270719259264,5051.270719259264,-0.016391983,0.1672143
283,0.5014105568800177,-4195.894079613425,5095.894079613425,-0.014003073,0.0425989
284,0.5001958196091976,-5788.457300245833,6688.457300245833,-0.016829822,0.13605237
285,0.4989840850956779,-5016.342288645787,5916.342288645787,-0.014840241,0.10888279
286,0.4977753459168234,-4761.011053348405,5661.011053348405,-0.017086929,0.12660764
287,0.4965695946683475,-4445.990467480279,5345.990467480279,-0.016093193,0.11523383
288,0.49536682396426646,-5723.50502084617,6623.50502084617,-0.016897364,0.049739826
289,0.4941670264368542,-3456.123169993285,4356.123169993285,-0.017509984,0.16217926
290,0.49297019473659714,-6009.365540738725,6909.365540738725,-0.020237366,0.100286156
291,0.4917763215321494,-4192.865510187772,5092.865510187772,-0.018783597,0.08287795
292,0.49058539951028785,-6257.396272591561,7157.396272591561,-0.017369304,0.024110414
293,0.48939742137586684,-4480.560795932873,5380.560795932873,-0.016042342,0.02353388
294,0.48821237985177424,-3820.9037329756857,4720.903732975686,-0.01811889,0.113553755
295,0.4870302676788863,-5192.901150038246,6092.901150038246,-0.016473318,0.037097026
296,0.4858510776160235,-5601.208118238478,6501.208118238478,-0.019672252,0.11180641
297,0.4846748024399059,-5948.8524867347405,6848.8524867347405,-0.020295152,0.018459685
298,0.4835014349451093,-3188.709671088373,4088.709671088373,-0.017690267,0.08884139
299,0.4823309679440208,-3726.4808722158596,4626.48087221586,-0.020820366,0.050926916
300,0.4811633942667947,-2909.940933373678,3809.940933373678,-0.01808538,0.14680469
301,0.47999870676130896,-3550.2217836489817,4450.221783648982,-0.018732717,0.02958551
302,0.478836898293121,-5828.328704499246,6728.328704499246,-0.021349167,0.079110995
303,0.47767796174542415,-3509.6549896744837,4409.654989674484,-0.021533525,0.02798225
304,0.4765218900190041,-4515.656743160476,5415.656743160476,-0.023091435,0.035723507
305,0.47536867603219535,-4174.51541112362,5074.51541112362,-0.0221678,0.019812938
306,0.4742183127208379,-4941.750523224764,5841.750523224764,-0.022231283,0.022492042
307,0.4730707930382339,-4735.381347813931,5635.381347813931,-0.022026593,0.110235594
308,0.47192610995510453,-5923.23702027104,6823.23702027104,-0.022510411,0.083259255
309,0.47078425645954686,-4767.50274529078,5667.50274529078,-0.020507943,0.045099385
310,0.46964522555699106,-5688.528240297523,6588.528240297523,-0.023692133,0.037748583
311,0.4685090102701573,-3905.9736325274653,4805.973632527465,-0.024315488,0.07562822
312,0.4673756036390133,-4709.436630428211,5609.436630428211,-0.024351362,0.021954909
313,0.46624499872073155,-5461.657036437347,6361.657036437347,-0.024636915,0.017499639
314,0.4651171885896467,-5771.305032255834,6671.305032255834,-0.022699242,0.016834661
315,0.46399216633721335,-3816.252612523718,4716.252612523718,-0.02552053,0.046113826
316,0.46286992507196356,-4892.250479819857,5792.250479819857,-0.02565449,0.027039012
317,0.4617504579194646,-4584.431388343383,5484.431388343383,-0.02438265,0.020316456
318,0.460633758022277,-5801.627445403217,6701.627445403217,-0.02491079,0.057402015
319,0.45951981853991253,-5081.047780176296,5981.047780176296,-0.022801092,0.020867702
320,0.4584086326487921,-4274.582996895107,5174.582996895107,-0.02534963,0.06650001
321,0.4573001935422042,-4560.9361040608765,5460.9361040608765,-0.022138242,0.05649979
322,0.4561944944302631,-5417.405056604797,6317.405056604797,-0.023964752,0.13806172
323,0.4550915285398672,-4042.888700811176,4942.888700811176,-0.021984506,0.043972198
324,0.4539912891146575,-2829.7499259194433,3729.7499259194433,-0.026835434,0.048704542
325,0.4528937694149765,-4987.587225548943,5887.587225548943,-0.024453495,0.020977622
326,0.4517989627178267,-5953.179456185668,6853.179456185668,-0.027735585,0.013251505
327,0.4507068623168294,-5996.731303467702,6896.731303467702,-0.025806006,0.027338944
328,0.4496174615221836,-7346.8226767160595,8246.82267671606,-0.025452465,0.011287397
329,0.4485307536606252,-4035.080478887491,4935.080478887491,-0.028078107,0.095845036
330,0.44744673207538604,-5007.462669183404,5907.462669183404,-0.029534042,0.14958774
331,0.4463653901261528,-4917.5444482570965,5817.5444482570965,-0.024439674,0.032821
332,0.445286721189027,-5107.839671230286,6007.839671230286,-0.028655797,0.022756856
333,0.4442107186564838,-6559.0040853814435,7459.0040853814435,-0.027413538,0.0070761545
334,0.44313737593733177,-5371.085041863636,6271.085041863636,-0.03009539,0.06873769
335,0.4420666864566727,-4563.107830136585,5463.107830136585,-0.030805854,0.023266055
336,0.44099864365586083,-5057.844688871022,5957.844688871022,-0.027508998,0.021425974
337,0.4399332409924632,-4304.023159263874,5204.023159263874,-0.029856903,0.036375213
338,0.4388704719402194,-5607.939310170672,6507.939310170672,-0.031156423,0.021564899
339,0.43781032998900127,-5018.461670435218,5918.461670435218,-0.03545823,0.020173587
340,0.4367528086447735,-3823.195248879134,4723.195248879134,-0.02720992,0.025729977
341,0.4356979014295536,-6116.890409201279,7016.890409201279,-0.032151874,0.018331673
342,0.4346456018813723,-4258.318067043161,5158.318067043161,-0.030592822,0.023381334
343,0.4335959035542339,-5099.607026179946,5999.607026179946,-0.030734845,0.030905858
344,0.4325488000180768,-5446.614942087669,6346.614942087669,-0.033719845,0.028097298
345,0.431504284858734,-7000.62046909507,7900.62046909507,-0.034695536,0.006242649
346,0.4304623516778942,-4599.907914889742,5499.907914889742,-0.031650934,0.029689457
347,0.42942299409306217,-4979.701500902858,5879.701500902858,-0.031065622,0.022655405
348,0.4283862057375198,-6009.115666043962,6909.115666043962,-0.03642653,0.00970505
349,0.42735198026028726,-7821.918126589093,8721.918126589093,-0.03648473,0.021582952
350,0.42632031132608383,-7506.634255055176,8406.634255055176,-0.03562378,0.019002918
351,0.4252911926152893,-7624.639844484009,8524.639844484009,-0.034661945,0.007505185
352,0.42426461782390507,-7925.410429403102,8825.410429403102,-0.033071864,0.011882307
353,0.42324058066351583,-7573.393430502994,8473.393430502994,-0.03384362,0.019915227
354,0.42221907486125065,-7341.563201208355,8241.563201208355,-0.034363423,0.026756005
355,0.4212000941597449,-7401.703199322605,8301.703199322605,-0.033232342,0.015126892
356,0.42018363231710176,-7291.363971256557,8191.363971256557,-0.03788613,0.01497067
357,0.41916968310685393,-7151.078339751117,8051.078339751117,-0.038222205,0.030440636
358,0.4181582403179257,-5615.417380366575,6515.417380366575,-0.03634536,0.04858377
359,0.41714929775459453,-7496.922973588033,8396.922973588033,-0.03880844,0.01272525
360,0.41614284923645356,-5979.577734471575,6879.577734471575,-0.035893373,0.03957197
361,0.41513888859837345,-5590.061337745997,6490.061337745997,-0.034551695,0.038639538
362,0.41413740969046464,-7070.948692750149,7970.948692750149,-0.035600703,0.030601462
363,0.4131384063780397,-7005.299515996374,7905.299515996374,-0.037067063,0.022199435
364,0.4121418725415761,-7544.100311341101,8444.1003113411,-0.042188644,0.026379846
365,0.41114780207667784,-6875.170470702357,7775.170470702357,-0.042188715,0.036322873
366,0.41015618889403904,-7169.2767915242885,8069.2767915242885,-0.038247075,0.030542487
367,0.40916702691940615,-6737.015523580214,7637.015523580214,-0.040186685,0.035266947
368,0.4081803100935407,-7389.629667415271,8289.62966741527,-0.037565492,0.03047982
369,0.4071960323721823,-7051.7897938757105,7951.7897938757105,-0.03947644,0.028805561
370,0.4062141877260118,-7547.545961650501,8447.545961650501,-0.03740222,0.0128253605
371,0.4052347701406139,-7368.350702256808,8268.350702256808,-0.040385123,0.020698166
372,0.40425777361644066,-7674.884432950748,8574.884432950748,-0.0330088,0.020888925
373,0.40328319216877473,-7205.55242723598,8105.55242723598,-0.04118959,0.0115251895
374,0.4023110198276927,-7123.388378820822,8023.388378820822,-0.038247876,0.03333257
375,0.40134125063802817,-7533.159148641749,8433.15914864175,-0.036707312,0.022286242
376,0.4003738786593358,-7191.364152226706,8091.364152226706,-0.04017386,0.025036536
377,0.39940889796585455,-7446.4019463616005,8346.4019463616,-0.043446448,0.01744904
378,0.3984463026464716,-7402.316515859271,8302.316515859271,-0.039499987,0.021226082
379,0.3974860868046859,-6880.914336021998,7780.914336021998,-0.04089178,0.03382124
380,0.39652824455857233,-7450.046231081418,8350.046231081418,-0.04378839,0.014173918
381,0.3955727700407455,-7045.34316520622,7945.34316520622,-0.042659245,0.038426347
382,0.3946196573983239,-7156.402644327375,8056.402644327375,-0.036572065,0.0061816666
383,0.3936689007928937,-7475.682029794643,8375.682029794643,-0.045012806,0.018967364
384,0.39272049440047363,-7328.495666748557,8228.495666748557,-0.045612846,0.013875913
385,0.3917744324114789,-7163.131301243436,8063.131301243436,-0.04362181,0.033269905
386,0.39083070903068556,-7622.596418039366,8522.596418039366,-0.041396238,0.020400105
387,0.38988931847719493,-7253.5343944973865,8153.5343944973865,-0.045519076,0.015991628
388,0.3889502549843987,-6464.110897864421,7364.110897864421,-0.044663735,0.03451969
389,0.38801351279994317,-7137.939779551067,8037.939779551067,-0.042687852,0.009929165
390,0.38707908618569403,-7012.075384373327,7912.075384373327,-0.04549028,0.0070370315
391,0.38614696941770127,-7522.185453819444,8422.185453819444,-0.04283489,0.027053235
392,0.3852171567861642,-6463.412162742735,7363.412162742735,-0.045500666,0.04695576
393,0.38428964259539644,-7248.884887721703,8148.884887721703,-0.03911669,0.025648803
394,0.38336442116379105,-7067.1606289954225,7967.1606289954225,-0.039491758,0.021124907
395,0.38244148682378554,-7512.455832805783,8412.455832805783,-0.042070203,0.030743705
396,0.3815208339218273,-6927.283363940473,7827.283363940473,-0.04728433,0.026690269
397,0.3806024568183391,-7513.590047587224,8413.590047587224,-0.04567668,0.012592659
398,0.3796863498876843,-7329.081561641538,8229.081561641538,-0.04277252,0.015063714
399,0.3787725075181325,-7336.727089096041,8236.72708909604,-0.04183898,0.02711656
400,0.37786092411182526,-6297.900045831489,7197.900045831489,-0.04530458,0.049406573
401,0.3769515940847415,-7699.788047537959,8599.788047537959,-0.045519095,0.008700163
402,0.37604451186666377,-7444.847680872639,8344.84768087264,-0.04645961,0.035807908
403,0.37513967190114356,-7577.069940280169,8477.06994028017,-0.04807299,0.013074671
404,0.37423706864546785,-5472.106853696198,6372.106853696198,-0.050820313,0.060337942
405,0.3733366965706247,-7020.741658477353,7920.741658477353,-0.044067897,0.018314855
406,0.3724385501612696,-7206.313512256231,8106.313512256231,-0.04043657,0.00883092
407,0.37154262391569165,-7111.338627131357,8011.338627131357,-0.046675224,0.036417667
408,0.37064891234577985,-7874.4335276341735,8774.433527634174,-0.04670379,0.015914371
409,0.3697574099769895,-7340.616480038974,8240.616480038974,-0.047258914,0.01850906
410,0.36886811134830855,-7427.910514469244,8327.910514469244,-0.050785236,0.010857157
411,0.36798101101222436,-7097.177020706986,7997.177020706986,-0.048940685,0.038385835
412,0.3670961035346901,-7589.570646308852,8489.570646308852,-0.050140623,0.015513668
413,0.3662133834950917,-7305.129591629,8205.129591629,-0.041082583,0.0051342836
414,0.36533284548621436,-6862.694156929968,7762.694156929968,-0.046181202,0.013517495
415,0.36445448411420983,-7957.965622207295,8857.965622207295,-0.050152943,0.015923295
416,0.36357829399856295,-7588.21961897783,8488.21961897783,-0.052555177,0.013009308
417,0.3627042697720588,-5830.153073395967,6730.153073395967,-0.04505257,0.047893908
418,0.36183240608075,-6805.103378414833,7705.103378414833,-0.046285298,0.013730437
419,0.36096269758392396,-7171.178336961493,8071.178336961493,-0.046849255,0.03212348
420,0.36009513895406975,-7345.691116052731,8245.69111605273,-0.045407448,0.018873097
421,0.3592297248768458,-7636.353689458292,8536.353689458292,-0.048306204,0.015832424
422,0.3583664500510472,-7105.400065159574,8005.400065159574,-0.048344094,0.03860435
423,0.35750530918857376,-7079.251561936314,7979.251561936314,-0.045257125,0.023430701
424,0.35664629701439643,-7559.9385853849635,8459.938585384964,-0.04634653,0.011053685
425,0.3557894082665261,-7839.181682504568,8739.181682504568,-0.04625448,0.01123163
426,0.35493463769598116,-5249.986957332907,6149.986957332907,-0.04932235,0.06863679
427,0.3540819800667548,-7378.464656074928,8278.464656074928,-0.04442132,0.039065614
428,0.3532314301557835,-7507.795104735522,8407.795104735522,-0.04592581,0.014151229
429,0.35238298275291485,-7477.835511636593,8377.835511636593,-0.042425856,0.012776827
430,0.3515366326608755,-7132.27112737736,8032.27112737736,-0.05053008,0.017322106
431,0.3506923746952396,-7791.800787656528,8691.800787656528,-0.052183412,0.01240669
432,0.3498502036843967,-7696.40639447262,8596.40639447262,-0.053172532,0.021322498
433,0.3490101144695205,-7296.609783366388,8196.609783366388,-0.049199443,0.020560257
434,0.3481721019045368,-7759.593584065333,8659.593584065333,-0.04845989,0.027526958
435,0.34733616085609226,-7180.811983967173,8080.811983967173,-0.045053504,0.03676538
436,0.34650228620352286,-6763.021469349334,7663.021469349334,-0.04823377,0.031198796
437,0.34567047283882263,-5868.720789646364,6768.720789646364,-0.05309354,0.057949167
438,0.3448407156666123,-7268.847527413749,8168.847527413749,-0.051625185,0.022910066
439,0.3440130096041078,-7701.1489172105685,8601.148917210568,-0.052201815,0.022925999
440,0.34318734958108965,-6382.265049719209,7282.265049719209,-0.055689424,0.016850427
441,0.3423637305398717,-6765.931138580164,7665.931138580164,-0.040743582,0.051845964
442,0.34154214743526995,-7751.873309836787,8651.873309836787,-0.04681344,0.01547804
443,0.34072259523457177,-7332.829073243767,8232.829073243767,-0.046627987,0.046828587
444,0.33990506891750516,-6637.14448048178,7537.14448048178,-0.04216235,0.04338846
445,0.33908956347620794,-7146.537026364815,8046.537026364815,-0.05399815,0.02086993
446,0.338276073915197,-7526.387592396033,8426.387592396033,-0.053003464,0.005899985
447,0.3374645952513379,-7095.755975827668,7995.755975827668,-0.04524498,0.025154874
448,0.336655122513814,-7008.499643050738,7908.499643050738,-0.051488303,0.036485374
449,0.3358476507440964,-7179.215944022062,8079.215944022062,-0.048129927,0.02013245
450,0.3350421749959133,-7085.354364243403,7985.354364243403,-0.045610182,0.01817694
451,0.3342386903352198,-7134.576099116266,8034.576099116266,-0.04886505,0.030580603
452,0.3334371918401676,-7454.4300498263765,8354.430049826376,-0.048826173,0.018054847
453,0.33263767460107513,-6956.17814526199,7856.17814526199,-0.047279764,0.014521189
454,0.33184013372039695,-7070.382613205975,7970.382613205975,-0.045874383,0.01952502
455,0.33104456431269424,-7096.295085976832,7996.295085976832,-0.049685724,0.029024756
456,0.3302509615046048,-7374.569189217449,8274.56918921745,-0.05204228,0.02743322
457,0.32945932043481274,-7479.41256883544,8379.41256883544,-0.046642143,0.022285989
458,0.32866963625401935,-7270.985263328719,8170.985263328719,-0.040731043,0.01091112
459,0.32788190412491297,-7294.972602634985,8194.972602634985,-0.04866125,0.030285839
460,0.3270961192221396,-5706.783732578531,6606.783732578531,-0.046571646,0.08870778
461,0.3263122767322731,-7744.7871905392385,8644.787190539239,-0.04398862,0.018733267
462,0.3255303718537858,-8018.747574941512,8918.747574941512,-0.039959643,0.013877392
463,0.32475039979701925,-6862.218965282217,7762.218965282217,-0.048174493,0.016564824
464,0.3239723557841547,-7772.921220971861,8672.92122097186,-0.047893565,0.0040938184
465,0.32319623504918377,-6152.101288675727,7052.101288675727,-0.046795167,0.05017988
466,0.32242203283787946,-7680.604585354506,8580.604585354506,-0.045040246,0.017815733
467,0.3216497444077671,-6958.919393005428,7858.919393005428,-0.04523328,0.035558496
468,0.32087936502809483,-7393.887383625872,8293.887383625872,-0.055447135,0.019037452
469,0.32011088997980497,-7077.124771708832,7977.124771708832,-0.044784002,0.01883277
470,0.31934431455550527,-7264.2348665092995,8164.2348665092995,-0.046741117,0.023644492
471,0.3185796340594398,-7258.154525906783,8158.154525906783,-0.04438961,0.030850146
472,0.31781684380746006,-7113.97288533861,8013.97288533861,-0.04966172,0.029596683
473,0.31705593912699664,-7081.688063550369,7981.688063550369,-0.044558875,0.022136575
474,0.3162969153570306,-7308.517221043445,8208.517221043445,-0.047152683,0.022508627
475,0.3155397678480643,-7048.108972270373,7948.108972270373,-0.04653642,0.05031116
476,0.31478449196209396,-7454.892740310634,8354.892740310634,-0.041751467,0.0092237685
477,0.3140310830725802,-7166.2742563398915,8066.2742563398915,-0.045021374,0.04114461
478,0.3132795365644204,-6674.771565188219,7574.771565188219,-0.044703916,0.018237341
479,0.31252984783392007,-7359.510342715039,8259.510342715039,-0.047573887,0.01961423
480,0.31178201228876484,-7065.783288946823,7965.783288946823,-0.046738625,0.027909629
481,0.3110360253479924,-7753.923332897019,8653.923332897019,-0.04840767,0.014950515
482,0.31029188244196393,-6751.547818549852,7651.547818549852,-0.04007007,0.0174258
483,0.309549579012337,-7436.442642489499,8336.4426424895,-0.044168178,0.027715018
484,0.3088091105120365,-7146.144946418866,8046.144946418866,-0.052654788,0.01732022
485,0.30807047240522806,-7799.349533269891,8699.349533269891,-0.043728184,0.011707915
486,0.30733366016728914,-6506.4540705057725,7406.4540705057725,-0.043134794,0.025978532
487,0.306598669284782,-7165.557272528049,8065.557272528049,-0.044846203,0.02267437
488,0.3058654952554259,-7896.419533884067,8796.419533884067,-0.041154463,0.012902996
489,0.30513413358806935,-7122.084765778692,8022.084765778692,-0.05105081,0.026721392
490,0.30440457980266267,-7347.428502930725,8247.428502930725,-0.045185287,0.026087325
491,0.3036768294302307,-7381.02727462913,8281.02727462913,-0.04570373,0.028278347
492,0.30295087801284537,-7765.826460845761,8665.826460845761,-0.03919118,0.017353496
493,0.3022267211035982,-7094.027711727038,7994.027711727038,-0.047917042,0.030613523
494,0.3015043542665733,-7403.393897437489,8303.393897437489,-0.044258524,0.0079534175
495,0.30078377307681997,-7328.274064563699,8228.274064563699,-0.04996779,0.029435232
496,0.3000649731203259,-7318.939592342967,8218.939592342967,-0.0445629,0.025889814
497,0.2993479499939898,-6950.31517558242,7850.31517558242,-0.037067953,0.03469351
498,0.2986326993055946,-7741.479484030988,8641.479484030988,-0.049720492,0.022662548
499,0.2979192166737807,-7604.376181379763,8504.376181379763,-0.03918187,0.012556603
500,0.29720749772801874,-7111.160324409694,8011.160324409694,-0.040842872,0.022292433
501,0.29649753810858304,-7685.26971207618,8585.26971207618,-0.042149916,0.026581887
502,0.29578933346652514,-6579.743562127978,7479.743562127978,-0.04834757,0.037791915
503,0.29508287946364675,-5170.365441473451,6070.365441473451,-0.038585052,0.038581096
504,0.2943781717724733,-4231.993954438991,5131.993954438991,-0.039866917,0.059883326
505,0.2936752060762275,-4346.749604199756,5246.749604199756,-0.04285543,0.06397344
506,0.292973978068803,-4669.979011698289,5569.979011698289,-0.041709427,0.09188132
507,0.29227448345473767,-5129.532312928992,6029.532312928992,-0.038961496,0.12218831
508,0.2915767179491878,-4086.364171809568,4986.364171809568,-0.041242067,0.12826712
509,0.2908806772779013,-4172.927379525913,5072.927379525913,-0.040538613,0.15374891
510,0.29018635717719177,-4044.2255277847707,4944.225527784771,-0.04575719,0.050582435
511,0.2894937533939126,-5264.9963577544195,6164.9963577544195,-0.037699696,0.07900401
512,0.2888028616854305,-3551.9290652784257,4451.929065278426,-0.0345282,0.049185332
513,0.28811367781959984,-6217.8504745017535,7117.8504745017535,-0.035835437,0.03427445
514,0.2874261975747365,-4992.96992066754,5892.96992066754,-0.04744442,0.041166622
515,0.28674041673959216,-4895.632210313657,5795.632210313657,-0.0364715,0.16813153
516,0.28605633111332845,-4403.961976021779,5303.961976021779,-0.044440243,0.12205679
517,0.28537393650549125,-5346.7020756377715,6246.7020756377715,-0.03928935,0.08727418
518,0.28469322873598496,-5389.7047448075655,6289.7047448075655,-0.037883606,0.06291973
519,0.28401420363504687,-4717.422860215483,5617.422860215483,-0.037664,0.09247929
520,0.2833368570432217,-3158.2829406859078,4058.2829406859078,-0.038372867,0.021681203
521,0.28266118481133623,-5130.038643375951,6030.038643375951,-0.036211133,0.038421184
522,0.2819871828004735,-4054.6282650400753,4954.628265040075,-0.04262561,0.081209496
523,0.281314846881948,-4450.587215675798,5350.587215675798,-0.039142467,0.05936264
524,0.2806441729372797,-6643.125268130173,7543.125268130173,-0.040989507,0.1004664
525,0.2799751568581696,-4969.230991434309,5869.230991434309,-0.043095995,0.16222456
526,0.2793077945464739,-4552.031569676984,5452.031569676984,-0.036828008,0.024051884
527,0.2786420819141794,-4295.37568382383,5195.37568382383,-0.03955337,0.16268267
528,0.2779780148833778,-4544.919371189954,5444.919371189954,-0.042793777,0.14579867
529,0.2773155893862416,-5631.5061355738735,6531.5061355738735,-0.03852924,0.16631585
530,0.27665480136499854,-5416.29931074942,6316.29931074942,-0.040760897,0.07819043
531,0.2759956467719069,-5420.494312371583,6320.494312371583,-0.0388892,0.13826044
532,0.27533812156923076,-4052.9554119700006,4952.955411970001,-0.035975732,0.039204318
533,0.2746822217292153,-3582.94096595688,4482.94096595688,-0.04179824,0.16807045
534,0.27402794323406193,-3994.190130968929,4894.190130968929,-0.0380025,0.15929113
535,0.27337528207590395,-5336.157095320973,6236.157095320973,-0.030830592,0.04831527
536,0.2727242342567818,-5755.040003404983,6655.040003404983,-0.040524796,0.04315942
537,0.2720747957886186,-4869.737736130563,5769.737736130563,-0.044653036,0.07393256
538,0.2714269626931959,-6024.133608579453,6924.133608579453,-0.03733745,0.06789709
539,0.27078073100212896,-4442.874701846672,5342.874701846672,-0.030098522,0.22407366
540,0.27013609675684286,-4482.642077238029,5382.642077238029,-0.031646132,0.023742031
541,0.26949305600854784,-3353.0898983441766,4253.089898344177,-0.042471636,0.16049822
542,0.26885160481821546,-5275.807583902331,6175.807583902331,-0.03988685,0.08339782
543,0.2682117392565543,-4459.382846426647,5359.382846426647,-0.039720688,0.15811951
544,0.2675734554039858,-5186.349736963098,6086.349736963098,-0.04169483,0.108957306
545,0.2669367493506205,-5625.248084266581,6525.248084266581,-0.032769788,0.06810169
546,0.2663016171962338,-5590.253399182791,6490.253399182791,-0.040327076,0.0511171
547,0.2656680550502425,-3723.7271700293395,4623.7271700293395,-0.037198737,0.17311236
548,0.26503605903168026,-4554.067500883824,5454.067500883824,-0.041562743,0.0756405
549,0.26440562526917466,-3898.5943093676797,4798.59430936768,-0.040107917,0.06008071
550,0.26377674990092287,-3543.4873969139717,4443.487396913972,-0.03403697,0.06988618
551,0.2631494290746682,-3875.609974162492,4775.609974162492,-0.037148956,0.028174842
552,0.2625236589476766,-5886.369698277594,6786.369698277594,-0.03900851,0.056829687
553,0.261899435686713,-5300.169392899711,6200.169392899711,-0.042667676,0.09808055
554,0.26127675546801776,-4213.125516628672,5113.125516628672,-0.04190014,0.061782412
555,0.2606556144772835,-4628.193801953947,5528.193801953947,-0.033193618,0.024311528
556,0.2600360089096314,-4845.552437243232,5745.552437243232,-0.035904095,0.028442286
557,0.2594179349695883,-5137.784085616348,6037.784085616348,-0.035008777,0.1492365
558,0.258801388871063,-4037.190640149385,4937.190640149385,-0.036923327,0.13766558
559,0.2581863668373234,-5317.786889720075,6217.786889720075,-0.039590456,0.15914883
560,0.2575728651009732,-6385.703613050359,7285.703613050359,-0.035309523,0.039936457
561,0.2569608799039289,-4198.948798427717,5098.948798427717,-0.04316788,0.07001196
562,0.25635040749739685,-5660.457184911919,6560.457184911919,-0.029828846,0.14064454
563,0.25574144414184996,-5547.346926372265,6447.346926372265,-0.041548517,0.04802056
564,0.25513398610700533,-4979.2727472791585,5879.2727472791585,-0.039676864,0.13710234
565,0.2545280296718008,-4758.3958720211795,5658.3958720211795,-0.033749174,0.07452508
566,0.25392357112437275,-4987.441089342681,5887.441089342681,-0.033261385,0.103126265
567,0.2533206067620328,-4732.4910084214835,5632.4910084214835,-0.040204614,0.06516617
568,0.2527191328912454,-3913.7931783040895,4813.793178304089,-0.030300288,0.103333354
569,0.2521191458276054,-4212.079176754361,5112.079176754361,-0.033953913,0.20594859
570,0.25152064189581524,-3811.4336832228064,4711.433683222806,-0.031460546,0.13481241
571,0.2509236174296623,-4454.912291439176,5354.912291439176,-0.03611683,0.15873227
572,0.25032806877199665,-4829.221326209179,5729.221326209179,-0.033887513,0.05765213
573,0.2497339922747088,-4647.26248713696,5547.26248713696,-0.050170857,0.13325275
574,0.24914138429870705,-4703.4297056976175,5603.4297056976175,-0.042405546,0.11634053
575,0.24855024121389524,-5567.885362678348,6467.885362678348,-0.043507036,0.1321102
576,0.24796055939915068,-4349.983799760172,5249.983799760172,-0.036333915,0.13904585
577,0.2473723352423019,-3704.4689870558113,4604.468987055811,-0.038832728,0.1584807
578,0.24678556514010644,-4206.397305057422,5106.397305057422,-0.044089712,0.14093298
579,0.24620024549822886,-2918.9531504091055,3818.9531504091055,-0.042699438,0.075259894
580,0.24561637273121867,-3886.6854893218997,4786.6854893219,-0.04116685,0.13816118
581,0.24503394326248848,-4150.8833075893435,5050.8833075893435,-0.042594504,0.19024491
582,0.24445295352429192,-5801.346654318928,6701.346654318928,-0.039972927,0.0551536
583,0.2438733999577019,-3766.7821619564183,4666.782161956418,-0.04187542,0.12757167
584,0.2432952790125888,-5194.68815719383,6094.68815719383,-0.036222693,0.04975318
585,0.24271858714759872,-4909.599620506041,5809.599620506041,-0.04189726,0.11274647
586,0.24214332083013174,-6715.513130936892,7615.513130936892,-0.048109498,0.05550211
587,0.2415694765363203,-4456.991368049891,5356.991368049891,-0.04013158,0.10747952
588,0.24099705075100766,-6203.566694572464,7103.566694572464,-0.041974332,0.06937045
589,0.24042603996772638,-4023.468192732512,4923.468192732512,-0.039052214,0.09409321
590,0.23985644068867665,-4725.639804566772,5625.639804566772,-0.04608201,0.17642042
591,0.23928824942470522,-4683.48155102391,5583.48155102391,-0.041476775,0.0909406
592,0.2387214626952836,-3102.258397379327,4002.258397379327,-0.05081616,0.26290208
593,0.23815607702848712,-5262.183449567277,6162.183449567277,-0.044285804,0.17704727
594,0.23759208896097342,-4548.977825616543,5448.977825616543,-0.040167365,0.14535414
595,0.23702949503796134,-5258.533977087812,6158.533977087812,-0.037853252,0.10499421
596,0.2364682918132097,-4738.489296956527,5638.489296956527,-0.039437223,0.07021302
597,0.2359084758489962,-4301.377213466477,5201.377213466477,-0.041879404,0.07374697
598,0.23535004371609652,-4464.651470434968,5364.651470434968,-0.043809168,0.18918583
599,0.23479299199376308,-5926.231128740088,6826.231128740088,-0.0375057,0.009803574
600,0.23423731726970407,-4892.377730999576,5792.377730999576,-0.050653167,0.13915604
601,0.23368301614006287,-4224.756488771473,5124.756488771473,-0.047114126,0.08806853
602,0.23313008520939688,-5005.724426493325,5905.724426493325,-0.0479302,0.067104205
603,0.2325785210906568,-3743.9577565392683,4643.957756539268,-0.0503105,0.18236141
604,0.23202832040516594,-4598.282767937064,5498.282767937064,-0.052942418,0.13189878
605,0.23147947978259953,-4338.341176624026,5238.341176624026,-0.04379299,0.2026043
606,0.230931995860964,-4830.822775745417,5730.822775745417,-0.044153195,0.1261502
607,0.2303858652865765,-4364.9063096266655,5264.9063096266655,-0.050760303,0.16428109
608,0.22984108471404416,-3653.6405488693254,4553.640548869325,-0.048582558,0.20675018
609,0.2292976508062438,-3637.7423334976975,4537.7423334976975,-0.048583977,0.1989529
610,0.2287555602343014,-5278.1596088373,6178.1596088373,-0.044265784,0.14576736
611,0.22821480967757168,-4545.110578248047,5445.110578248047,-0.045663387,0.13264634
612,0.22767539582361784,-6717.001376999089,7617.001376999089,-0.05329287,0.080540106
613,0.2271373153681912,-5760.760499578449,6660.760499578449,-0.051652156,0.16907662
614,0.226600565015211,-2518.661176904828,3418.661176904828,-0.050799396,0.22946179
615,0.22606514147674417,-5373.474321250114,6273.474321250114,-0.04464531,0.120890945
616,0.2255310414729852,-5056.561701467056,5956.561701467056,-0.05673417,0.07482886
617,0.22499826173223614,-4692.194253796941,5592.194253796941,-0.044135977,0.10648999
618,0.22446679899088634,-3669.363512379523,4569.363512379523,-0.05651342,0.19039327
619,0.22393664999339277,-5146.941481238415,6046.941481238415,-0.050079066,0.12378956
620,0.22340781149225977,-4867.960771043616,5767.960771043616,-0.04428649,0.12954587
621,0.22288028024801937,-6191.594808296877,7091.594808296877,-0.05320715,0.087054975
622,0.22235405302921132,-3687.37851342301,4587.37851342301,-0.06086151,0.17074107
623,0.22182912661236337,-4515.043297380445,5415.043297380445,-0.053130798,0.17768131
624,0.2213054977819715,-3859.5060115757396,4759.50601157574,-0.04954787,0.079781406
625,0.22078316333048023,-4246.461277640153,5146.461277640153,-0.047144376,0.09150406
626,0.22026212005826296,-4050.9227206163123,4950.922720616312,-0.054922,0.069999516
627,0.21974236477360232,-3967.44722602153,4867.44722602153,-0.05692715,0.06793608
628,0.21922389429267075,-5781.074368016623,6681.074368016623,-0.049286023,0.068893425
629,0.21870670543951087,-5062.578160719985,5962.578160719985,-0.05253236,0.14869429
630,0.21819079504601616,-5209.653876171526,6109.653876171526,-0.056149576,0.12721205
631,0.21767615995191134,-5450.10654415297,6350.10654415297,-0.06295376,0.14712122
632,0.2171627970047332,-4757.349894718309,5657.349894718309,-0.055752657,0.098362416
633,0.21665070305981127,-5522.575852241296,6422.575852241296,-0.06458476,0.107120045
634,0.21613987498024842,-5382.939332124373,6282.939332124373,-0.0630209,0.1270375
635,0.21563030963690188,-3413.595591352375,4313.595591352375,-0.06969146,0.113867104
636,0.21512200390836375,-4845.602478096871,5745.602478096871,-0.06407595,0.15156052
637,0.21461495468094224,-6214.22820974023,7114.22820974023,-0.062607236,0.033187922
638,0.21410915884864234,-5787.100907125158,6687.100907125158,-0.056606133,0.14471671
639,0.2136046133131468,-4550.669168446018,5450.669168446018,-0.0635715,0.18571334
640,0.2131013149837974,-4573.80339667642,5473.80339667642,-0.06885766,0.19853479
641,0.21259926077757565,-5660.689940807577,6560.689940807577,-0.06596822,0.06729228
642,0.2120984476190842,-4652.188263085726,5552.188263085726,-0.0714226,0.20367175
643,0.21159887244052794,-4807.714203276894,5707.714203276894,-0.06451278,0.13909747
644,0.21110053218169503,-4900.99772726606,5800.99772726606,-0.06759567,0.11697862
645,0.2106034237899384,-5792.037921018426,6692.037921018426,-0.06744466,0.07948054
646,0.21010754422015696,-4767.474563199012,5667.474563199012,-0.060527556,0.1064024
647,0.20961289043477674,-3561.620288968942,4461.620288968942,-0.065334804,0.15704197
648,0.2091194594037327,-6374.662411125969,7274.662411125969,-0.06727411,0.101917624
649,0.2086272481044498,-3271.6292189646065,4171.6292189646065,-0.07279332,0.21860313
650,0.20813625352182463,-4259.968414344755,5159.968414344755,-0.062930055,0.08953804
651,0.20764647264820701,-4077.388106853128,4977.388106853128,-0.068419196,0.045264028
652,0.20715790248338145,-5187.3363203365525,6087.3363203365525,-0.0760076,0.15097122
653,0.2066705400345488,-5827.850503052904,6727.850503052904,-0.061608348,0.100459196
654,0.2061843823163079,-5122.247117732474,6022.247117732474,-0.069446556,0.08675338
655,0.2056994263506374,-4502.778276867598,5402.778276867598,-0.07141742,0.1597583
656,0.20521566916687736,-5212.938710860607,6112.938710860607,-0.06584848,0.038408794
657,0.2047331078017112,-5387.876970549521,6287.876970549521,-0.06815227,0.10613789
658,0.20425173929914744,-5502.456397919244,6402.456397919244,-0.07816136,0.029420752
659,0.20377156071050162,-5301.088094055661,6201.088094055661,-0.08267224,0.121206135
660,0.20329256909437832,-3721.750270767575,4621.750270767575,-0.0734376,0.11827933
661,0.20281476151665298,-4583.705813303452,5483.705813303452,-0.07733171,0.1976797
662,0.20233813505045406,-4899.79289456893,5799.79289456893,-0.08383648,0.059240513
663,0.20186268677614513,-5074.581771477254,5974.581771477254,-0.0721683,0.10443722
664,0.2013884137813068,-4949.428428797125,5849.428428797125,-0.07604433,0.119656906
665,0.2009153131607191,-4092.972022941459,4992.972022941459,-0.07906512,0.14201705
666,0.20044338201634357,-3799.032266111926,4699.032266111926,-0.07339317,0.080632105
667,0.19997261745730552,-4674.179200254865,5574.179200254865,-0.080546245,0.12261564
668,0.19950301659987627,-5659.380573919395,6559.380573919395,-0.086160846,0.122627735
669,0.19903457656745568,-4563.881040194132,5463.881040194132,-0.085160814,0.14827625
670,0.19856729449055424,-3898.4936722949224,4798.493672294922,-0.08050041,0.11173385
671,0.1981011675067758,-3814.377487384264,4714.377487384264,-0.080975436,0.18312582
672,0.19763619276079974,-3976.786237009541,4876.786237009541,-0.08040849,0.07707405
673,0.19717236740436367,-4288.103415214138,5188.103415214138,-0.08680068,0.16688654
674,0.19670968859624596,-5195.340607028309,6095.340607028309,-0.09059719,0.16338822
675,0.19624815350224828,-3886.9238311630797,4786.92383116308,-0.08878669,0.10216858
676,0.1957877592951783,-4025.2549705399733,4925.254970539973,-0.08916159,0.08163367
677,0.1953285031548323,-5540.486938313893,6440.486938313893,-0.08942131,0.14482574
678,0.19487038226797793,-5966.920492608745,6866.920492608745,-0.085658565,0.103698604
679,0.19441339382833703,-4759.321519849377,5659.321519849377,-0.090355046,0.09270471
680,0.19395753503656837,-2939.3470972020555,3839.3470972020555,-0.09193102,0.08810442
681,0.19350280310025048,-5702.665101054735,6602.665101054735,-0.09527365,0.05416751
682,0.19304919523386463,-3602.9822392022597,4502.98223920226,-0.09223569,0.21452749
683,0.19259670865877773,-4730.07611436068,5630.07611436068,-0.084415756,0.12092037
684,0.19214534060322525,-5564.290948520832,6464.290948520832,-0.09113046,0.06581727
685,0.19169508830229437,-3956.487820351471,4856.487820351471,-0.09313991,0.21617505
686,0.19124594899790692,-4096.939488389509,4996.939488389509,-0.09058733,0.13594097
687,0.19079791993880257,-4082.976402436613,4982.976402436613,-0.09869798,0.040015403
688,0.19035099838052186,-3587.857913873444,4487.857913873444,-0.09811407,0.16602369
689,0.18990518158538958,-3643.675864877833,4543.675864877833,-0.09956854,0.22756042
690,0.18946046682249776,-5104.480509342056,6004.480509342056,-0.09603618,0.11559655
691,0.18901685136768925,-4860.577823357913,5760.577823357913,-0.10644116,0.04643207
692,0.18857433250354064,-4208.055368692626,5108.055368692626,-0.10436381,0.10777728
693,0.18813290751934594,-4268.42250926954,5168.42250926954,-0.10470877,0.18490268
694,0.1876925737110999,-5184.653559055705,6084.653559055705,-0.10511716,0.048144463
695,0.18725332838148132,-2757.1196333938487,3657.1196333938487,-0.10723063,0.0837565
696,0.18681516883983665,-4619.720370791004,5519.720370791004,-0.101208836,0.06288242
697,0.18637809240216352,-5480.712386377023,6380.712386377023,-0.10917893,0.13100396
698,0.18594209639109419,-5056.264377583381,5956.264377583381,-0.10679432,0.09370949
699,0.18550717813587922,-4138.165871633841,5038.165871633841,-0.11109247,0.13098492
700,0.1850733349723711,-6708.889774005809,7608.889774005809,-0.11691624,0.12138004
701,0.18464056424300798,-5837.59310377921,6737.59310377921,-0.10454273,0.11832986
702,0.18420886329679728,-3007.4534836313983,3907.4534836313983,-0.1051712,0.17008421
703,0.18377822948929956,-6511.7984702782105,7411.7984702782105,-0.10388252,0.060927242
704,0.18334866018261226,-4627.81700096472,5527.81700096472,-0.11308971,0.16455403
705,0.18292015274535353,-2888.2766840120357,3788.2766840120357,-0.113753974,0.13003576
706,0.18249270455264618,-3632.135262559633,4532.135262559633,-0.115516946,0.19917682
707,0.18206631298610151,-4759.975069134945,5659.975069134945,-0.11327002,0.16384482
708,0.1816409754338034,-5427.573050112441,6327.573050112441,-0.11751463,0.093030594
709,0.1812166892902921,-5158.411970168282,6058.411970168282,-0.116970085,0.1575798
710,0.18079345195654858,-6431.435218399285,7331.435218399285,-0.12472214,0.056792784
711,0.1803712608399782,-4386.620782461117,5286.620782461117,-0.11208503,0.1275702
712,0.17995011335439529,-5002.35248828232,5902.35248828232,-0.113287695,0.107669435
713,0.1795300069200069,-4113.29265652919,5013.29265652919,-0.12068919,0.05675123
714,0.17911093896339725,-5606.165392615197,6506.165392615197,-0.11891559,0.18081655
715,0.17869290691751188,-4645.206499115059,5545.206499115059,-0.117980905,0.1006816
716,0.178275908221642,-4675.651197640216,5575.651197640216,-0.114892125,0.08021757
717,0.17785994032140853,-5166.553250332559,6066.553250332559,-0.12450082,0.067298755
718,0.17744500066874694,-3615.0275454667963,4515.027545466796,-0.12560439,0.100947574
719,0.17703108672189113,-4858.575889986595,5758.575889986595,-0.12237421,0.16247177
720,0.17661819594535824,-5150.424690384604,6050.424690384604,-0.1230002,0.17105672
721,0.17620632580993287,-5239.237855287956,6139.237855287956,-0.1237499,0.1024937
722,0.17579547379265176,-3839.8853081448233,4739.885308144823,-0.13292219,0.11554069
723,0.17538563737678822,-4811.183027945096,5711.183027945096,-0.11450557,0.1387788
724,0.17497681405183685,-3587.8107480087156,4487.810748008716,-0.13134408,0.083800696
725,0.17456900131349787,-4586.485539700386,5486.485539700386,-0.1394646,0.16330452
726,0.17416219666366217,-5666.9110672515,6566.9110672515,-0.120957,0.066316135
727,0.1737563976103957,-4379.169858622483,5279.169858622483,-0.13168174,0.16229486
728,0.17335160166792446,-3048.3481677255413,3948.3481677255413,-0.13048288,0.15495461
729,0.17294780635661897,-4673.472926028193,5573.472926028193,-0.13053387,0.053465903
730,0.1725450092029793,-4010.381959978251,4910.381959978251,-0.13474733,0.20452863
731,0.1721432077396199,-4693.673196182017,5593.673196182017,-0.13030042,0.18275999
732,0.1717423995052544,-5301.368617337679,6201.368617337679,-0.13406456,0.13665882
733,0.17134258204468067,-3606.23392910209,4506.23392910209,-0.11654582,0.06068799
734,0.1709437529087656,-4507.2266936639,5407.2266936639,-0.14294264,0.18213806
735,0.17054590965443017,-5772.191034748531,6672.191034748531,-0.12902285,0.04629683
736,0.1701490498446346,-3365.4165676354687,4265.416567635469,-0.14332946,0.21046266
737,0.16975317104836324,-6445.219858285771,7345.219858285771,-0.13934122,0.10222435
738,0.16935827084060984,-4269.940070282021,5169.940070282021,-0.14412257,0.029973136
739,0.16896434680236255,-4088.5962113379264,4988.596211337926,-0.14175402,0.04873942
740,0.16857139652058922,-3870.5942823542655,4770.5942823542655,-0.1410534,0.05676756
741,0.16817941758822252,-3685.0872748622314,4585.087274862231,-0.1472397,0.17895469
742,0.16778840760414535,-5624.02031470779,6524.02031470779,-0.1540191,0.14242125
743,0.16739836417317586,-4934.822901960536,5834.822901960536,-0.14936426,0.15241164
744,0.1670092849060531,-4490.959515013173,5390.959515013173,-0.14504746,0.17663963
745,0.16662116741942215,-3734.3503593871455,4634.3503593871455,-0.156323,0.11562465
746,0.1662340093358196,-4060.000770049979,4960.000770049979,-0.14495553,0.04273995
747,0.16584780828365905,-5688.229432004988,6588.229432004988,-0.1562585,0.064513184
748,0.16546256189721645,-4911.091581869532,5811.091581869532,-0.15719453,0.09205762
749,0.1650782678166157,-5296.233567860342,6196.233567860342,-0.15698458,0.17206919
750,0.16469492368781413,-4934.375053309985,5834.375053309985,-0.15962811,0.03859699
751,0.1643125271625882,-4529.227820493152,5429.227820493152,-0.16028659,0.09301422
752,0.16393107589851902,-4034.34763344327,4934.34763344327,-0.1672593,0.102341786
753,0.16355056755897796,-3137.704805132273,4037.704805132273,-0.15868323,0.16888033
754,0.16317099981311245,-4000.7571849325886,4900.757184932589,-0.17437303,0.14066991
755,0.16279237033583163,-4471.0930682694425,5371.0930682694425,-0.17323874,0.14025885
756,0.16241467680779212,-5530.762207686654,6430.762207686654,-0.16972059,0.025552738
757,0.16203791691538383,-4663.072941342074,5563.072941342074,-0.16954927,0.16843829
758,0.16166208835071572,-5058.308145020759,5958.308145020759,-0.18835284,0.13047451
759,0.16128718881160184,-4652.3083916427895,5552.3083916427895,-0.16567962,0.11421586
760,0.160913216001547,-4620.926143718352,5520.926143718352,-0.16085963,0.060054064
761,0.1605401676297328,-4761.682887098524,5661.682887098524,-0.17813557,0.03704756
762,0.16016804141100366,-4333.610744989461,5233.610744989461,-0.17679946,0.07004964
763,0.1597968350658528,-4051.7289963762796,4951.72899637628,-0.16605124,0.17927451
764,0.1594265463204081,-5965.685869160003,6865.685869160003,-0.18034151,0.15581232
765,0.15905717290641846,-4917.749608743058,5817.749608743058,-0.18448128,0.04358986
766,0.1586887125612397,-5294.874124652355,6194.874124652355,-0.18470371,0.15065548
767,0.1583211630278208,-4450.386793813256,5350.386793813256,-0.17189625,0.058531445
768,0.1579545220546899,-4334.260581668289,5234.260581668289,-0.17094323,0.0709499
769,0.15758878739594084,-3371.1726457427612,4271.172645742761,-0.18404168,0.21013753
770,0.1572239568112191,-5304.915852838148,6204.915852838148,-0.18101381,0.049037933
771,0.15686002806570812,-3791.852067791391,4691.852067791391,-0.19875136,0.056225825
772,0.1564969989301158,-3698.5824552202357,4598.582455220236,-0.19103338,0.03945016
773,0.1561348671806606,-4260.680201014404,5160.680201014404,-0.18885458,0.19708593
774,0.1557736305990582,-6060.887832024668,6960.887832024668,-0.19860846,0.12320314
775,0.15541328697250753,-6327.28226222967,7227.28226222967,-0.19311802,0.123999454
776,0.15505383409367757,-5121.486247494521,6021.486247494521,-0.19850256,0.066074945
777,0.15469526976069364,-4607.413059478617,5507.413059478617,-0.19049345,0.15423769
778,0.15433759177712403,-5969.394108630702,6869.394108630702,-0.19080615,0.09975491
779,0.15398079795196634,-5265.561518478876,6165.561518478876,-0.20687841,0.03388067
780,0.15362488609963437,-4795.4196979695735,5695.4196979695735,-0.19662768,0.11804084
781,0.1532698540399444,-5107.940019967562,6007.940019967562,-0.2002739,0.15891257
782,0.15291569959810206,-6130.559360418905,7030.559360418905,-0.20457448,0.072705805
783,0.15256242060468897,-4428.694976458168,5328.694976458168,-0.20264791,0.056579646
784,0.1522100148956494,-4478.157280023358,5378.157280023358,-0.18342501,0.12444211
785,0.151858480312277,-6145.512921213164,7045.512921213164,-0.17649704,0.03474055
786,0.15150781470120162,-4297.613290969967,5197.613290969967,-0.22394659,0.17176251
787,0.15115801591437616,-5265.773522007605,6165.773522007605,-0.21177043,0.121056065
788,0.15080908180906336,-5035.922122556495,5935.922122556495,-0.23776086,0.15997554
789,0.15046101024782263,-4272.695661611428,5172.695661611428,-0.23807901,0.19204235
790,0.15011379909849695,-5169.682320870306,6069.682320870306,-0.23137538,0.16506594
791,0.14976744623420005,-4331.431747061175,5231.431747061175,-0.23878363,0.0904261
792,0.149421949533303,-4801.797669630942,5701.797669630942,-0.2204192,0.0896845
793,0.14907730687942156,-4582.957256351532,5482.957256351532,-0.22191325,0.050789963
794,0.14873351616140293,-3432.612893664016,4332.612893664016,-0.22933343,0.1759676
795,0.14839057527331306,-4892.2347101581245,5792.2347101581245,-0.227445,0.03865651
796,0.1480484821144236,-5682.370030307578,6582.370030307578,-0.22350685,0.1116886
797,0.14770723458919904,-4415.1750276405,5315.1750276405,-0.25383732,0.10883688
798,0.14736683060728398,-5324.047289690068,6224.047289690068,-0.25363263,0.04416243
799,0.14702726808349018,-4193.266288654691,5093.266288654691,-0.25699967,0.09728421
800,0.1466885449377839,-4219.495801388187,5119.495801388187,-0.24742188,0.18279064
801,0.14635065909527314,-3494.676702636678,4394.676702636678,-0.24415347,0.13478383
802,0.14601360848619485,-5061.55346914427,5961.55346914427,-0.24695538,0.16496482
803,0.14567739104590235,-4437.944652869425,5337.944652869425,-0.24562997,0.11408055
804,0.14534200471485265,-4117.482377056756,5017.482377056756,-0.23609677,0.15601291
805,0.14500744743859376,-5195.992469538267,6095.992469538267,-0.24417853,0.11078734
806,0.14467371716775226,-7199.454704224433,8099.454704224433,-0.26392987,0.05000073
807,0.1443408118580206,-4390.022028111506,5290.022028111506,-0.2591495,0.16271462
808,0.14400872947014468,-5765.281951859853,6665.281951859853,-0.26801258,0.0472575
809,0.14367746796991124,-4178.795254991865,5078.795254991865,-0.26565027,0.04583926
810,0.14334702532813554,-3812.3017380264373,4712.301738026437,-0.2679248,0.1532094
811,0.1430173995206488,-4285.150674608483,5185.150674608483,-0.24936977,0.121574126
812,0.14268858852828598,-3417.489931137572,4317.489931137572,-0.27615896,0.08007909
813,0.14236059033687315,-4245.51663641944,5145.51663641944,-0.26681814,0.08680241
814,0.1420334029372154,-4796.373077600037,5696.373077600037,-0.27494714,0.12845613
815,0.14170702432508434,-4650.28062639629,5550.28062639629,-0.27767295,0.06470616
816,0.14138145250120604,-4680.702332099501,5580.702332099501,-0.27057612,0.08128047
817,0.14105668547124853,-3444.9528507159976,4344.952850715998,-0.26704264,0.17170243
818,0.14073272124580977,-5720.4344415305695,6620.4344415305695,-0.28391382,0.14894758
819,0.14040955784040537,-5817.2333858673865,6717.2333858673865,-0.27907315,0.10696188
820,0.14008719327545652,-6378.784406602392,7278.784406602392,-0.28309634,0.16126932
821,0.13976562557627772,-5321.00032053198,6221.00032053198,-0.300321,0.17467643
822,0.13944485277306493,-4725.271302965272,5625.271302965272,-0.28055987,0.045717597
823,0.1391248729008831,-5929.076126228138,6829.076126228138,-0.31530115,0.039800584
824,0.13880568399965465,-4345.628531832151,5245.628531832151,-0.29527467,0.09489946
825,0.13848728411414699,-4310.220116845068,5210.220116845068,-0.315296,0.13132168
826,0.13816967129396085,-5624.6571741066255,6524.6571741066255,-0.3094498,0.09015043
827,0.1378528435935182,-5274.249277709219,6174.249277709219,-0.33506212,0.14789528
828,0.1375367990720504,-4547.816543820687,5447.816543820687,-0.28683326,0.05304455
829,0.13722153579358623,-4875.043940799696,5775.043940799696,-0.3204123,0.066735536
830,0.13690705182694005,-7165.1797638372045,8065.1797638372045,-0.32200703,0.040082086
831,0.13659334524570005,-6013.834518212439,6913.834518212439,-0.2958507,0.030750368
832,0.13628041412821634,-4295.60308654813,5195.60308654813,-0.31078255,0.07614757
833,0.13596825655758935,-3948.3991456467156,4848.399145646716,-0.33051595,0.03654192
834,0.1356568706216578,-5392.548562705034,6292.548562705034,-0.3363462,0.10016315
835,0.13534625441298725,-5804.728925955611,6704.728925955611,-0.33515576,0.17246611
836,0.13503640602885839,-4403.839707616979,5303.839707616979,-0.31535622,0.12253324
837,0.13472732357125514,-5576.005390686541,6476.005390686541,-0.33665907,0.07813265
838,0.13441900514685343,-5629.897770802664,6529.897770802664,-0.30973136,0.10707569
839,0.13411144886700913,-3746.162903796534,4646.162903796534,-0.34731105,0.054943584
840,0.13380465284774684,-4383.100471684939,5283.100471684939,-0.36105627,0.20616472
841,0.13349861520974834,-6357.951813832897,7257.951813832897,-0.35768083,0.09303346
842,0.1331933340783408,-4822.981141173511,5722.981141173511,-0.33735973,0.048529793
843,0.13288880758348554,-3937.7008386580837,4837.700838658084,-0.34438857,0.19725946
844,0.13258503385976647,-4622.01523052155,5522.01523052155,-0.3309073,0.17654978
845,0.1322820110463788,-4968.661728641697,5868.661728641697,-0.3535261,0.12351917
846,0.13197973728711743,-4283.810619155482,5183.810619155482,-0.34416237,0.11210604
847,0.13167821073036567,-5564.7938906155505,6464.7938906155505,-0.37550396,0.14686684
848,0.131377429529084,-4832.388022870948,5732.388022870948,-0.35736334,0.14027275
849,0.13107739184079858,-4171.924227369259,5071.924227369259,-0.36646944,0.1962339
850,0.13077809582759023,-4003.6540680990856,4903.654068099086,-0.3493828,0.14260894
851,0.13047953965608275,-4103.182074457464,5003.182074457464,-0.36034936,0.0716529
852,0.13018172149743212,-5077.672363013051,5977.672363013051,-0.39935994,0.057306364
853,0.12988463952731505,-5284.18591929114,6184.18591929114,-0.37798503,0.08819817
854,0.12958829192591784,-4428.146715259257,5328.146715259257,-0.3945843,0.148235
855,0.1292926768779253,-4911.423660129857,5811.423660129857,-0.38287562,0.13845187
856,0.1289977925725096,-4666.239699614726,5566.239699614726,-0.41056922,0.1704557
857,0.12870363720331912,-4293.8954561149585,5193.8954561149585,-0.37004936,0.12866753
858,0.12841020896846744,-3772.73468219205,4672.73468219205,-0.3703292,0.029306613
859,0.12811750607052239,-5670.521133797498,6570.521133797498,-0.42098677,0.10570076
860,0.12782552671649478,-5385.42028562715,6285.42028562715,-0.38577846,0.14280806
861,0.12753426911782767,-4164.58327390277,5064.58327390277,-0.38926318,0.15417115
862,0.12724373149038537,-4261.4538027029175,5161.4538027029175,-0.42014644,0.0855036
863,0.1269539120544424,-5011.324073370394,5911.324073370394,-0.40787622,0.13168663
864,0.12666480903467267,-4003.509518115293,4903.509518115293,-0.40719196,0.07943708
865,0.12637642066013857,-6764.152298363533,7664.152298363533,-0.40805897,0.06858824
866,0.1260887451642802,-4578.371020182261,5478.371020182261,-0.40624815,0.05865489
867,0.1258017807849044,-4725.116673187125,5625.116673187125,-0.44059384,0.04713869
868,0.12551552576417416,-4796.030873370439,5696.030873370439,-0.41729397,0.058186147
869,0.12522997834859761,-4921.314549210773,5821.314549210773,-0.44846064,0.19391419
870,0.1249451367890175,-5045.094861432341,5945.094861432341,-0.4453017,0.12717995
871,0.12466099934060038,-5256.145609673462,6156.145609673462,-0.4489676,0.034419753
872,0.12437756426282587,-5146.456792771562,6046.456792771562,-0.45848805,0.083258905
873,0.1240948298194761,-3650.9987715564566,4550.998771556457,-0.46643406,0.21031202
874,0.12381279427862502,-6013.200705923145,6913.200705923145,-0.42644057,0.103109695
875,0.12353145591262778,-4658.019787629159,5558.019787629159,-0.46200192,0.07733576
876,0.12325081299811017,-5519.804598975879,6419.804598975879,-0.4629937,0.13463882
877,0.12297086381595804,-4697.370416657362,5597.370416657362,-0.45506135,0.1418859
878,0.12269160665130685,-4383.168278046021,5283.168278046021,-0.45950046,0.1518385
879,0.12241303979353102,-6049.956652173495,6949.956652173495,-0.4636761,0.11927292
880,0.12213516153623358,-5368.366141237013,6268.366141237013,-0.45990616,0.06948564
881,0.12185797017723568,-5374.49275394934,6274.49275394934,-0.48220527,0.150927
882,0.12158146401856611,-5511.588175256087,6411.588175256087,-0.4758445,0.12656131
883,0.12130564136645097,-4639.769126391912,5539.769126391912,-0.46396694,0.17041245
884,0.12103050053130329,-5070.987062156837,5970.987062156837,-0.48327547,0.18846701
885,0.1207560398277126,-5230.004180480777,6130.004180480777,-0.48728678,0.09256661
886,0.12048225757443472,-3839.7482639939108,4739.748263993911,-0.46727765,0.12659381
887,0.12020915209438135,-5712.2475676785925,6612.2475676785925,-0.5249752,0.1520025
888,0.11993672171460991,-4948.515473717528,5848.515473717528,-0.5066097,0.07864575
889,0.11966496476631318,-4504.652863759446,5404.652863759446,-0.51020557,0.1559004
890,0.11939387958480917,-3655.804445464307,4555.804445464307,-0.5319673,0.15456541
891,0.11912346450953085,-4464.075378234507,5364.075378234507,-0.5465846,0.0855298
892,0.11885371788401604,-4694.419464949628,5594.419464949628,-0.5173062,0.1447312
893,0.11858463805589724,-5332.161017134602,6232.161017134602,-0.6023453,0.1678107
894,0.11831622337689145,-4712.362265141715,5612.362265141715,-0.533955,0.093312
895,0.11804847220279019,-3667.369980232048,4567.369980232048,-0.5473396,0.112076804
896,0.11778138289344932,-5652.215316761169,6552.215316761169,-0.5367291,0.06809644
897,0.11751495381277907,-5484.152414055399,6384.152414055399,-0.5124928,0.13030005
898,0.11724918332873395,-5262.507457070795,6162.507457070795,-0.5215697,0.12181474
899,0.11698406981330282,-5439.88111937892,6339.88111937892,-0.573946,0.040490456
900,0.1167196116424989,-4017.4912383758774,4917.491238375877,-0.5685015,0.14133434
901,0.11645580719634974,-4938.565721192013,5838.565721192013,-0.609379,0.15609068
902,0.11619265485888741,-5007.198274042909,5907.198274042909,-0.57023317,0.1903416
903,0.11593015301813857,-4894.387372592036,5794.387372592036,-0.59579307,0.14100085
904,0.11566830006611453,-4687.959692492556,5587.959692492556,-0.62777716,0.08797442
905,0.11540709439880151,-4010.3206657137443,4910.320665713744,-0.55892575,0.17619202
906,0.11514653441615072,-5581.735292405755,6481.735292405755,-0.61641246,0.15062281
907,0.1148866185220686,-4044.7019047947306,4944.701904794731,-0.65206057,0.08325362
908,0.11462734512440705,-4145.681263991142,5045.681263991142,-0.6234029,0.09536578
909,0.11436871263495361,-5898.239124764196,6798.239124764196,-0.63417447,0.14273496
910,0.1141107194694219,-4659.1418309422515,5559.1418309422515,-0.6514928,0.07432782
911,0.11385336404744167,-4160.765920384123,5060.765920384123,-0.6662159,0.1868386
912,0.11359664479254933,-5172.691051616994,6072.691051616994,-0.65146834,0.18136527
913,0.11334056013217818,-4489.1287336754685,5389.1287336754685,-0.657764,0.15480044
914,0.11308510849764883,-3497.7389282869362,4397.738928286936,-0.64355236,0.15348741
915,0.11283028832415956,-4512.362081315692,5412.362081315692,-0.6921683,0.14794116
916,0.11257609805077676,-4753.053782767869,5653.053782767869,-0.6867263,0.11876873
917,0.11232253612042531,-4702.4533850405,5602.4533850405,-0.72969615,0.20858863
918,0.11206960097987917,-4324.57638641555,5224.57638641555,-0.71930265,0.18635258
919,0.11181729107975168,-3600.0943429873314,4500.094342987331,-0.7458344,0.13470876
920,0.11156560487448623,-5065.744673366476,5965.744673366476,-0.73661935,0.12689473
921,0.11131454082234674,-5615.074133839569,6515.074133839569,-0.77934843,0.19627887
922,0.11106409738540818,-4302.839702110994,5202.839702110994,-0.7662417,0.19814125
923,0.11081427302954719,-3689.143107338883,4589.143107338883,-0.7075554,0.24557473
924,0.11056506622443266,-3936.531406099605,4836.531406099605,-0.8223006,0.20586422
925,0.11031647544351639,-4384.420175586081,5284.420175586081,-0.7841179,0.102760956
926,0.11006849916402368,-5029.080758287197,5929.080758287197,-0.8032293,0.12385098
927,0.10982113586694407,-4322.628620819914,5222.628620819914,-0.7969679,0.17477907
928,0.10957438403702201,-5464.769062706481,6364.769062706481,-0.80634505,0.1009983
929,0.10932824216274752,-4212.386912097777,5112.386912097777,-0.85949415,0.23246622
930,0.10908270873634701,-2890.0442010475786,3790.0442010475786,-0.83838755,0.18081062
931,0.10883778225377404,-4448.250353953163,5348.250353953163,-0.8627819,0.18702431
932,0.10859346121470004,-4989.766476097695,5889.766476097695,-0.8825568,0.17277162
933,0.1083497441225052,-3792.568982829236,4692.568982829236,-0.9233761,0.20956086
934,0.10810662948426922,-5339.388568474933,6239.388568474933,-0.89276,0.12999974
935,0.1078641158107623,-4771.068030383833,5671.068030383833,-0.9083112,0.22193615
936,0.10762220161643578,-4400.136391098587,5300.136391098587,-0.9623525,0.22706458
937,0.10738088541941328,-3748.2541108996093,4648.254110899609,-0.9911176,0.24497329
938,0.10714016574148152,-3777.1037232661447,4677.103723266145,-1.057611,0.24478768
939,0.1069000411080813,-2498.8550517996196,3398.8550517996196,-0.95022744,0.2805616
940,0.10666051004829838,-3723.5248359676516,4623.524835967652,-0.9616081,0.10495867
941,0.10642157109485459,-5269.927598561475,6169.927598561475,-1.0006703,0.17192358
942,0.10618322278409874,-6975.194643486462,7875.194643486462,-1.0783807,0.012085814
943,0.1059454636559977,-5213.755627876376,6113.755627876376,-1.0612631,0.17767993
944,0.1057082922541275,-4765.647922943783,5665.647922943783,-1.1182394,0.21017009
945,0.10547170712566432,-4151.358090473307,5051.358090473307,-1.082859,0.19575222
946,0.10523570682137563,-4480.838643820335,5380.838643820335,-1.1259567,0.1924735
947,0.10500028989561133,-4299.784402778184,5199.784402778184,-1.1339837,0.16058052
948,0.10476545490629488,-4295.4384750858535,5195.4384750858535,-1.1418697,0.17794211
949,0.10453120041491447,-3431.9408492817747,4331.940849281775,-1.1397854,0.22197168
950,0.10429752498651419,-3494.645987979604,4394.645987979604,-1.0946063,0.21859545
951,0.10406442718968528,-5074.142141310568,5974.142141310568,-1.2270964,0.21999018
952,0.10383190559655729,-4772.973320647697,5672.973320647697,-1.3279577,0.11548748
953,0.10359995878278944,-5099.639406212551,5999.639406212551,-1.2161853,0.14901383
954,0.10336858532756178,-4563.314626198638,5463.314626198638,-1.2890122,0.22216007
955,0.10313778381356659,-4437.073569126993,5337.073569126993,-1.2865255,0.20676522
956,0.1029075528269996,-7604.716472915457,8504.716472915457,-1.3109905,0.015183891
957,0.10267789095755141,-5182.119705212208,6082.119705212208,-1.3204956,0.15066089
958,0.10244879679839881,-5961.636059703422,6861.636059703422,-1.3157991,0.13162652
959,0.1022202689461962,-2779.3393512775137,3679.3393512775137,-1.4230076,0.1993419
960,0.1019923060010669,-3367.3897481353197,4267.38974813532,-1.4545275,0.15310545
961,0.10176490656659472,-4248.902022577717,5148.902022577717,-1.4363656,0.22662885
962,0.10153806924981526,-4864.313530763564,5764.313530763564,-1.4471524,0.21602288
963,0.1013117926612075,-4959.5211485517075,5859.5211485517075,-1.3863599,0.2179517
964,0.10108607541468516,-4458.608626875173,5358.608626875173,-1.4760674,0.11079694
965,0.10086091612758837,-6117.794954988069,7017.794954988069,-1.4923092,0.12737684
966,0.10063631342067504,-3302.4937077101204,4202.49370771012,-1.6324639,0.215402
967,0.10041226591811253,-5219.738605962725,6119.738605962725,-1.6465969,0.009992527
968,0.10018877224746915,-4152.657724037283,5052.657724037283,-1.5913599,0.12308233
969,0.09996583103970577,-3451.9222251344245,4351.9222251344245,-1.6280538,0.16845702
970,0.09974344092916748,-6024.057239128507,6924.057239128507,-1.541394,0.027696488
971,0.09952160055357516,-5864.2756027276055,6764.2756027276055,-1.5935048,0.040206715
972,0.09930030855401714,-4894.248908882317,5794.248908882317,-1.6348053,0.108028434
973,0.09907956357494097,-5152.510611432695,6052.510611432695,-1.8098152,0.13674325
974,0.09885936426414495,-4951.03209572731,5851.03209572731,-1.6787661,0.08461501
975,0.09863970927277002,-7616.493384006208,8516.493384006208,-1.7862418,0.0038949347
976,0.09842059725529137,-7546.455104294406,8446.455104294406,-1.7820166,0.017657092
977,0.09820202686951025,-3450.2551562062145,4350.255156206214,-1.9280597,0.028293103
978,0.0979839967765458,-6570.781160768569,7470.781160768569,-1.9724004,0.018248754
979,0.09776650564082671,-5909.3842700347805,6809.3842700347805,-2.0603182,0.015497544
980,0.0975495521300832,-7360.677680129178,8260.677680129178,-1.9920707,0.020393036
981,0.0973331349153387,-5704.835664254518,6604.835664254518,-2.0846672,0.0085460795
982,0.09711725267090185,-4394.460201857375,5294.460201857375,-2.1079907,0.060161132
983,0.0969019040743583,-7234.299005852606,8134.299005852606,-2.2222643,0.06897211
984,0.09668708780656264,-7736.652625248666,8636.652625248666,-2.300758,0.0059581567
985,0.0964728025516303,-6891.401255779929,7791.401255779929,-2.3620944,0.029063888
986,0.09625904699692947,-5948.745466113315,6848.745466113315,-2.397251,0.010467295
987,0.09604581983307313,-4052.468273629629,4952.468273629629,-2.4719265,0.026246391
988,0.09583311975391097,-3499.3069621712075,4399.3069621712075,-2.3314753,0.014138289
989,0.0956209454565214,-5041.202998153641,5941.202998153641,-2.3893466,0.011016978
990,0.09540929564120358,-4659.840426162621,5559.840426162621,-2.657063,0.02450089
991,0.09519816901146942,-6525.0866916582,7425.0866916582,-2.658219,0.01143536
992,0.09498756427403574,-4524.5427275404145,5424.5427275404145,-2.7111387,0.02369041
993,0.0947774801388162,-5123.4800195114,6023.4800195114,-2.861115,0.011707884
994,0.09456791531891355,-6647.384922693551,7547.384922693551,-2.912737,0.007882301
995,0.0943588685306116,-5889.300695420909,6789.300695420909,-2.7849321,0.017734632
996,0.09415033849336747,-6852.37626155167,7752.37626155167,-3.1079547,0.013662571
997,0.09394232392980373,-4640.531336231459,5540.531336231459,-3.244896,0.024786007
998,0.0937348235657005,-5556.474055154138,6456.474055154138,-3.1667738,0.021111898
999,0.09352783612998769,-5611.05299954767,6511.05299954767,-3.0596216,0.012451269
1000,0.09332136035473725,-4010.788267534371,4910.788267534371,-3.3912091,0.0105252145
1001,0.09311539497515538,-6087.728689281977,6987.728689281977,-3.1781898,0.018005855
1002,0.09290993872957476,-5028.903208921119,5928.903208921119,-3.4610016,0.02104265
1003,0.09270499035944683,-7899.139579306942,8799.139579306942,-3.6286433,0.028854864
1004,0.09250054860933407,-5649.759363171932,6549.759363171932,-3.6335568,0.018261684
1005,0.09229661222690237,-7258.0063728826,8158.0063728826,-3.7865007,0.010987973
1006,0.09209317996291327,-5199.084120954414,6099.084120954414,-3.376009,0.017785298
1007,0.0918902505712164,-6119.00955014256,7019.00955014256,-3.5426307,0.018740937
1008,0.09168782280874173,-5560.934077469463,6460.934077469463,-3.7650006,0.008640983
1009,0.0914858954354921,-5616.960656686713,6516.960656686713,-4.1985526,0.0091587715
1010,0.0912844672145355,-4989.731824299249,5889.731824299249,-4.080009,0.01936731
1011,0.09108353691199754,-5216.543521066028,6116.543521066028,-4.529752,0.021160182
1012,0.09088310329705392,-5968.104010683833,6868.104010683833,-4.348863,0.01547261
1013,0.09068316514192286,-6983.112969371055,7883.112969371055,-4.745656,0.014177221
1014,0.09048372122185756,-4944.5658655819025,5844.5658655819025,-4.178097,0.010057377
1015,0.09028477031513873,-5504.562396247346,6404.562396247346,-4.6981845,0.01023542
1016,0.09008631120306711,-5709.669778001166,6609.669778001166,-4.7934847,0.018957712
1017,0.08988834266995599,-6563.927526261246,7463.927526261246,-4.570778,0.013344378
1018,0.08969086350312373,-7360.370548598934,8260.370548598934,-5.084654,0.010026608
1019,0.08949387249288641,-7056.73494677754,7956.73494677754,-5.497761,0.028720401
1020,0.08929736843255036,-7241.226244893189,8141.226244893189,-5.7623644,0.019601278
1021,0.08910135011840475,-7026.589584756928,7926.589584756928,-5.703085,0.012720014
1022,0.08890581634971434,-6410.8997913690855,7310.8997913690855,-6.1775284,0.032165937
1023,0.08871076592871192,-6274.034521028855,7174.034521028855,-6.241293,0.015406639
1024,0.0885161976605912,-6955.799484261315,7855.799484261315,-6.614796,0.022845771
1025,0.08832211035349927,-7388.627401656453,8288.627401656453,-6.730737,0.016844587
1026,0.08812850281852945,-7036.81339498135,7936.81339498135,-6.131566,0.037132725
1027,0.08793537386971403,-6777.877182882625,7677.877182882625,-7.219816,0.04209903
1028,0.08774272232401688,-7060.338854618474,7960.338854618474,-6.4419827,0.010701936
1029,0.08755054700132625,-5615.109580109505,6515.109580109505,-7.181334,0.023762716
1030,0.08735884672444759,-6363.5294907884745,7263.5294907884745,-7.4612284,0.008797898
1031,0.0871676203190963,-7508.812524856623,8408.812524856623,-6.847518,0.02872746
1032,0.08697686661389052,-6987.844664482186,7887.844664482186,-7.9964833,0.030523544
1033,0.08678658444034401,-7488.655630913854,8388.655630913854,-8.375689,0.02727306
1034,0.0865967726328589,-7406.160633650623,8306.160633650623,-8.26196,0.022115916
1035,0.08640743002871867,-5250.09508186169,6150.09508186169,-8.678027,0.09339569
1036,0.08621855546808094,-4633.719359379031,5533.719359379031,-9.365916,0.07624377
1037,0.08603014779397038,-3874.967982033565,4774.967982033565,-9.810982,0.070117116
1038,0.08584220585227162,-7483.1736859727225,8383.173685972723,-9.223449,0.0059514455
1039,0.08565472849172225,-7496.253037497125,8396.253037497125,-9.956946,0.019791082
1040,0.08546771456390566,-5576.3734326335025,6476.3734326335025,-10.08906,0.019283637
1041,0.08528116292324409,-7110.642946137136,8010.642946137136,-10.858089,0.036108054
1042,0.08509507242699156,-3619.838628913687,4519.838628913687,-8.287331,0.041374207
1043,0.08490944193522686,-5381.995157135868,6281.995157135868,-10.747323,0.07747438
1044,0.08472427031084666,-5149.898605296416,6049.898605296416,-11.212116,0.08925105
1045,0.08453955641955845,-5419.495436450397,6319.495436450397,-11.991263,0.106718354
1046,0.0843552991298736,-5823.4203888999855,6723.4203888999855,-13.183695,0.025049577
1047,0.0841714973131005,-7263.9050621580955,8163.9050621580955,-12.256629,0.012334751
1048,0.08398814984333754,-7066.467436892443,7966.467436892443,-13.217657,0.027104778
1049,0.08380525559746634,-7449.454983780632,8349.454983780632,-14.413689,0.020143248
1050,0.08362281345514473,-7589.450307024945,8489.450307024945,-12.91975,0.020310879
1051,0.08344082229880001,-7313.596232122327,8213.596232122327,-15.324956,0.017844433
1052,0.08325928101362202,-7057.935425963305,7957.935425963305,-15.337133,0.02899013
1053,0.0830781884875564,-7670.096646512999,8570.096646512999,-15.144115,0.028452802
1054,0.08289754361129761,-7351.988278881996,8251.988278881996,-15.151073,0.03283738
1055,0.08271734527828237,-7065.689093521723,7965.689093521723,-13.609578,0.018943945
1056,0.08253759238468267,-7622.194394278926,8522.194394278926,-17.463923,0.029863993
1057,0.08235828382939915,-7447.567482617433,8347.567482617433,-18.401373,0.028803177
1058,0.08217941851405428,-7778.632024633011,8678.63202463301,-18.564215,0.018489398
1059,0.08200099534298563,-6693.080405701539,7593.080405701539,-19.63951,0.026833728
1060,0.08182301322323922,-7855.926323542524,8755.926323542524,-14.873463,0.015471106
1061,0.08164547106456278,-7770.735463058927,8670.735463058927,-20.344881,0.018492818
1062,0.08146836777939906,-7179.8672669199095,8079.8672669199095,-20.313442,0.0066762036
1063,0.0812917022828792,-7077.058759525616,7977.058759525616,-22.27985,0.0149004795
1064,0.08111547349281606,-7201.565869345024,8101.565869345024,-18.575329,0.034868818
1065,0.0809396803296976,-7294.269015061665,8194.269015061665,-21.012972,0.017693961
1066,0.0807643217166803,-7580.6391349335845,8480.639134933585,-17.910128,0.012287103
1067,0.08058939657958247,-7344.880031429815,8244.880031429815,-22.31065,0.030448366
1068,0.08041490384687781,-7461.680763450897,8361.680763450897,-22.30592,0.016789079
1069,0.08024084244968871,-7465.8508726095715,8365.850872609572,-24.67596,0.025961548
1070,0.08006721132177978,-7246.928817594601,8146.928817594601,-23.68146,0.0257333
1071,0.07989400939955128,-7496.573134177172,8396.573134177172,-26.734447,0.02516046
1072,0.07972123562203268,-7260.368401162798,8160.368401162798,-14.014893,0.029005947
1073,0.07954888893087604,-6257.64986316299,7157.64986316299,-27.932934,0.021861322
1074,0.07937696827034965,-7026.15654914754,7926.15654914754,-31.742962,0.028710013
1075,0.07920547258733145,-7648.055159236583,8548.055159236583,-29.6111,0.008842448
1076,0.07903440083130267,-7106.0291436447815,8006.0291436447815,-19.796276,0.027233977
1077,0.07886375195434134,-7457.197011644059,8357.197011644059,-27.363098,0.03164633
1078,0.0786935249111159,-7283.0917966981015,8183.0917966981015,-27.359596,0.022651725
1079,0.07852371865887882,-7352.456000431004,8252.456000431004,-25.791965,0.012677424
1080,0.0783543321574601,-7397.78493360195,8297.78493360195,-19.464548,0.007775582
1081,0.07818536436926106,-7475.73460142847,8375.73460142847,-24.500345,0.012168836
1082,0.07801681425924782,-7647.578632645396,8547.578632645396,-19.875107,0.013489788
1083,0.07784868079494513,-7544.38182916006,8444.38182916006,-31.618647,0.018124934
1084,0.0776809629464299,-7696.481826844989,8596.481826844989,-21.937412,0.021364467
1085,0.07751365968632494,-6975.962321651959,7875.962321651959,-34.18827,0.020094976
1086,0.0773467699897927,-7552.563194939954,8452.563194939954,-19.581024,0.028528657
1087,0.07718029283452897,-7861.859539567051,8761.85953956705,-30.166775,0.010681919
1088,0.07701422720075661,-7123.345922907749,8023.345922907749,-35.050915,0.019896759
1089,0.0768485720712193,-7154.849067773874,8054.849067773874,-32.584766,0.015238954
1090,0.07668332643117531,-7180.394208878843,8080.394208878843,-28.153233,0.018943153
1091,0.07651848926839132,-7525.2574402562295,8425.25744025623,-30.091492,0.009140688
1092,0.07635405957313614,-7040.3848771424655,7940.3848771424655,-49.16169,0.029330032
1093,0.07619003633817462,-6891.151806984544,7791.151806984544,-43.81066,0.049172476
1094,0.07602641855876141,-7486.980283984009,8386.980283984009,-19.335415,0.017458284
1095,0.07586320523263486,-6979.843519476586,7879.843519476586,7.5310135,0.014910424
1096,0.0757003953600108,-7336.030994781282,8236.030994781282,-36.928406,0.026234532
1097,0.07553798794357651,-7304.399876317162,8204.399876317162,67.36601,0.01653584
1098,0.07537598198848455,-7359.306711035006,8259.306711035006,-40.46895,0.02042791
1099,0.07521437650234669,-7269.62652206211,8169.62652206211,-15.58728,0.025981836
1100,0.07505317049522782,-7822.442938792794,8722.442938792794,-12.453217,0.009721655
1101,0.07489236297963986,-6755.072452985078,7655.072452985078,38.77854,0.014948353
1102,0.07473195297053581,-6778.4235109519395,7678.4235109519395,-35.99746,0.01640233
1103,0.07457193948530359,-7889.438847887643,8789.438847887643,18.440575,0.012815145
1104,0.07441232154376008,-7134.95515981962,8034.95515981962,67.52774,0.026209183
1105,0.07425309816814515,-7175.550380210685,8075.550380210685,-30.269073,0.020703014
1106,0.07409426838311561,-7395.035395925073,8295.035395925073,148.60857,0.023310423
1107,0.07393583121573924,-7146.598623430405,8046.598623430405,-49.033928,0.025706835
1108,0.07377778569548889,-7419.714513783796,8319.714513783796,-52.581154,0.016111052
1109,0.07362013085423645,-7376.308018551466,8276.308018551466,10.380882,0.021049695
1110,0.07346286572624704,-7305.262528900086,8205.262528900086,34.291946,0.029078271
1111,0.07330598934817292,-7490.399815584642,8390.399815584642,-46.591255,0.04260692
1112,0.07314950075904776,-6835.939737112623,7735.939737112623,121.645645,0.020461021
1113,0.07299339900028065,-7034.36431259634,7934.36431259634,167.78589,0.03169491
1114,0.0728376831156503,-7355.872877919361,8255.87287791936,48.988266,0.029786343
1115,0.07268235215129905,-7452.493964989058,8352.493964989058,65.81401,0.02679064
1116,0.0725274051557272,-7645.818591514651,8545.818591514651,97.688675,0.021873536
1117,0.07237284117978707,-7185.7765533168595,8085.7765533168595,166.21744,0.037151083
1118,0.07221865927667723,-7238.924642300494,8138.924642300494,91.58325,0.012791848
1119,0.07206485850193667,-7135.07951640743,8035.07951640743,216.27573,0.032669336
1120,0.07191143791343906,-6724.273904540363,7624.273904540363,78.006744,0.028422205
1121,0.0717583965713869,-7418.003697268967,8318.003697268967,1.5534668,0.026443986
1122,0.07160573353830585,-6504.517118479045,7404.517118479045,125.08249,0.033295758
1123,0.07145344787903896,-7638.964399257593,8538.964399257593,146.47876,0.009129573
1124,0.07130153866074088,-7448.991441689639,8348.991441689639,589.7335,0.016251579
1125,0.07115000495287224,-7558.893591952834,8458.893591952834,259.0908,0.019388428
1126,0.07099884582719392,-7565.73749587961,8465.73749587961,377.99515,0.0061512883
1127,0.07084806035776128,-7178.413097355617,8078.413097355617,335.852,0.025064131
1128,0.07069764762091867,-7433.234216747194,8333.234216747194,537.3431,0.012995249
1129,0.07054760669529356,-7849.537882345136,8749.537882345136,84.32559,0.021302225
1130,0.07039793666179102,-7504.478082960004,8404.478082960004,-29.286667,0.021808498
1131,0.07024863660358813,-7366.8097059523025,8266.809705952302,230.64706,0.029779453
1132,0.07009970560612822,-7387.987798014641,8287.987798014641,365.98975,0.016686894
1133,0.06995114275711538,-7460.50463013383,8360.50463013383,521.2784,0.01198718
1134,0.06980294714650886,-7108.094182161948,8008.094182161948,334.75308,0.01867188
1135,0.06965511786651746,-7833.17822042152,8733.17822042152,35.91568,0.007989191
1136,0.06950765401159399,-7201.706941840921,8101.706941840921,2204.3284,0.013623961
1137,0.06936055467842968,-6651.006939987086,7551.006939987086,1096.2496,0.0251205
1138,0.06921381896594875,-7252.188879042296,8152.188879042296,985.3623,0.017674487
1139,0.06906744597530279,-6833.353817116254,7733.353817116254,825.8412,0.018644597
1140,0.06892143480986526,-6886.457503228279,7786.457503228279,851.98376,0.026156802
1141,0.0687757845752261,-6802.475908748243,7702.475908748243,1167.7388,0.04652125
1142,0.06863049437918611,-7091.587920111715,7991.587920111715,489.8654,0.009203502
1143,0.06848556333175158,-7770.7030648798955,8670.703064879895,681.2766,0.01761828
1144,0.06834099054512884,-6846.158179423519,7746.158179423519,1659.6951,0.043540865
1145,0.0681967751337187,-7605.230616638524,8505.230616638524,2443.2205,0.016825259
1146,0.06805291621411125,-6994.436402977642,7894.436402977642,608.94965,0.010106363
1147,0.0679094129050802,-7514.448903881099,8414.448903881099,1220.9902,0.018749647
1148,0.06776626432757765,-7499.853447095946,8399.853447095946,641.0692,0.010093566
1149,0.06762346960472865,-7243.828850125719,8143.828850125719,4768.965,0.02510453
1150,0.06748102786182585,-7598.046988324646,8498.046988324646,1053.0973,0.028654423
1151,0.06733893822632407,-7231.950762525437,8131.950762525437,1909.6931,0.027039487
1152,0.06719719982783506,-6436.850349553298,7336.850349553298,1353.252,0.025276965
1153,0.0670558117981221,-7089.2618505255205,7989.2618505255205,1036.9095,0.019006023
1154,0.0669147732710947,-7536.785996651624,8436.785996651624,1236.7754,0.018110353
1155,0.06677408338280329,-7359.885364762424,8259.885364762424,3182.3816,0.029221408
1156,0.06663374127143393,-7343.158158277256,8243.158158277256,3195.3223,0.028094493
1157,0.06649374607730303,-6885.195554139586,7785.195554139586,2431.7373,0.02624771
1158,0.06635409694285209,-7631.440286887115,8531.440286887115,7211.884,0.02035164
1159,0.06621479301264246,-7450.612651073481,8350.612651073481,3876.3564,0.029563474
1160,0.06607583343335006,-7114.946443418206,8014.946443418206,5243.079,0.021828126
1161,0.06593721735376018,-7281.010734730552,8181.010734730552,2993.2173,0.024131676
1162,0.06579894392476227,-7074.58479118072,7974.58479118072,4343.2954,0.025214233
1163,0.06566101229934472,-7469.050106523471,8369.050106523471,1549.4392,0.01017837
1164,0.06552342163258967,-7631.836616040848,8531.836616040848,15199.848,0.017247045
1165,0.06538617108166789,-7266.64587229608,8166.64587229608,5760.804,0.012222622
1166,0.06524925980583353,-7369.043458867403,8269.043458867403,7133.658,0.017186053
1167,0.06511268696641903,-7263.331966911536,8163.331966911536,5182.1016,0.022760961
1168,0.06497645172682995,-7512.56942738096,8412.56942738096,15392.021,0.02581424
1169,0.0648405532525399,-7481.2182683391475,8381.218268339147,1402.5145,0.022634026
1170,0.06470499071108535,-6907.458170995303,7807.458170995303,8744.358,0.032788806
1171,0.06456976327206058,-7176.161962108026,8076.161962108026,10690.505,0.0116240475
1172,0.06443487010711259,-6998.756791957377,7898.756791957377,9723.716,0.028155273
1173,0.06430031038993601,-6970.829011528933,7870.829011528933,13591.413,0.036105335
1174,0.06416608329626806,-7179.278032904151,8079.278032904151,14264.681,0.013096519
1175,0.06403218800388348,-7111.07567164212,8011.07567164212,8789.611,0.025866335
1176,0.0638986236925895,-7553.826550235455,8453.826550235455,6946.364,0.009418596
1177,0.06376538954422081,-7428.02928830667,8328.02928830667,11169.853,0.018583547
1178,0.06363248474263457,-7224.6966153796075,8124.6966153796075,16139.689,0.032243337
1179,0.06349990847370537,-7251.869365977623,8151.869365977623,11631.716,0.028079228
1180,0.06336765992532033,-7737.741020540205,8637.741020540205,44992.59,0.020372525
1181,0.06323573828737399,-7474.990314791368,8374.990314791368,15056.967,0.016197091
1182,0.06310414275176346,-7379.347591884012,8279.347591884012,7634.4033,0.015408214
1183,0.06297287251238343,-7202.287374642028,8102.287374642028,17513.727,0.032203317
1184,0.06284192676512121,-7103.455608515535,8003.455608515535,43245.74,0.015851334
1185,0.06271130470785188,-7892.683429106357,8792.683429106357,50451.793,0.01721814
1186,0.06258100554043328,-7387.048144418481,8287.04814441848,60816.36,0.0062723393
1187,0.06245102846470115,-7207.07432849095,8107.07432849095,8958.641,0.016990552
1188,0.062321372684464284,-7268.683596319078,8168.683596319078,36369.926,0.012818239
1189,0.06219203740549956,-7748.522771007025,8648.522771007025,23092.975,0.010436939
1190,0.062063021835547176,-7701.437043741233,8601.437043741233,52215.25,0.015570011
1191,0.06193432518430572,-7165.864925293661,8065.864925293661,43037.336,0.020429855
1192,0.06180594666342737,-7333.605792645805,8233.605792645805,71307.35,0.0049672564
