0.0,159.13126,36.92687,9.157938,1.1754873,1.2163738,0.79088706,0.98866326,1.6410352,0.5292811,0.27419898,0.08167405,0.15373117,0.0,0.0,0.0,0.15550867,0.376254,0.04574399,0.013795307
0.0,0.0,0.0,0.0,0.0,0.0,0.0,0.0,0.0,0.0,0.0,0.0,0.0,0.0,0.0,0.0,0.0,0.0,0.0,0.0
0.0,1.5133992e-08,1452.5317,317.05164,41.22777,27.943184,13.728045,7.7792006,3.2783036,2.3771098,0.32475007,0.0,0.0,0.0,0.0,0.0,0.0,0.0,0.0,0.0
0.0,724.3243,5.3040776,0.0044213096,2.418643e-06,5.2750693e-11,1.4551915e-11,1.8189894e-12,0.0,1.8189894e-12,0.0,0.0,0.0,0.0,0.0,0.0,0.0,0.0,0.0,0.0
0.0,460.0091,961.98145,154.06097,121.61495,2.1721346,0.13111755,0.027064355,0.011771717,0.011005891,0.0043145083,0.0077612726,0.005791242,0.0026886098,0.0019972147,0.0013497896,8.2164726e-05,0.0016734982,0.0027002878,0.009039499
0.0,238.26765,14.628357,9.725169,5.923905,1.3305395,1.1599886,0.20203646,0.32413468,0.10148957,0.7164874,0.88600516,0.44844133,0.49976993,0.29895154,0.057433017,0.021028168,0.043786272,0.017383736,0.07969398
0.0,1912.5265,799.992,15.743475,0.89471614,0.31584695,0.08231943,0.022857292,0.0068993336,0.009343178,0.0035639703,0.0012868926,0.00081080396,0.0016076596,0.00019389541,0.00044477044,0.000677463,0.0003277592,0.0018339185,0.0017041756
0.0,475.33914,6.630096,0.42636567,0.065292366,0.01974073,0.010233525,0.004010315,0.002787232,0.0035731755,0.0044339737,0.00062762294,0.00089593034,0.00037923804,0.0003600361,0.0005117443,0.0010999766,0.00091380044,0.00055924006,0.0010178419
0.0,33.604347,0.006301637,1.1864131e-07,7.594281e-11,0.0,9.094947e-13,0.0,0.0,0.0,4.5474735e-13,0.0,0.0,0.0,0.0,0.0,0.0,0.0,0.0,0.0
0.0,732.55817,1.049427,0.00025907456,2.1591404e-09,9.094947e-13,2.728484e-12,0.0,0.0,0.0,0.0,0.0,0.0,0.0,0.0,0.0,0.0,0.0,0.0,0.0
0.0,723.5412,90.74284,13.005253,3.2943122,7.7205715,4.5585766,0.55646473,0.5380591,0.4244298,0.7055501,0.23124807,0.34151015,0.1263818,0.18069658,0.07299652,0.05832946,0.119738124,0.13325146,0.0
0.0,2041.206,166.15749,114.593765,9.436936,4.080228,1.7598103,0.9106126,2.5782073,0.13386676,0.9955301,0.14200334,0.16735238,0.089314535,0.009513148,0.012700504,0.91017705,0.36777028,0.5064384,0.14518757
0.0,0.0,3187.5566,89.13492,1.9925134,0.12440827,0.026932118,0.017166426,0.0025915073,0.0007309068,0.0011826288,0.0009082652,0.00024758978,0.00031126195,0.000999178,0.0017272368,0.0008162731,0.00053365686,0.0001442958,0.00033501507
0.0,3550.1826,92.24715,2.2423308,0.8586148,0.13194099,0.086301334,0.059434265,0.021810418,0.02666563,0.0097945975,0.02758223,0.00865387,0.004811312,0.0058043995,0.0028065855,0.0008524259,0.0018234723,0.0008275069,0.00067358284
0.0,326.66113,0.66335994,8.237952e-05,6.5956556e-09,5.456968e-12,1.8189894e-12,0.0,0.0,0.0,0.0,0.0,0.0,0.0,0.0,0.0,0.0,0.0,0.0,0.0
0.0,1766.1742,1002.1983,364.5471,182.25433,26.859703,4.341465,0.862304,1.7641256,0.82583,0.37850517,0.5684059,0.3994491,0.6566332,0.19208956,0.16275257,0.19032891,0.08444298,0.0,0.07423393
0.0,291.94214,5.4473248,0.0056922627,0.00020021775,1.7764414e-06,2.2587301e-08,1.373337e-10,1.8189894e-12,9.094947e-13,1.8189894e-12,9.094947e-13,1.8189894e-12,0.0,0.0,0.0,9.094947e-13,0.0,0.0,9.094947e-13
0.0,665.6549,56.5372,10.297935,1.5195844,0.3168689,0.046808608,0.13509692,0.098580904,0.06264614,0.068044,0.03701281,0.020715255,0.026822794,0.014218229,0.0032217957,0.009223682,0.007944925,0.0030822686,0.0049580927
0.0,1910.2955,247.59328,55.135376,1.738642,1.0088038,0.37584355,1.7510068,1.6419498,4.677792,3.010926,4.710366,6.0248666,4.585173,4.094446,0.79467773,1.2588995,0.23858853,0.017943654,2.9256831e-05
0.0,913.3528,6.4984255,1.9903482,0.21223773,0.28002107,0.09553471,0.05695367,0.006026016,0.03701713,0.020710997,0.0012805338,0.06470875,0.12777843,0.089146085,0.093840644,0.006835418,0.0022813415,0.0011427718,4.7249898e-05
0.0,511.16928,10.968234,0.15683463,0.44546953,0.0,0.0,0.21377201,0.095123194,0.74803424,0.5450432,0.18261978,0.6265572,0.0,0.4812207,0.7579235,0.5296322,0.01437611,0.1144092,0.32162154
0.0,815.52325,21.79177,5.7797837,1.1427153,0.46248022,0.92762524,0.96321785,0.21525478,0.25775874,0.15239947,0.4061936,0.084888205,1.1784215,0.4033011,0.16636789,0.2442019,0.03045316,0.0016838688,0.7217911
0.0,941.1663,7.555921,0.67175186,0.20478496,0.18099947,0.09206308,0.035081882,0.040453415,0.03106746,0.0041243723,0.0075601935,0.0066632177,0.0023238673,0.0030032261,0.0006607185,0.0011776425,0.00044580337,0.002506946,0.001852598
0.0,0.0,0.0,0.0,0.0,0.0,0.0,0.0,0.0,0.0,0.0,0.0,0.0,0.0,0.0,0.0,0.0,0.0,0.0,0.0
0.0,122.79067,12.870936,2.3098705,0.22000441,0.22894134,0.15405557,0.07430038,0.08155287,0.045822646,0.034228433,0.008882799,0.009967619,0.0022968585,0.0035210596,0.012162215,0.004740718,0.0034652976,0.0046011405,0.00078399916
0.0,339.51248,28.754251,18.531136,7.819921,0.0,1.1306535,4.110341,1.4882152,1.5009551,0.6968082,0.44674665,0.28238335,0.6362476,0.3694819,0.20860957,0.44613183,2.583138,1.5726633,1.1768972
0.0,657.027,24.263178,4.526894,2.9395003,0.75342137,0.1957256,0.19050065,0.14937402,0.096919745,0.06993325,0.02968446,0.025499303,0.018671593,0.01677482,0.022239933,0.018146573,0.01506015,0.02132398,0.0144992815
0.0,857.3067,1715.7439,101.65213,13.501671,7.5207524,0.40367547,0.43724763,0.7234517,0.64790076,2.172833,0.4472868,0.19322658,0.03601045,0.01575586,0.0006363984,0.00087654893,5.9976155e-06,2.6647876e-06,2.6634792e-05
0.0,474.47998,45.20739,9.2598915,3.763287,0.7696819,0.49880886,0.23002005,0.10229697,0.087251574,0.054088045,0.024308681,0.01862882,0.048315823,0.037269633,0.011120663,0.03284638,0.019290421,0.0017726065,0.0018851936
0.0,170.67873,0.09839822,0.0055767754,0.0026264156,0.00073276984,0.00020291495,0.0001160301,4.6717847e-05,0.00012063122,4.9252867e-05,4.6686077e-05,2.8691356e-05,2.5984897e-05,3.7485952e-06,3.3182772e-05,1.6885515e-05,4.786787e-06,1.9950367e-06,2.3120872e-05
0.0,202.74504,0.27062535,5.7371642e-05,1.2561941e-08,0.0,3.637979e-12,2.728484e-12,9.094947e-13,0.0,0.0,0.0,0.0,0.0,0.0,0.0,0.0,0.0,0.0,9.094947e-13
0.0,92.575195,5.2200727,0.9336233,0.39935842,0.06609599,0.1259837,0.096891604,0.049929246,0.016550183,0.02888809,0.04811404,0.04165886,0.012317198,0.013949931,0.007841235,0.0044856546,0.0063431007,0.0019537935,0.00652122
0.0,157.54959,27.523943,6.220972,2.5412273,0.795314,0.18741508,0.041666232,0.2663345,0.10381153,0.030214788,0.090564914,0.01857077,0.01968698,0.1674005,0.087949775,0.059915602,0.047319893,0.20415719,0.08453098
0.0,1763.6266,66.52696,9.1470585,1.8361175,1.8763933,0.5282028,0.17914468,0.13459593,0.26106045,0.057724886,0.1778472,0.049894247,0.056811664,0.14801295,0.10082184,0.14859858,0.012344282,0.05680161,0.037535187
0.0,0.0,0.0,0.0,0.0,0.0,0.0,0.0,0.0,0.0,0.0,0.0,2134.4436,212.2302,1.1652024,0.0522301,0.020811373,0.005477753,0.0020580995,0.00095558737
0.0,0.0,0.0,0.0,0.0,0.0,0.0,0.0,0.0,0.0,0.0,0.0,0.0,0.0,0.0,0.0,0.0,0.0,0.0,0.0
0.0,47.090332,6.9935913,0.7928473,0.06437678,0.38502243,0.21467386,0.15914789,0.11005062,0.08368522,0.031874698,0.035194833,0.016270807,0.06842701,0.0,0.0,0.0,0.0,0.0,0.1070769
0.0,0.0,2833.0332,27.796461,0.003865583,5.0745257e-07,7.275958e-12,2.728484e-12,1.8189894e-12,0.0,9.094947e-13,0.0,9.094947e-13,9.094947e-13,1.8189894e-12,0.0,0.0,0.0,0.0,0.0
0.0,0.0,0.0,0.0,0.0,0.0,0.0,0.0,0.0,0.0,0.0,0.0,0.0,0.0,0.0,0.0,0.0,0.0,0.0,0.0
0.0,188.84256,0.0095029455,1.13385795e-07,2.6375346e-11,1.8189894e-12,9.094947e-13,1.8189894e-12,0.0,0.0,0.0,0.0,0.0,0.0,0.0,0.0,0.0,0.0,0.0,0.0
0.0,694.0412,145.89594,25.526932,3.2044957,0.80370516,0.66388714,2.5780277,0.7073879,0.34471604,0.2363055,0.15125349,0.09825509,0.07284303,0.05793997,0.03928261,0.25154784,0.10669506,0.12317583,0.020221768
0.0,498.71384,8.417568,0.003168311,5.093307e-07,8.185452e-12,1.8189894e-12,0.0,0.0,0.0,0.0,0.0,0.0,0.0,0.0,0.0,0.0,0.0,0.0,0.0
0.0,0.0,0.0,0.0,0.0,0.0,0.0,0.0,0.0,0.0,0.0,0.0,0.0,0.0,0.0,0.0,0.0,0.0,0.0,0.0
0.0,30.486969,0.0001770123,1.7419552e-08,4.5474735e-12,0.0,0.0,0.0,0.0,0.0,0.0,0.0,0.0,0.0,9.094947e-13,6.366463e-12,0.0,0.0,9.094947e-13,1.8189894e-12
0.0,708.4015,2157.805,38.236874,10.208889,0.76245844,0.28527644,0.11573581,0.033625085,0.011350111,0.013894563,0.008238157,0.0032461928,0.010701796,0.0028017955,0.0059672273,0.02807141,0.008802051,0.0064066104,0.0011388969
0.0,502.52414,8.511425,2.6162317,2.3010266,0.28517553,0.16788223,0.12549587,0.12479672,0.14275229,0.071409695,0.069612525,0.1064711,0.12919262,0.069916256,0.025651395,0.09418573,0.109254085,0.07396972,0.026665725
0.0,821.05505,16.553375,2.556606,3.0147884,0.72863585,0.1319669,0.21281214,0.23684034,0.045696206,0.017468002,0.031426106,0.10386314,0.037552528,0.02286458,0.01439615,0.013373596,0.009208873,0.01056277,0.0
0.0,1175.4266,38.682514,0.003004611,7.1319846e-08,0.0,0.0,0.0,1.8189894e-12,9.094947e-13,0.0,0.0,0.0,9.094947e-13,9.094947e-13,0.0,0.0,0.0,0.0,0.0
0.0,1203.0734,117.76769,2.941312,0.49841803,0.121438794,0.107540965,0.047269683,0.03591337,0.019895842,0.011784191,0.0023008254,0.0023971153,0.0039430633,0.009881598,0.0024715369,0.0015805761,0.001292166,0.0014724171,0.0009995505
0.0,1745.741,20.605886,4.59236,0.77947587,0.35309723,0.07115407,0.049784504,0.032013178,0.05801586,0.05982232,0.022457005,0.023220254,0.018410241,0.0028548345,0.0056127766,0.009955735,0.005898503,0.013235562,0.009303143
0.0,207.2605,4.576501,0.92019665,0.36675406,0.17862917,0.1083427,0.039502636,0.042901944,0.00395779,0.011351115,0.014246658,0.036335055,0.0058759185,0.0015586826,0.0057857344,0.0039298227,0.0030616522,0.0064628907,0.0045483285
0.0,867.50116,1294.6079,69.277565,0.044620086,8.3283085e-06,7.5031494e-08,2.0281732e-10,1.8189894e-12,1.0004442e-11,2.728484e-12,6.366463e-12,0.0,0.0,9.094947e-13,0.0,9.094947e-13,0.0,0.0,9.094947e-13
0.0,458.7015,21.48393,0.099862956,0.0062959674,0.0010754403,0.0007679097,0.0003559299,0.00026656405,8.765309e-05,5.5323093e-05,0.00013093394,2.9244402e-05,2.6459766e-05,3.215238e-05,1.6141805e-05,1.502793e-05,2.5340014e-05,1.865802e-05,1.275222e-05
0.0,439.8321,4.40523,0.06637577,0.010190014,0.0047369734,0.0009226936,0.0007781665,0.0003578564,0.00014544421,0.00019949826,0.00014115433,6.689507e-05,6.960654e-05,1.6992526e-05,4.5654288e-05,5.0484065e-05,4.0865893e-05,2.5926038e-05,2.4679572e-05
0.0,0.0,0.0,0.0,0.0,0.0,0.0,0.0,0.0,0.0,0.0,0.0,0.0,0.0,0.0,0.0,0.0,0.0,0.0,0.0
0.0,1331.6918,306.81604,35.04613,15.716037,2.8632915,0.5768905,0.3295139,0.23146108,0.23840195,0.17538565,0.026242057,0.012020093,0.014070606,0.028772574,0.017145054,0.13317138,0.21495607,0.04796235,0.08788702
0.0,2024.1932,361.77383,9.701065,4.521076,3.1932049,2.8077385,0.58288234,0.61549896,0.19887115,0.11671627,0.027617797,0.16004403,0.26591095,0.2246353,0.16768245,0.070339784,0.09907055,0.24846286,0.19661658
0.0,2126.7527,0.0,0.0,280.43365,14.399107,0.0231357,7.698384e-05,3.6742676e-07,1.6088961e-09,1.9099389e-11,1.1823431e-11,2.728484e-12,0.0,0.0,1.8189894e-12,0.0,0.0,0.0,1.8189894e-12
0.0,112.59979,0.016780175,1.1378846e-05,8.544703e-10,3.637979e-12,9.094947e-13,9.094947e-13,0.0,0.0,0.0,0.0,0.0,0.0,0.0,0.0,0.0,0.0,0.0,0.0
0.0,79.14203,0.0018845055,3.9655788e-08,3.637979e-12,0.0,0.0,0.0,0.0,0.0,9.094947e-13,9.094947e-13,0.0,0.0,0.0,0.0,0.0,0.0,0.0,0.0
0.0,0.0,0.0,0.0,0.0,0.0,0.0,0.0,0.0,0.0,0.0,0.0,0.0,0.0,0.0,0.0,0.0,0.0,0.0,0.0
0.0,0.0,1118.2878,232.65915,9.054723,3.032486,0.4589379,0.50582963,0.6847032,0.3153305,0.14318047,0.06656687,0.044553656,0.020342031,0.0024443928,0.012072396,0.051323973,0.0054591214,0.0020507968,0.003723431
0.0,42.509995,0.5787213,0.0146405315,0.004909158,0.0018917628,0.00173562,0.0006482323,0.00036478663,0.00022363193,0.00011856756,0.00015603814,4.3752374e-05,3.2217813e-05,2.5109262e-05,3.066104e-05,5.7343852e-05,0.00011743901,4.497397e-05,5.9123995e-06
0.0,637.19904,10.418034,0.00091437344,139.98973,3.3588772,1.7585608,1.6720276,0.4695567,0.20024295,0.15351719,0.08367624,0.061834678,0.076678306,0.059718676,0.06756507,0.06396385,0.01380077,0.03551909,0.046435677
0.0,916.1924,302.96942,168.64114,63.33584,130.44879,86.327705,18.910603,4.676848,6.79082,7.464673,5.3213706,13.623462,6.246856,6.656107,0.58319473,0.47627604,0.52756435,0.5078523,0.5453461
0.0,549.18085,8.674098,0.34576446,0.08098623,0.019973086,0.0048707575,0.0049314625,0.005268741,0.002477282,0.0029913597,0.0012838814,0.00053495355,0.0004456087,0.0009200579,0.00045638974,0.0004808111,0.00021048883,0.00015065937,0.000112564245
0.0,205.60323,21.78024,2.3933847,1.3309537,0.69371486,0.25162175,0.39848143,0.0859237,0.0075307563,0.00033015918,5.272728e-05,1.120171e-06,2.2289987e-07,2.1462256e-08,3.9643965e-08,4.836693e-09,1.1732482e-10,1.0913936e-11,0.0
0.0,0.0,1804.2349,994.68384,83.18364,4.8873954,0.53249437,0.12846614,0.07708748,0.026999572,0.009411561,0.015651574,0.0047116005,0.005352023,0.00964721,0.0037835315,0.0003755195,0.0026184965,0.001486398,0.0030064096
0.0,263.5926,14.184752,2.650248,0.30779344,0.073341355,0.059164993,0.054632448,0.027915377,0.012405432,0.0033637832,0.0027013114,0.0023345388,0.009571737,0.008389786,0.009229903,0.0022997407,0.004434433,0.00071510446,0.0027046339
0.0,699.3113,0.2916487,2.8092663e-05,9.577889e-09,4.5474735e-12,9.094947e-13,0.0,0.0,0.0,0.0,0.0,0.0,0.0,9.094947e-13,0.0,0.0,9.094947e-13,0.0,0.0
0.0,836.5667,3.0819283,0.032005172,0.004725921,0.001752385,0.0005217527,0.00037064173,8.7676715e-05,0.00023959656,8.158015e-05,1.9010953e-05,1.27607145e-05,8.373396e-06,4.095231e-06,5.877944e-06,1.3719994e-05,1.229144e-05,8.783123e-06,2.1705819e-06
0.0,190.25217,2.2376406,9.04409e-05,2.0900188e-09,1.8189894e-12,0.0,1.8189894e-12,128.8977,20.667837,5.4695463,0.5845741,0.5909025,0.10150453,0.08278061,0.028589591,0.019844498,0.02659077,0.008910326,0.014300551
0.0,639.6914,439.8784,43.910133,4.5728526,1.5536417,0.29810664,0.77713895,0.20386113,0.14234397,0.06721385,0.06777765,0.039071582,0.13749903,0.059605718,0.040136352,0.0060613994,0.022467373,0.01927819,0.01690126
0.0,146.29529,91.0122,10.820027,2.3804348,0.60500807,0.10363508,1.0819405,0.23268121,0.23327675,0.06639727,0.04977795,0.08274442,0.030614065,0.008681497,0.55643326,1.063632,0.24122469,0.10544017,0.1041528
0.0,448.3288,6.212887,1.2371593,0.54225576,0.31859773,0.17492025,0.056703456,0.064984135,0.045699667,0.020516142,0.005618826,0.017037006,0.013642611,0.01214336,0.009638785,0.0049995184,0.0133860605,0.0041499366,0.0007200105
0.0,718.40497,9.006401,0.7673623,0.13965984,0.05092417,0.066641785,0.037155803,0.01314556,0.023204314,0.0068401946,0.0021860357,0.0040555424,0.0057194973,0.009218137,0.0021340211,0.0022191992,0.0008698367,0.0015784025,0.00033734037
0.0,1043.8555,81.41357,3.914178,1.1467854,0.25063992,0.26380858,0.3204269,0.46113214,0.12212181,0.099372104,0.04679934,0.08624462,0.017455282,0.15443999,0.13365923,0.07421087,0.20603523,0.6551504,0.086882606
0.0,669.89343,26.93245,5.5145497,1.6954991,4.7496405,0.70561963,3.9115152,0.9682878,0.749107,0.9806707,0.8911318,0.013931235,0.24927744,0.0032383327,0.001287447,0.21582352,0.63861585,0.0,0.0
0.0,262.85416,167.12193,462.15256,52.584377,14.939353,1.7002548,0.28297287,0.51375407,0.40559706,0.3041764,0.2519682,0.05963937,0.8902489,0.067994475,0.013214838,0.009494427,0.020089308,0.030971099,0.01075655
0.0,1044.275,0.0,0.0,0.0,0.0,0.0,0.0,0.0,0.0,0.0,0.0,0.0,0.0,0.0,0.0,0.0,0.0,0.0,0.0
0.0,59.309586,0.10398954,0.00044405158,0.00012282818,9.512898e-06,9.263747e-06,1.3921982e-05,5.1656016e-06,2.6877715e-06,2.3849716e-06,6.4492406e-06,3.954038e-06,1.630402e-06,1.3663102e-06,9.827327e-07,6.331675e-07,3.9847055e-07,2.944089e-07,4.907215e-07
0.0,1173.1477,57.502026,0.0055642514,7.6143024e-06,7.7398e-10,2.728484e-12,0.0,0.0,0.0,0.0,0.0,0.0,0.0,0.0,0.0,0.0,0.0,0.0,0.0
0.0,349.12985,1.3316544,0.10761732,0.029027727,0.018892819,0.005522334,0.0044215983,0.0007080385,0.00032701908,0.00035834368,6.821803e-05,4.0280414e-05,0.00028237395,7.174465e-05,6.503251e-05,8.5819986e-05,1.6364756e-05,2.9135801e-05,4.3936332e-05
0.0,0.0,2383.1448,120.708755,7.5994415,1.7191963,0.38205633,0.87376964,0.44658253,0.47473332,0.35233393,0.06392982,0.060361106,0.04501679,0.011847096,0.004084723,0.018044876,0.022130605,0.007454252,0.0062657883
0.0,1021.2081,0.5860644,0.00036441933,8.805091e-08,1.4460966e-10,1.8189894e-12,9.094947e-13,0.0,0.0,0.0,0.0,9.094947e-13,0.0,0.0,0.0,0.0,0.0,0.0,0.0
0.0,146.49313,2.382136,0.381156,0.10872512,0.023573797,0.040818032,0.077388845,0.013370967,0.021420829,0.006335454,0.0056888675,0.0038890871,0.006975712,0.002063479,0.007968066,0.0013394558,0.0017567512,0.0028049885,0.0021074063
0.0,942.5904,53.119503,11.727502,1.0481324,4.004493,1.0490471,0.36590743,0.644509,0.31125236,0.14163485,0.2239919,0.23684467,0.1467902,0.040655714,0.029768124,0.036237195,0.16331813,0.20946313,0.16474064
0.0,1016.9031,49.24682,16.056873,2.233282,1.8456981,2.6866248,1.6919231,0.5357873,0.611925,0.09479038,0.086291194,0.76320827,0.13891757,0.3205985,0.37995866,0.17668192,0.0035516992,0.019993467,0.028053882
0.0,44.87599,0.1001494,0.006422204,0.00070463156,0.00013546714,4.480125e-05,4.5591063e-05,2.0710702e-05,1.9826282e-05,6.5425893e-06,3.265396e-05,1.0469862e-05,5.5685214e-06,8.5688935e-06,9.611382e-06,4.4119515e-06,2.9500925e-06,4.220783e-06,3.8084072e-06
0.0,297.86444,181.22618,31.056196,4.129524,5.882543,2.5087926,1.6362275,1.4269302,0.55120194,0.72483534,0.95422345,2.3254154,1.1647798,0.7480092,0.788716,0.13419978,0.11247764,0.3918989,0.8111945
0.0,412.4262,7.7642736,1.5827467,0.25853115,0.3402853,0.10628324,0.10666171,0.059250254,0.10757676,0.0683336,0.026644541,0.0206493,0.019196212,0.020630008,0.003286017,0.0071791513,0.000917989,0.014775812,0.00042001874
0.0,117.60069,2.3358512,0.23726968,0.07579205,0.0781496,0.022587186,0.013724881,0.004828269,0.004590943,0.0006849352,0.0015434155,0.0010606984,0.00081969774,0.0004938744,0.0030565541,0.0010430338,0.000505645,0.0003465891,0.00026027238
0.0,302.97275,9.812703,0.0,0.91770726,0.2576724,0.058882933,0.07559306,0.021828432,0.0072997445,0.010595567,0.0067401608,0.0051390124,0.004124701,0.0035799872,0.0029179114,0.0032927727,0.0015932024,0.0005852659,0.0014639792
0.0,917.55115,4.62794,1.9933888,0.6529747,0.411091,0.1784932,0.15397064,0.08908443,0.064750925,0.04541537,0.052183546,0.032631215,0.026910828,0.036070574,0.024955068,0.016256358,0.021780156,0.013800045,0.008103665
0.0,420.61053,88.49879,11.074474,1.9189309,8.057304,3.3872857,2.371839,3.3735135,0.61866075,0.60803264,0.6807929,0.43212974,0.53125465,0.12047766,0.297121,0.044014227,0.014607351,0.26255867,0.0
0.0,678.614,314.66257,33.532177,0.0,0.0,0.0,0.0,1.3512505,0.53587043,0.35309067,0.1932853,0.082049154,0.036872514,0.022843702,0.035516493,0.028413838,0.019371042,0.020869764,0.008476443
0.0,2006.4998,256.73294,7.621775,0.7839014,0.08190053,1.0764226,3.2455819,1.113772,0.16624627,0.08296681,0.08772817,0.03354994,0.020432653,0.03723563,0.023983872,0.012030392,0.012241396,0.012245461,0.0018598512
0.0,1157.332,331.7838,2.6952236,1.6456238,0.6056256,0.59704626,0.27023306,0.09815286,0.028557593,0.035976376,0.013398263,0.024321323,0.16638397,0.0595838,0.097947575,0.04079859,0.006750262,0.02917617,0.012547802
0.0,58.176888,0.015113962,1.9319596e-06,2.7739588e-10,6.366463e-12,4.5474735e-12,0.0,0.0,2.728484e-12,0.0,0.0,0.0,0.0,0.0,0.0,0.0,0.0,0.0,0.0
0.0,2337.921,692.42847,15.137941,0.5954609,0.060841337,0.047954272,0.04849842,0.0035904688,0.0048076264,0.0049436367,0.001386305,0.0012041242,0.002490652,0.0010279064,0.0010957775,0.0007490054,0.0004882253,0.00012588242,0.00039896747
0.0,198.62628,0.03174246,2.2516715e-06,1.6916601e-10,1.0913936e-11,9.094947e-13,0.0,0.0,0.0,9.094947e-13,9.094947e-13,0.0,0.0,0.0,0.0,0.0,0.0,0.0,0.0
0.0,883.4281,2.072197,0.042517792,0.0030576931,0.00024005548,0.00017539955,0.00052340707,0.00019806443,6.637716e-05,3.750139e-05,0.00010988004,4.131918e-05,5.684595e-05,4.8884798e-05,7.1690985e-05,1.7458387e-05,2.8088496e-05,1.6878093e-05,8.949564e-06
0.0,0.0,0.0,0.0,0.0,0.0,0.0,0.0,0.0,0.0,0.0,0.0,0.0,0.0,0.0,0.0,0.0,0.0,0.0,0.0
0.0,101.8093,5.108713,1.3697609,0.41894832,0.26089892,0.14404804,0.012282286,0.23040862,0.06784015,0.019807553,0.024587758,0.0092688305,0.008488416,0.023402873,0.106888786,0.011305177,0.050304078,0.00073825807,0.00025684136
0.0,1443.771,23.28499,4.81045,0.67069125,1.3515736,0.38650286,0.11148552,0.069206454,0.040406182,0.057523206,0.030922463,0.013100077,0.007771155,0.01001018,0.007217715,0.0011186477,0.006390651,0.002448098,0.0023038278
0.0,481.63565,41.98728,14.553973,2.1139345,0.0,0.5920904,6.8079915,4.1511717,3.3320076,5.0436206,4.476287,0.29810905,1.8163861,1.1268488,0.0,0.0,0.0,0.0,0.21028918
0.0,1393.56,4.413253,0.0019282851,7.0422175e-09,2.728484e-12,2.728484e-12,0.0,0.0,0.0,0.0,9.094947e-13,0.0,0.0,0.0,0.0,0.0,0.0,0.0,0.0
0.0,1752.9609,0.80706924,0.00036448587,6.967657e-07,2.9649527e-10,3.637979e-12,9.094947e-13,0.0,0.0,0.0,9.094947e-13,0.0,0.0,0.0,0.0,0.0,0.0,0.0,0.0
0.0,52.042526,0.03913609,4.2252457e-05,1.3433237e-09,1.8189894e-12,0.0,3.637979e-12,9.094947e-13,9.094947e-13,0.0,0.0,0.0,0.0,0.0,0.0,0.0,0.0,0.0,0.0
0.0,1174.8853,53.373615,4.5180526,1.2206696,0.39067906,0.122373044,0.044097252,0.014580229,0.01263087,0.011090966,0.0064721713,0.015684728,0.0037288084,0.007832957,0.0029975635,0.0024292744,0.0035658428,0.0041074473,0.006536132
0.0,933.3788,31.352287,3.1442952,0.330973,0.16958988,0.13388038,0.06916226,0.029078513,0.013158706,0.007556632,0.006519962,0.0052967654,0.0044284957,0.0012126191,0.0023083559,0.00086632295,0.001807607,0.0012528374,0.0003241933
0.0,634.3872,33.83075,237.8505,63.8115,8.437915,3.1616118,1.1867708,1.0705907,1.3452895,0.20098951,0.046589445,0.05306402,0.049445678,0.1423165,0.056342237,0.15085767,0.0354445,0.005933804,0.005637848
0.0,986.79803,23.542463,0.020093258,3.2923253e-06,9.677024e-10,2.728484e-12,0.0,9.094947e-13,0.0,0.0,0.0,0.0,9.094947e-13,0.0,0.0,0.0,0.0,0.0,9.094947e-13
0.0,0.0,2566.665,129.12799,10.165266,0.8492293,0.26662815,0.22787407,0.050429452,0.064351454,0.04795773,0.014075164,0.01355205,0.0035804622,0.020560835,0.0079739895,0.015772508,0.0037821152,0.0059256577,0.005016651
0.0,506.02188,105.13215,6.5640182,8.027397,6.386536,3.5439844,0.6754447,1.5661911,1.8953744,0.3650107,0.18798096,0.4592161,0.20366788,1.2405578,0.4820446,0.09963878,0.06841086,0.15994427,0.90442604
0.0,218.27159,19.936234,18.103148,2.3845296,2.222855,0.0,1.5288953,1.5559976,0.86583316,0.50007665,0.5898668,0.6435788,1.0245599,0.09959608,0.106801726,0.110276,0.006318418,0.009617797,0.004148973
0.0,523.3173,32.07783,1.4101521,0.3677752,0.110814884,0.05711969,0.022229198,0.02529963,0.030629503,0.012103269,0.0029547354,0.0071792374,0.0017578786,0.0042161187,0.0049228915,0.0089074895,0.006190727,0.00938301,0.004085012
0.0,1862.25,11.984518,0.00031838546,3.2732714e-09,3.637979e-12,9.094947e-13,0.0,0.0,9.094947e-13,0.0,0.0,0.0,0.0,0.0,0.0,0.0,0.0,0.0,0.0
0.0,1748.7825,2.0142462,0.21877468,0.061722163,0.033507045,0.009822972,0.0054060696,0.005190441,0.0023028415,0.0010656257,0.0011726524,0.0008060912,0.0014195191,0.0004829254,0.00036292535,0.0006298097,0.0010013173,0.0003709612,0.0
0.0,312.55615,0.30613318,1.2812931e-05,1.9999788e-09,9.094947e-13,9.094947e-12,0.0,0.0,4.5474735e-12,9.094947e-13,9.094947e-13,0.0,0.0,0.0,0.0,0.0,0.0,0.0,0.0
0.0,0.0,0.0,0.0,0.0,0.0,0.0,0.0,0.0,0.0,0.0,0.0,0.0,0.0,0.0,0.0,0.0,0.0,0.0,0.0
0.0,549.4002,55.98498,7.8828506,3.9974566,21.114935,7.6283402,2.6934173,1.665452,0.7350373,0.47600543,0.052721262,0.30736625,0.23211165,0.14433318,0.13503523,0.04569996,0.034311183,0.024989657,0.0123565
0.0,0.0,0.0,0.0,0.0,0.0,0.0,0.0,0.0,0.0,0.0,0.0,0.0,0.0,0.0,0.0,0.0,0.0,0.0,0.0
0.0,641.671,281.34216,17.609915,5.0876513,1.8517548,1.3534256,1.127886,0.40729633,0.20067197,0.17077641,0.22742353,0.33602577,0.07061618,0.002135388,0.02008771,0.0454669,0.28679454,0.068759464,0.13277066
0.0,1166.5393,93.003746,2.921521,0.49725243,0.14061657,0.060696684,0.027416525,0.009782803,0.0050418763,0.009245212,0.0026581406,0.0043139886,0.004180415,0.0005461751,0.0014462641,0.0003723825,0.00059943786,0.0006312645,0.00012722285
0.0,0.0,0.0,0.0,0.0,0.0,0.0,0.0,0.0,0.0,0.0,0.0,0.0,0.0,0.0,0.0,0.0,0.0,0.0,0.0
0.0,1563.9895,10.427307,1.3275294,0.15089968,0.04067311,0.052129105,0.013170599,0.015898755,0.016386496,0.007166887,0.0022483103,0.0022375963,0.0011478857,0.0038051857,0.0005109448,0.0012780328,0.0006492408,0.0017777187,0.00041182715
0.0,37.035995,0.040299192,0.05507189,0.33540812,0.09358755,6.3433574e-05,3.4313416e-08,4.3655746e-11,1.8189894e-12,1.8189894e-12,0.0,3.637979e-12,0.0,0.0,0.0,0.0,0.0,0.0,0.0
0.0,618.3498,723.8976,381.68936,38.817028,10.672199,1.7043271,1.5512228,0.8131877,0.35265794,0.14640191,0.0669524,0.023902606,0.015240888,0.009553045,0.028370366,0.0122875525,0.002883618,0.005519898,0.015990907
0.0,0.0,0.0,0.0,0.0,0.0,0.0,0.0,0.0,0.0,0.0,0.0,0.0,0.0,1159.2048,1382.1461,23.999172,2.2371054,0.92836034,0.21109515
0.0,826.4918,13.129791,0.28139865,0.025885932,0.023335204,0.0052950843,0.00906733,0.0028792378,0.0008724846,0.00024133116,0.0016044484,0.00066887995,0.00047909125,0.00032721984,0.00023945817,0.0004785772,0.00046213815,0.000102711194,0.00470333
0.0,0.0,0.0,0.0,0.0,0.0,0.0,0.0,0.0,0.0,0.0,0.0,0.0,0.0,0.0,0.0,0.0,0.0,0.0,0.0
0.0,2325.3376,26.922178,0.13600162,4.0155213e-05,1.4788384e-09,1.8189894e-12,0.0,9.094947e-13,9.094947e-13,0.0,0.0,0.0,0.0,0.0,0.0,0.0,0.0,0.0,0.0
0.0,2457.955,1197.5154,7.637354,0.00016889526,2.226443e-09,1.8189894e-12,1.8189894e-12,0.0,0.0,0.0,0.0,0.0,0.0,0.0,0.0,0.0,0.0,0.0,0.0
0.0,249.40173,0.0,32.147106,10.870202,2.4814596,0.521005,0.6237956,0.17661488,0.074811555,0.07726551,0.025310833,0.018761858,0.07767984,0.05494007,0.056890022,0.0060027246,0.001058538,0.0029609844,0.23504122
0.0,330.07483,259.15985,36.3472,2.262711,3.254614,0.86148214,0.35073945,0.17287052,0.04674171,0.1142724,0.06700755,0.03729945,0.03076999,0.03694705,0.02087651,0.024773873,0.021007612,0.016296713,0.0071181743
0.0,765.05176,7.5522013,0.0009204548,1.1054908e-08,1.0913936e-11,0.0,1.8189894e-12,1.8189894e-12,0.0,0.0,0.0,0.0,0.0,0.0,0.0,0.0,0.0,0.0,1.8189894e-12
0.0,224.86272,0.00934876,1.7284801e-06,5.2750693e-11,5.456968e-12,0.0,1.8189894e-12,0.0,0.0,1.8189894e-12,1.8189894e-12,0.0,0.0,0.0,0.0,0.0,0.0,0.0,0.0
0.0,528.91003,0.0,0.0,0.0,20.567945,6.18012,0.7139431,0.18899482,0.1063358,0.055773325,0.013969933,0.0050835568,0.00414412,0.0011286305,0.0030549369,0.0032532911,0.0035502256,0.0021468224,0.0
0.0,1322.7504,346.66705,174.72269,33.98517,4.718172,0.44563305,1.4178295,0.025832143,0.77880305,0.16845123,0.0,0.0,0.19127914,0.25361657,0.16066296,0.020575095,0.04199472,0.0064440365,0.00061647396
0.0,110.357735,1.5870458,0.08715209,0.050110236,0.027638474,0.024327662,0.017108763,0.010230778,0.017394194,0.011716951,0.0027943577,0.010017823,0.002514232,0.0,0.0013981435,0.0014190332,0.00036857097,0.0018024303,0.0009301398
0.0,164.32639,9.980159,1.9353163,1.0125995,0.6709542,0.1498316,0.10501768,0.2059717,0.1786884,0.2064139,0.0076333,0.04049149,0.0683758,0.03904841,0.005754868,0.00083459995,0.004257929,0.0049925554,0.009559218
0.0,191.28607,15.1987915,4.1366963,0.8575471,0.5501892,0.6453002,0.19861653,0.18010868,0.18378669,0.09475388,0.07021119,0.12130478,0.07432518,0.03176579,0.025242032,0.05255681,0.041970152,0.020240238,0.03967911
0.0,435.25845,12.858028,0.42891422,0.067933515,0.2024953,0.07367437,0.038553055,0.011313904,0.014024747,0.006072222,0.012100541,0.02457087,0.0070468406,0.009552177,0.008448157,0.015773091,0.0100433035,0.014926246,0.0048073092
0.0,923.8935,17.626957,0.0010361337,1.2589226e-08,1.8189894e-12,1.8189894e-12,9.094947e-13,9.094947e-13,0.0,0.0,0.0,0.0,0.0,0.0,0.0,0.0,0.0,0.0,0.0
0.0,153.45009,0.001202622,8.737425e-08,3.637979e-12,0.0,0.0,0.0,0.0,0.0,0.0,0.0,0.0,9.094947e-13,1.8189894e-12,0.0,0.0,0.0,0.0,0.0
0.0,720.18567,6.9229093,0.84561497,116.093155,0.22391349,0.08232004,0.04715454,0.012223448,0.004365446,0.012931823,0.011736195,0.010380153,0.0005514376,0.00013442885,3.3406013e-05,8.878008e-06,2.3947723e-07,5.3033546e-08,6.938899e-08
0.0,378.32376,2.3558326,0.27603695,0.08658419,0.032485522,0.008917044,0.0041887923,0.007583316,0.009326191,0.003875788,0.0029246993,0.0026318824,0.0007584725,0.00085800776,0.00022103467,0.00037099142,0.0012775868,0.00033129938,0.00023870492
0.0,1080.0652,33.577736,5.977016,0.7635685,0.39854866,0.7951181,0.92998946,0.32677957,0.1229472,0.49646202,0.09935196,0.00578272,0.18387651,0.039289292,0.027722048,0.03598032,0.06850038,0.031518407,0.015818981
0.0,3094.38,194.6989,0.6340234,0.005380381,0.001100682,0.0004842069,6.889324e-05,0.00014365542,0.000106174695,0.00015023047,6.639803e-05,4.56948e-05,1.7497441e-05,5.8918863e-06,3.8561357e-06,0.0,0.0,0.0,0.0
0.0,1171.0491,4.6055784,0.00013606013,6.170467e-08,7.275958e-12,0.0,0.0,0.0,0.0,0.0,0.0,0.0,9.094947e-13,9.094947e-13,0.0,0.0,0.0,0.0,0.0
0.0,768.0134,2.604217,0.00055878365,2.0614789e-07,1.0004442e-11,9.094947e-13,0.0,9.094947e-13,9.094947e-13,0.0,0.0,0.0,0.0,0.0,0.0,0.0,0.0,0.0,0.0
0.0,205.4287,1.281529,0.12254766,0.024550974,0.011997557,0.00906221,0.0055415053,0.0024160545,0.0012507997,0.0009606155,0.00049616303,0.00077084196,0.00046941228,0.00039502123,0.00027170367,0.00014439155,0.00017579336,0.0003207385,5.4387012e-05
0.0,917.42523,8.418978,0.9021222,0.34339336,0.12120511,0.059998635,0.045155644,0.021521715,0.016561363,0.027210377,0.016605848,0.008383463,0.0031971931,0.0049361694,0.003698475,0.0045421864,0.0023659784,0.0019673875,0.0021971113
0.0,845.7588,30.707117,16.994455,11.267905,5.716859,2.7704976,4.846995,8.866231,2.1527588,0.96635854,1.3083185,0.8124167,0.042895224,0.030037807,0.012660674,0.017274436,0.008401591,0.0032896602,0.24999063
0.0,127.428635,13.023896,6.961408,3.5479858,0.35696986,2.3982134,0.7350942,0.5624457,0.17367187,0.052751772,0.16221729,0.2232672,0.10435257,0.05664108,0.012224688,0.011310166,0.020028774,0.010367701,0.017956259
0.0,0.0,1403.1638,984.765,9.27091,0.497477,0.024254303,0.0,0.0,0.005092295,0.001239162,0.00022040246,0.00053124607,0.00023799273,0.00023298101,9.060049e-05,0.00014188561,2.8925868e-05,1.9789386e-05,2.1012864e-05
0.0,511.3346,61.42347,4.260844,1.2639674,0.59926486,0.22434199,0.21214853,0.11545112,0.07608667,0.05177733,0.058614425,0.044121534,0.013802515,0.016234538,0.0076645846,0.01023348,0.010306915,0.00897493,0.004382386
0.0,0.0,0.0,0.0,1536.1006,2.146856,1.1046875e-05,8.705683e-09,5.456968e-12,0.0,0.0,0.0,1.8189894e-12,0.0,0.0,0.0,0.0,0.0,0.0,0.0
0.0,420.73563,0.7004256,1.8925739e-05,2.6011548e-10,1.8189894e-12,1.8189894e-12,0.0,0.0,0.0,9.094947e-13,0.0,0.0,0.0,0.0,9.094947e-13,0.0,0.0,0.0,0.0
0.0,560.3576,826.53015,883.2801,141.27815,10.56808,2.2478092,1.5521497,0.4896382,0.13566388,0.07983435,0.020382617,0.063715085,0.07524675,0.011038653,0.03338334,0.03486153,0.026887538,0.007042114,0.01234949
0.0,1483.5989,267.7411,2.5697508,0.1607168,0.00792461,0.0010842596,3.1276368e-06,2.2043332e-07,1.204171e-09,5.0931703e-11,3.274181e-11,1.36424205e-11,0.0,0.0,0.0,0.0,0.0,0.0,0.0
0.0,199.55225,194.01418,9.889275,47.964287,3.4960208,5.70164,7.584446,21.968674,4.019364,2.6981626,0.19248421,0.10867198,3.1461623,0.8252851,2.2752147,2.805238,1.5657282,1.6152143,0.7835967
0.0,103.65567,6.52896,0.7703631,0.14466678,0.06236375,0.04792986,0.027843764,0.021658408,0.00449662,0.0033086871,0.0075931763,0.010089222,0.014264267,0.001249762,0.0012799236,0.0028203381,0.0015047377,0.0023017249,0.0017748175
0.0,1746.9989,0.0,0.0,0.0,0.0,0.0,0.0,0.0,0.0,0.0,0.0,0.0,0.0,0.0,0.0,0.0,0.0,0.0,0.0
0.0,0.0,2519.3916,507.2037,4.7745395,3.8236976,0.0,1.2133526,0.99777234,0.10889559,0.017873058,0.1523973,0.09229422,0.13957827,0.041840676,0.027988035,0.016568623,0.024307676,0.019622935,0.018381769
0.0,621.10876,131.14114,33.07559,2.2280593,0.22141278,0.07176587,0.038440637,0.016894326,0.1063339,0.012639267,0.04158888,0.009092515,0.0064828373,0.0056227497,0.01784231,0.008355396,0.006102782,0.0034947037,0.0012490255
0.0,257.85864,0.98075676,0.03084679,0.005282816,0.0056567513,0.0032076554,0.0009353673,0.000319771,0.00034126703,0.00024998985,0.00033104868,0.00013404836,6.946178e-05,0.00015260956,0.00013091137,6.5900465e-05,7.34412e-05,6.6058994e-05,4.182694e-05
0.0,1412.1481,0.0,0.0,0.0,0.0,0.0,0.0,0.0,0.0,0.0,0.0,0.0,0.0,0.0,0.0,0.0,0.0,0.0,0.0
0.0,699.5376,23.971573,2.8788834,0.8290936,0.34243432,0.13797896,0.04889386,0.09880216,0.038030595,0.026666105,0.010569787,0.010192226,0.012942895,0.0058649704,0.013169394,0.027537324,0.0009202551,0.004302478,0.00408336
0.0,592.8932,88.92494,3.4649458,0.8133045,0.28041172,0.2883606,0.0480484,0.063793175,0.039831635,0.010625682,0.019939773,0.003638749,0.0029025392,0.004714846,0.005790787,0.0038398108,0.012118382,0.007397154,0.0048627136
0.0,162.78448,4.4125667,1.3020108,0.6621254,0.12201604,0.14585024,0.17914742,0.093675874,0.03691696,0.05540626,0.0318597,0.007344024,0.010522115,0.0042649866,0.0064737475,0.005534638,0.0010910942,0.0017998309,0.0005603507
0.0,602.0394,1.2059672,0.13915846,0.14191484,0.032994717,0.018748762,0.022953661,0.0030426998,0.00037072165,0.000343526,0.000542456,0.00014893396,0.0,0.0018056094,0.00043487296,7.644946e-05,0.0007982725,0.00024700255,0.0005498369
0.0,1719.1256,32.05263,10.409683,1.6717213,0.6367062,0.1493228,0.051627558,0.026697494,0.032211974,0.009654808,0.0017549174,0.0055892677,0.014963073,0.0064697447,0.0046660504,0.00053879677,0.0011333937,0.0041825464,0.003809303
0.0,96.18699,0.0038605582,1.1893917e-07,7.275958e-12,3.637979e-12,0.0,0.0,0.0,0.0,0.0,0.0,0.0,0.0,0.0,0.0,0.0,0.0,0.0,0.0
0.0,0.0,0.0,0.0,792.6781,0.5323273,4.3381096e-06,3.8107828e-10,1.8189894e-12,0.0,0.0,0.0,0.0,0.0,0.0,0.0,0.0,0.0,0.0,0.0
0.0,185.3449,61.7124,3.617582,0.8623321,0.5846719,0.40741313,0.17059812,0.08306687,0.09163169,0.03436579,0.050741524,0.042255905,0.019122148,0.0067797718,0.009868595,0.011329018,0.005846088,0.0044650435,0.0038845928
0.0,108.04679,0.0,0.046779346,0.0007026282,5.518814e-09,1.8189894e-12,1.8189894e-12,0.0,0.0,0.0,0.0,0.0,0.0,0.0,0.0,0.0,1.8189894e-12,0.0,0.0
0.0,1070.8802,45.629242,4.3479276,1.2418182,0.63965106,0.4210136,0.19522074,0.09396994,0.053988665,0.029901665,0.025095757,0.01869608,0.017425139,0.045352012,0.019644132,0.004896958,0.00405148,0.010591552,0.0067852065
0.0,1051.326,0.0,1705.6116,238.73401,15.828176,1.1913122,0.2245847,0.40497017,0.27775073,0.29739144,0.21223348,0.113749556,0.058188796,0.03141405,0.040726196,0.009627874,0.03021241,0.01943015,0.011349597
0.0,467.90964,0.55774117,0.021403713,0.0013243564,0.00041434722,0.00010800217,9.7415286e-05,1.9776797e-05,8.1139726e-05,6.1671264e-05,7.224792e-05,3.6987145e-05,2.7907969e-05,1.0864067e-05,1.7074846e-05,4.9699347e-06,5.770019e-06,1.1157874e-05,1.1678157e-05
0.0,823.072,521.2903,36.738983,1.6804694,0.4737022,0.39924037,0.2793619,0.19816786,0.05093372,0.046348915,0.026867136,0.040466286,0.012484932,0.013248902,0.052804656,0.03202868,0.008011796,0.019259728,0.0065256
0.0,494.6334,318.9243,52.734516,10.767618,2.9172559,2.6854591,0.96663296,1.887498,0.77572286,0.0,0.2499365,0.16005634,0.12813027,0.045440655,0.04989468,0.0025982598,0.034685705,0.04883566,0.13209042
0.0,2569.288,81.95799,2.8303554,0.25578502,0.11348514,0.054885525,0.030382106,0.0064487867,0.002041196,0.006099854,0.0045571206,0.0019894096,0.0017390585,0.0025625327,0.004347189,0.000982584,0.001181779,0.0036460822,0.0013126715
0.0,3512.5215,0.0,0.0,0.0,0.0,568.9872,28.562801,3.5287066,1.0818622,0.57986605,0.31259,0.17777103,0.101127125,0.08158595,0.05217647,0.04800965,0.03867269,0.013404536,0.018036928
0.0,866.0642,32.462685,3.6649415,2.1278386,0.25596613,0.090757884,0.017611708,0.019152476,0.06357824,0.08428794,0.04630759,0.016310774,0.020578321,0.041155584,0.0038647489,0.0029028563,0.00022481111,3.6401038e-05,7.761972e-06
0.0,0.0,0.0,0.0,0.0,0.0,0.0,0.0,0.0,0.0,0.0,0.0,0.0,0.0,0.0,0.0,0.0,0.0,0.0,0.0
0.0,607.2944,2646.4097,43.43711,0.05172694,0.00021987139,0.000113890186,2.5775727e-05,1.560949e-05,4.929181e-06,1.3742065e-06,1.2705204e-06,1.8766286e-06,5.6479803e-07,6.993441e-07,7.664403e-08,5.947386e-07,4.1985277e-07,5.343709e-07,2.0143852e-07
0.0,1878.6726,269.64935,1.1768672,0.00051915616,9.5044925e-08,1.1823431e-11,1.8189894e-12,0.0,9.094947e-13,1.8189894e-12,9.094947e-13,0.0,0.0,0.0,0.0,0.0,0.0,9.094947e-13,0.0
0.0,459.8968,15.857015,2.3230472,0.86542416,0.55429816,0.50743127,0.7203306,0.44926953,0.4429039,0.25950822,0.7874871,0.3228059,0.1946571,0.1437851,0.31979296,0.20172577,0.06539493,0.102354795,0.2786599
0.0,730.91364,400.3543,27.944252,7.781701,4.044772,1.225398,0.6042415,0.97389454,0.19471604,0.06157564,0.053589664,0.031381197,0.008487489,0.09781521,0.04220594,0.04636636,0.02448657,0.056561787,0.10818187
0.0,203.9218,11.265685,0.9540624,0.18837045,0.073419906,0.075557336,0.024732124,0.012534465,0.019572841,0.012329302,0.019982003,0.008489558,0.010093128,0.004008039,0.0023041042,0.0015732022,0.002966279,0.0020650628,0.00066685636
0.0,1632.4951,94.88937,79.10345,39.740616,15.988172,1.346053,2.8110485,0.9913893,0.91563904,0.47393852,0.059319332,0.2741254,0.42131078,0.30442655,0.33290443,0.22160137,0.2176959,0.26150352,0.12061989
0.0,0.0,0.0,1528.5627,138.15382,108.86739,15.131143,69.42634,3.7849717,2.4227302,0.97054666,0.4888763,0.2818583,0.026297968,0.02860055,0.5926552,0.06369118,0.15429169,0.4757438,0.2381659
0.0,105.67396,3.7030268,6.3451176,0.2679717,0.17722341,0.30282885,0.27185088,0.13915919,0.3266382,0.10531852,0.025961716,0.32129925,0.23311478,0.33572212,0.07095456,0.074339285,0.0052060983,0.006450403,0.0073317434
0.0,593.0066,247.01172,489.38632,31.134043,16.764414,1.2789594,0.7247875,2.2425005,3.7789419,0.7734489,0.0,0.95088625,0.33592233,0.0763358,0.05957676,0.026402393,0.020004319,0.05234218,0.053112023
0.0,342.5511,1.8428655,0.005472959,0.00035590897,0.00019259242,6.143419e-05,3.0268566e-05,2.1957163e-05,6.596718e-06,1.35762675e-05,9.197682e-06,1.0109119e-05,3.2985117e-06,1.3032904e-06,2.1083579e-06,9.3354174e-07,6.2145136e-07,4.9712526e-07,9.424839e-07
0.0,17.909767,1.1476408,0.18413702,0.03155982,0.01276961,0.019858755,0.007858156,0.006884175,0.003981729,0.0051085427,0.0028419767,0.00016431688,0.00036103593,0.0010136954,0.00018982789,0.00044621152,0.0002669682,5.4125077e-05,7.375795e-05
0.0,0.0,0.0,0.0,0.0,0.0,0.0,0.0,0.0,0.0,0.0,0.0,0.0,0.0,0.0,0.0,0.0,0.0,0.0,0.0
0.0,1776.6514,25.141724,0.00019702055,1.907756e-08,4.5474735e-12,2.728484e-12,2.728484e-12,0.0,9.094947e-13,9.094947e-13,1.8189894e-12,0.0,0.0,0.0,0.0,0.0,0.0,0.0,0.0
0.0,465.18228,7.5579777,2.1101608,0.7545953,0.21945462,0.20259906,0.11998485,0.08047017,0.080420524,0.018328523,0.04701368,0.03279602,0.024003794,0.0065729204,0.016123269,0.009194065,0.009034064,0.00839481,0.0033403717
0.0,816.3084,7.4009814,1.1586128,0.2997446,0.16125977,0.02189337,0.049913388,0.067165926,0.036851738,0.0068605905,0.015352121,0.010838311,0.0056636934,0.0046531498,0.0044432343,0.00228355,0.0018431826,0.002117657,0.0007647252
0.0,0.0,0.0,0.0,0.0,0.0,0.0,0.0,0.0,0.0,0.0,0.0,0.0,0.0,0.0,0.0,0.0,0.0,0.0,0.0
0.0,0.0,2955.551,14.264656,0.00095359463,6.032815e-07,3.517016e-09,1.546141e-11,0.0,9.094947e-13,0.0,2.728484e-12,9.094947e-13,0.0,0.0,0.0,9.094947e-13,0.0,0.0,0.0
0.0,268.04376,31.989872,10.304124,2.134433,1.155144,1.2459662,0.2471884,0.5872198,0.3666754,0.98801863,0.42324704,0.059223123,0.4842163,0.102042936,0.15775782,0.12339046,0.35417932,0.06431334,0.41087356
0.0,1565.4668,1096.59,264.66602,11.438777,3.255578,1.2871897,1.3698031,0.3295387,0.32410136,0.29663762,0.15111788,0.08988131,0.13109359,0.037398044,0.01771665,0.03604961,0.06538982,0.010823967,0.0049362276
0.0,278.21503,45.45105,15.682168,4.6280375,1.4248221,3.683069,5.9947395,0.68836546,0.27521226,0.12240608,2.2974265,1.6470814,0.042502288,0.001351364,0.45394135,0.17458516,1.0034212,0.499868,0.14068548
0.0,1572.2615,707.78265,21.563139,0.85894156,0.00032784746,1.9290383e-09,2.3010216e-10,6.366463e-12,9.094947e-13,9.094947e-13,0.0,0.0,0.0,0.0,0.0,0.0,0.0,0.0,0.0
0.0,1482.192,205.23625,22.393147,0.6206728,0.76201254,0.58303905,0.32209805,0.19924644,0.010196405,0.0,0.82591623,2.4925816,0.49624646,0.8997005,0.0,0.24546349,0.37991157,0.103222065,0.00072263594
0.0,0.0,0.0,0.0,0.0,905.19025,24.620516,5.257978,0.6624737,0.5442759,0.1833011,0.08373499,0.051234256,0.028152421,0.006349337,0.010736111,0.00879778,0.012839088,0.0079343645,0.008216279
0.0,0.0,0.0,0.0,0.0,0.0,0.0,0.0,0.0,0.0,0.0,0.0,0.0,0.0,0.0,0.0,0.0,0.0,0.0,0.0
0.0,0.0,0.0,0.0,0.0,0.0,0.0,0.0,0.0,0.0,0.0,0.0,0.0,0.0,0.0,0.0,0.0,0.0,0.0,0.0
0.0,129.61963,0.76576775,0.057894476,0.013587534,0.008320157,0.016735079,0.0031941135,0.0011656767,0.00063884864,0.0005849263,0.002539031,0.00026032527,0.0007337197,0.00025014623,0.0002797531,0.00032827648,0.00011408705,6.0033024e-05,3.0437739e-05
0.0,1951.2433,1504.7949,0.28441527,7.703844e-06,2.3464963e-10,1.8189894e-12,1.8189894e-12,0.0,0.0,9.094947e-13,9.094947e-13,0.0,0.0,0.0,0.0,0.0,0.0,0.0,0.0
0.0,407.78226,15.12825,3.5323415,2.7622073,0.5279502,0.44596207,0.14302051,0.048564967,0.08748905,0.11909818,0.06649454,0.061260387,0.02907316,0.024245568,0.02386109,0.4338656,0.24469231,0.034978375,0.036131896
0.0,825.30115,324.73935,245.43092,2.2749891,0.21680906,0.041994497,0.06930693,0.014203909,0.011892948,0.010956402,0.0049804053,0.0053705308,0.0030137517,0.0019329668,0.0024158298,0.0010623976,0.00074179855,0.002765303,0.0011346168
0.0,0.0,0.0,0.0,0.0,0.0,0.0,0.0,0.0,0.0,0.0,0.0,0.0,0.0,0.0,0.0,0.0,0.0,0.0,0.0
0.0,869.5868,266.90814,75.34471,14.3587055,5.5741806,1.6085573,0.37347344,2.4157817,0.8686016,0.19244422,0.69959134,0.4673402,0.26367462,0.020367203,0.1265433,0.22510765,0.2879657,0.6186763,0.64834994
0.0,165.11664,4.875415,0.66980314,0.25327423,0.13377342,0.073734865,0.034603696,0.035312723,0.031479545,0.024472687,0.014816256,0.016235195,0.008234203,0.007620013,0.0027766314,0.0021458152,0.0022081875,0.002288767,0.0014942928
0.0,1689.7308,2.2640247,0.0010199272,4.2538886e-07,4.456524e-11,0.0,0.0,0.0,0.0,0.0,0.0,0.0,0.0,0.0,134.52806,4.3055954,3.2091658,0.60258245,0.30319244
0.0,1658.1306,25.778566,0.00052363647,1.821627e-08,5.456968e-12,0.0,0.0,0.0,0.0,0.0,0.0,0.0,0.0,0.0,0.0,0.0,0.0,9.094947e-13,0.0
0.0,0.0,0.0,0.0,465.3502,130.49767,9.494274,0.020541485,0.0033500858,4.0468203e-06,6.3055268e-09,2.4556357e-11,9.094947e-13,0.0,0.0,0.0,0.0,0.0,9.094947e-13,2.728484e-12
0.0,503.97208,0.51248795,7.463799e-06,4.0381565e-10,9.094947e-13,9.094947e-13,0.0,0.0,0.0,0.0,0.0,0.0,0.0,0.0,9.094947e-13,0.0,0.0,0.0,0.0
0.0,891.60834,43.920437,2.039824,0.67194384,0.20394129,0.14001323,0.2451606,0.05163058,0.014170189,0.062679686,0.016378006,0.039677516,0.023912119,0.0012898907,0.0076288003,0.0010270583,0.0050706994,0.014095751,0.045029145
0.0,0.0,0.0,0.0,0.0,0.0,0.0,0.0,0.0,0.0,0.0,0.0,0.0,0.0,0.0,0.0,0.0,0.0,0.0,0.0
0.0,701.96313,8.763134,2.3051858,0.83319557,0.21781822,0.09354605,0.1413818,0.15953067,0.044894915,0.054673992,0.009194379,0.0060383156,0.0075043044,0.010239931,0.023515819,0.0113449395,0.021443976,0.021276996,0.02086284
0.0,1249.0126,51.022705,3.629274,1.9896053,0.42871377,0.13101634,0.11340952,0.2155707,0.0,0.104137346,0.049222287,0.027361639,0.022408314,0.020525046,0.011387066,0.008112502,0.02191038,0.008718315,0.0068582874
0.0,377.36526,94.60152,41.095974,28.787271,5.0353985,8.835498,4.3444624,1.9016311,2.1670594,0.5508447,1.0847667,0.78073174,0.8294073,2.3342402,2.3621283,1.3240039,0.23569344,0.7888779,1.3160204
0.0,1197.6702,95.78405,0.21299061,0.0069590355,0.004143136,0.0016723197,117.85485,24.92495,3.576353,1.4382774,0.7178539,0.18385014,0.10438206,0.02333157,0.023254706,0.0041178716,0.018982854,0.038597677,0.028659124
0.0,53.957935,0.24924898,0.031240815,0.012849821,0.0076142247,0.0027234836,0.0021059776,0.002212191,0.0011371197,0.0010014356,0.0009276466,0.00024432057,0.0003989986,0.00018820606,8.1541206e-05,0.00029003606,7.456485e-05,0.00015349971,9.075894e-05
0.0,2758.7324,875.5518,0.88717854,2.689864e-05,8.053576e-09,0.0,0.0,9.094947e-13,0.0,0.0,0.0,0.0,0.0,0.0,0.0,0.0,0.0,0.0,0.0
0.0,843.8967,2.7126727,0.00063356565,6.2218533e-09,9.094947e-13,0.0,0.0,1.8189894e-12,0.0,0.0,0.0,0.0,0.0,0.0,0.0,0.0,0.0,0.0,9.094947e-13
0.0,479.22937,107.037346,0.70176625,0.00025516457,2.8470367e-07,2.401066e-10,9.094947e-12,1.8189894e-12,0.0,9.094947e-13,0.0,9.094947e-13,1.8189894e-12,0.0,0.0,0.0,0.0,0.0,0.0
0.0,651.173,101.334656,26.05329,2.6318085,0.6003253,0.9876773,0.2968065,0.21228465,0.20434715,0.05998191,0.03591352,0.04862792,0.035908673,0.04641328,0.017643543,0.03012367,0.010420151,0.0065939864,0.016999096
0.0,875.6532,161.67422,8.415331,2.4731328,2.812899,0.9007707,0.84101844,0.4024382,0.2811715,0.046955742,0.31569156,0.09184486,0.17474711,0.30407655,0.07864091,0.08750803,0.054745905,0.18337816,0.14843927
0.0,0.0,0.0,654.27014,2.028597,0.035861973,0.0016660029,0.00056724803,0.00022739633,0.0001374473,3.9371203e-05,9.687672e-06,2.7816921e-05,1.1443368e-05,4.8862457e-06,7.4950167e-06,7.923902e-06,2.7301276e-06,3.051544e-06,1.3459912e-06
0.0,187.50319,69.65854,362.78088,87.370155,4.010925,0.0,0.0,0.0,0.4628882,0.16599153,0.1707313,0.035565384,0.016669204,0.021553433,0.005723962,0.0030677768,0.002092908,0.0030746795,0.0013578655
0.0,1891.3922,650.73755,63.03251,8.872156,0.21885586,0.30257452,1.2128696,0.35700288,0.18159473,0.14362991,0.28293163,0.8513323,0.3003104,0.26085496,0.13499975,0.07542642,0.026204871,0.04143301,0.006776436
0.0,1192.429,14.642196,1.4352276,0.526815,0.30486703,0.15258639,0.2251452,0.13828804,0.038488824,0.041763328,0.030085145,0.012670194,0.009175928,0.025415853,0.02173272,0.018305646,0.0,0.029510355,0.017683325
0.0,841.63116,211.3103,19.62133,8.832276,5.491939,0.0,0.0,0.0,0.34920064,0.7599758,0.10744688,0.10739167,0.27315024,0.2709037,0.14555696,0.025786467,0.8067114,0.6032887,0.24376374
0.0,573.61414,136.0705,104.21586,122.37778,9.94116,0.632883,1.2297072,0.18185137,0.11816725,0.12260295,0.014560065,0.021621091,0.019333668,0.0034358038,6.372268e-05,0.47127074,0.23295212,0.19589798,0.0015304642
0.0,111.83544,0.07002767,6.8961526e-07,3.2287062e-10,9.094947e-13,9.094947e-13,0.0,0.0,0.0,0.0,0.0,0.0,0.0,0.0,0.0,0.0,0.0,0.0,0.0
0.0,0.0,0.0,0.0,0.0,1864.023,28.521244,20.814222,2.4598222,1.1468776,0.6120772,0.58006,0.13327506,0.22413267,0.19201633,0.25979513,0.04329101,0.15152727,0.063934445,0.030810446
0.0,488.56152,30.385134,2.4323773,2.3020327,20.327917,0.81550455,0.012453841,0.0,0.0,0.0,0.0,0.0,0.0,0.0,0.45306587,0.007203229,0.7471397,1.3999853,0.33447665
0.0,1411.1567,71.45098,4.69617,1.3365513,0.21893583,0.080249,0.022915442,0.029779037,0.016441725,0.009967084,0.005400972,0.005814766,0.0021260364,0.008957541,0.008657129,0.006904103,0.0037674347,0.006542739,0.0025125565
0.0,572.7257,1.1617265,1.367473e-05,1.0641088e-10,0.0,9.094947e-13,9.094947e-13,0.0,0.0,0.0,0.0,0.0,0.0,0.0,0.0,0.0,0.0,0.0,0.0
0.0,2495.9456,687.8628,159.57346,58.049294,54.254562,8.259846,17.9955,2.6182551,1.5688155,2.4662752,0.30254364,0.28724572,0.21592298,0.40501624,0.29101834,0.12284536,0.013364908,0.39505482,0.020732043
0.0,147.16116,0.013742346,3.950824e-06,2.1464075e-10,1.8189894e-12,114.36425,24.629381,3.0225325,0.7525531,0.38160542,0.3575153,0.22823004,0.13791312,0.048078474,0.07528609,0.034345314,0.021890707,0.015438159,0.018027816
0.0,2521.993,99.40917,21.902647,11.364835,3.0022135,1.1115351,1.0884792,0.36831164,0.32435828,0.47775784,0.2574489,0.15390968,0.07199404,0.26300132,0.31037086,0.062330786,0.13414045,0.20964663,0.42920956
0.0,2449.1594,500.67813,87.015755,16.054289,3.048639,2.047235,0.5985207,2.0411277,0.44725657,0.55403227,0.24151626,0.079853326,0.12444325,0.12399944,0.11727301,0.08741448,0.18674462,0.1519262,0.0
0.0,0.0,0.0,0.0,0.0,0.0,0.0,0.0,0.0,0.0,0.0,0.0,0.0,0.0,0.0,0.0,0.0,0.0,0.0,0.0
0.0,151.22754,17.649836,4.825283,4.842598,3.5421197,4.6860476,2.0325315,4.701895,1.3087062,1.906449,3.6673346,3.284714,5.1247797,0.667123,2.7973948,4.817085,2.8299484,4.953814,1.3018019
0.0,45.362785,0.13637927,0.00043542605,2.553952e-08,1.8189894e-12,9.094947e-13,0.0,9.094947e-13,0.0,0.0,0.0,0.0,0.0,0.0,0.0,0.0,0.0,0.0,0.0
0.0,343.25568,92.57637,15.62324,1.7414502,0.72146165,0.45273238,0.2059834,0.16002089,0.05944244,0.05204223,0.048372492,0.040066186,0.029996531,0.013096249,0.010850199,0.02480545,0.015058122,0.003790942,0.0041054264
0.0,153.03851,2.277804,0.09487924,0.031785287,0.007918961,0.005318461,0.002635802,0.0019939744,0.0043520173,0.0017333027,0.0012694349,0.0011188275,0.00047203057,0.00039875504,0.0007061605,0.0002299874,0.00034101994,0.00016644657,0.0003446304
0.0,196.37798,3.4848483,0.33593416,0.0670219,0.03080601,0.016994797,0.0063684774,0.0052194563,0.0030172283,0.002636219,0.0019742032,0.0010544725,0.003962351,0.001307771,0.00081252086,0.0008405207,0.0012760031,0.0,0.0006119904
0.0,455.33728,44.95131,6.2351856,3.854902,0.62998855,1.933896,0.8069238,2.4085357,1.1042833,0.30065224,0.07301016,1.0141037,0.112124816,0.43814388,0.25833032,0.022828573,0.00071362284,0.19623783,0.43504542
0.0,229.20126,13.899998,2.4332616,0.7325939,0.21060474,0.12163052,0.14104086,0.10328091,0.04982559,0.032982383,0.032637663,0.032715652,0.020290826,0.028281678,0.010772169,0.05139968,0.014506895,0.0021207554,0.004866376
0.0,713.74115,255.853,29.280218,3.2908392,0.91144407,0.24404088,0.119948596,0.21020655,5.5593967,0.23142308,1.7265456,0.66344935,0.30592114,0.121160604,0.07919079,0.2737545,0.13857812,0.03149967,0.052408945
0.0,739.2111,4.1081653,0.67198473,0.21936756,0.09976232,0.09338827,0.037619825,0.026920298,0.010665291,0.005672081,0.0065931263,0.0094262,0.003189078,0.0014296442,0.002155399,0.0038463562,0.0026606792,0.0018830778,0.0026385896
0.0,149.02179,1.6444529,4.334748,1.7002047,1.1333632,0.117061816,0.009221124,0.042648245,0.0028113064,0.01955276,0.1654933,0.11785335,0.046726048,0.0807288,0.0515098,0.060408834,85.90737,8.661882,0.6983009
0.0,626.3356,3.6071591,0.31490678,0.13660319,0.03846922,0.03621138,0.055214778,0.049778316,0.032782257,0.014889069,0.0053754393,0.015706202,0.0030407235,0.009240843,0.0020391385,0.00011613522,0.003012798,0.008893418,0.0049066213
0.0,650.6969,23.08614,3.2556777,2.525593,2.684423,3.691301,1.0796287,0.7527481,0.050187867,0.011744891,0.21673007,0.21214844,0.010307124,0.057453755,0.029865177,0.07715634,0.1941381,0.27298293,0.1891508
0.0,199.67906,63.384304,12.352819,5.983503,1.7236073,1.0564861,0.5649391,0.27505642,0.18921785,0.08153095,0.08185082,0.019987013,0.005650609,0.013433439,0.021262717,0.032280285,0.0058699525,0.014317663,0.024831705
0.0,2963.2324,62.729877,0.099021494,1.6004786e-05,9.531504e-10,3.1832315e-11,9.094947e-13,0.0,0.0,0.0,0.0,1.8189894e-12,0.0,0.0,9.094947e-13,0.0,0.0,0.0,0.0
0.0,1582.7,185.55963,144.3086,43.022297,6.8688173,3.5896664,8.391408,0.65535355,11.3403425,6.081215,0.27148795,0.32034105,0.13594103,0.021062156,0.400161,0.0,0.25161085,3.2703218,7.031362
0.0,1237.9694,252.36687,11.005898,7.7819595,3.2215035,1.5388675,1.0502301,3.5945215,0.26887974,0.5246286,0.1491872,0.4807506,0.07534556,0.38452017,0.28985372,0.2221625,0.10065359,0.027484896,0.0024026132
0.0,440.31564,237.07394,24.226294,3.1489036,0.40168825,0.53368723,0.111065716,0.07548901,0.069512516,0.02602787,0.037284467,0.028762141,0.03811647,0.03823431,0.0053825825,0.020307032,0.008190037,0.015165701,0.003694966
0.0,303.3582,27.749016,7.7345314,0.90628713,0.093902156,0.0,0.17926592,0.13547908,0.091397405,0.32354653,0.020617308,0.026336774,0.05044792,0.023532778,0.0063421912,0.06119348,0.0066769826,3.2155376e-06,0.000298352
0.0,2874.1084,441.42743,5.702539,117.20265,22.232996,4.5464478,0.7052853,0.14522049,0.16227433,0.22007464,0.3630431,0.2667965,0.14105268,0.15415746,0.029531943,0.007988642,0.0032770622,0.003184976,0.005809178
0.0,254.92528,17.049587,5.8598437,1.712524,0.505697,1.7998321,0.0,4.2681584,1.3898752,0.62660193,0.32678553,0.91281086,0.11949565,0.13272439,0.06854233,0.6132622,0.39487013,0.38025475,0.07341377
0.0,821.1274,0.3796601,0.004824393,0.0001657158,9.2378454e-05,0.00014058499,6.878334e-05,3.4537698e-05,4.6474834e-06,1.6753362e-05,8.279455e-06,4.3591454e-06,9.218892e-06,3.7463524e-06,2.427114e-06,1.379869e-06,8.2313636e-07,6.212895e-07,4.4719945e-07
0.0,543.15485,31.561975,6.295177,2.4937015,2.378306,1.6042044,0.3915349,0.47382134,0.03131243,0.04686606,0.06151702,0.11091555,0.074297875,0.05902367,0.029700682,0.009576243,0.007753203,0.00822836,0.019269617
0.0,857.70935,16.618683,2.0324125,0.60304564,0.19836085,0.13909496,0.09513979,0.0521843,0.027912911,0.009995359,0.011441557,0.008435307,0.04028026,0.010236668,0.007560251,0.009989769,0.003171449,0.007904313,0.0042903316
0.0,664.00653,0.28272402,1.4327079e-06,1.6416379e-09,9.094947e-13,0.0,0.0,1.8189894e-12,0.0,0.0,0.0,0.0,0.0,0.0,0.0,0.0,0.0,1.8189894e-12,0.0
0.0,1944.9236,395.80673,27.56087,3.8728204,3.620234,2.021477,0.102515794,0.140936,0.054067064,0.04126513,3.587256,0.541962,0.4796108,0.0,0.0,0.0,0.0,0.0,0.0
0.0,869.6955,309.31998,94.07883,60.912243,42.813957,6.363886,1.2106186,2.8845131,0.8722831,0.42177856,1.2257675,1.2475184,1.355765,0.15129678,0.42107704,0.21778697,0.20014693,0.07153087,0.0343808
0.0,517.33093,6.315627,0.17223565,0.051599056,0.021928871,0.0073231054,0.001963518,0.0021928232,0.0011111305,0.0009523312,0.00053295644,0.0006766424,0.00023416258,0.00017002752,8.290648e-05,0.00018677191,3.6266716e-05,9.462714e-05,8.641659e-05
0.0,1025.7113,52.634327,14.349417,1.5618176,0.28644246,0.21826918,0.13628404,0.13085309,0.026569728,0.04602631,0.027061572,0.009280735,0.020066032,0.01945463,0.03323646,0.013221692,0.005652552,0.015507795,0.012245757
0.0,3100.9146,491.7726,16.951195,1.1989571,0.19291516,0.12040947,0.11444077,0.033450205,0.03732383,0.010751454,0.012192169,0.01600735,0.009036179,0.013259959,0.0039338334,0.019467944,0.005388005,0.0022296384,0.005156811
0.0,66.16166,3.4384203,0.5129489,0.24346967,0.18595882,0.07632905,0.054367233,0.017251374,0.017576208,0.015571743,0.008035395,0.010392657,0.0082338955,0.003428037,0.0033170674,0.0024567493,0.0026296985,0.00091300433,0.0021392861
0.0,527.8852,0.08715837,0.002059704,0.00087357237,0.0004007652,0.00021437473,7.7998935e-05,5.0006045e-05,2.6865368e-05,1.9551935e-05,1.6030088e-05,1.4086204e-05,5.752257e-05,1.4871251e-05,8.657447e-06,2.2785416e-06,3.3370416e-06,8.212792e-07,2.1990663e-06
0.0,65.537865,4.8686213,3.541393,0.271725,0.43682873,0.13648595,0.065032095,0.053125687,0.3144877,0.39621645,0.0007501925,0.33070078,0.04091467,0.031781062,0.0021721455,0.018457977,0.07557953,0.093623765,0.009747413
0.0,2306.019,75.966866,1.7822348,0.6581657,0.21376164,0.076509915,0.031888407,0.029956043,0.01980305,0.012963446,0.007040469,0.00598813,0.002160682,0.0021374791,0.0009761182,0.0011826404,0.00096780015,0.00021041586,0.00028454457
0.0,56.545414,0.0013543543,1.5686328e-07,0.0,0.0,0.0,9.094947e-13,9.094947e-13,3.637979e-12,0.0,0.0,0.0,0.0,9.094947e-13,0.0,0.0,9.094947e-13,0.0,0.0
0.0,69.23957,0.9112733,0.054696325,0.03573065,0.017408604,0.011814633,0.003149699,0.0022683365,0.0014116983,0.0011931206,0.00067940744,0.0011005356,0.0011478068,0.00063659315,0.00061941193,0.00038255766,0.00037736466,0.00046084097,0.00042529008
0.0,171.48747,5.076248,0.47105718,0.14279455,0.063264646,0.04411812,0.028641844,0.033577014,0.019932969,0.021664547,0.014353659,0.005784324,0.0053252336,0.0022511557,0.0014784638,0.001518359,0.0030325265,0.0027690066,0.0013545038
0.0,0.0,0.0,0.0,0.0,0.0,0.0,0.0,0.0,0.0,0.0,0.0,0.0,0.0,0.0,0.0,0.0,0.0,0.0,0.0
0.0,0.0,289.62836,19.034754,5.2131724,0.67394006,0.18655005,0.3188693,0.261963,0.40143752,0.25587472,0.1012226,0.074179344,0.04169287,0.05322566,0.32096064,0.0050098696,0.0025343446,0.04633636,0.05015973
0.0,973.6194,9.527159,1.8724226,0.18064316,0.036089588,0.023325402,0.014549304,0.0131503325,0.006489244,0.00745545,0.009861237,0.0033636494,0.0030133,0.0013001967,0.0020944064,0.0060014776,0.0039470308,0.0021216478,0.001544778
0.0,1804.3489,478.32703,18.871387,5.3026853,0.71814656,1.8746021,0.3058597,0.24948238,0.032607406,0.016581528,0.064060315,0.116979845,0.09676896,0.096166156,0.11974846,0.08593021,0.08041584,0.12844501,0.09452682
0.0,368.5688,40.23532,49.380665,13.928483,18.149923,2.9714503,6.8495073,1.7189951,1.3494561,6.370511,1.6379576,0.16722238,0.52497286,0.030571802,0.016947508,0.19186102,0.1546855,3.5806644,7.285502
0.0,2563.483,255.84819,1.7234393,4.2081178e-05,1.7040293e-08,3.637979e-12,0.0,0.0,0.0,0.0,0.0,0.0,0.0,0.0,0.0,0.0,0.0,0.0,0.0
0.0,494.9558,0.32065815,0.01324131,0.0014402393,0.0011594704,0.0006108382,0.00020857215,0.00025495165,0.000112146154,1.7648568e-05,2.32762e-05,2.2785867e-05,4.8011017e-05,7.023206e-05,1.5078205e-05,1.7069484e-05,1.9404251e-05,1.2463447e-05,1.3862386e-05
0.0,1527.1545,312.33087,17.35685,12.402333,3.505248,0.4181982,1.5555722,2.084646,0.4841069,0.53482234,0.27176476,0.4340622,0.35676506,0.26389045,0.07488728,0.014632214,0.03720611,0.14154497,0.20371947
0.0,958.2127,1890.6987,93.7708,0.7633077,0.14770271,0.051933553,488.67856,20.456198,0.0006473392,1.0029908e-08,9.094947e-13,2.728484e-12,9.094947e-13,0.0,0.0,0.0,0.0,0.0,0.0
0.0,1597.1702,186.68477,232.27484,5.231742,1.6148098,0.69201815,0.52126896,0.49091187,0.28710783,0.2183282,0.19346493,0.09133153,0.0771744,0.07568703,0.03406978,0.028793186,0.018800188,0.01924324,0.04437369
0.0,521.71063,131.06897,15.2608385,1.8388507,0.5102526,0.8765834,0.0,0.4047464,0.1637696,0.09429428,0.13611262,0.012299988,0.057180673,0.012118707,0.010820065,0.0020561565,0.0008540491,0.0006970794,0.015275318
0.0,616.734,0.3961726,8.608077e-06,4.5383786e-10,4.092726e-11,3.637979e-12,1.8189894e-12,0.0,0.0,0.0,0.0,0.0,9.094947e-13,9.094947e-13,0.0,0.0,0.0,0.0,0.0
0.0,574.35846,60.22547,2.5325465,0.3991458,0.14718287,0.14250927,0.07640261,0.012082388,0.036806643,0.023432648,0.020349266,0.008165107,0.007617606,0.010320664,0.010107802,0.020069895,0.018892048,0.014098539,0.0075682322
0.0,2918.2112,0.0,0.0,0.0,0.0,0.0,0.0,0.0,0.0,0.0,0.0,0.0,0.0,0.0,0.0,0.0,0.0,0.0,0.0
0.0,1852.8684,1.6918449,0.10989929,0.02739705,0.015010656,0.0059322175,0.0026133682,0.0026666643,0.0027336436,0.0018492633,0.0021907291,0.0012231343,0.001394128,0.0011646425,0.00052968704,0.0006375426,0.0005009996,0.00054742256,0.00022578442
0.0,0.0,0.0,668.4313,946.9591,15.345932,3.9517536,2.4433856,0.44042403,0.47925782,0.26603246,0.06874541,0.05990267,0.03665645,0.008703841,0.0133685395,0.01151292,0.0082988255,0.004747307,0.003028811
0.0,201.40086,21.704008,8.119138,64.86542,320.46207,3.669985,0.7032862,0.385616,0.09160236,0.11803046,0.04131954,0.010540481,0.013421883,0.026507571,0.012276378,0.0072840545,0.004108008,0.004159098,0.0029549086
0.0,822.71216,0.0,2379.13,47.246788,1.0859013,0.11622019,0.09223762,0.085461184,0.03167823,0.014681207,0.025348788,0.017183306,0.005523125,0.0039643496,0.005700564,0.0063405796,0.002872942,0.006438897,0.005227591
0.0,1107.2955,40.71839,2.516433,0.19708078,0.07684646,0.04582104,0.023436472,0.028706472,0.0065754605,0.005239919,0.0048160017,0.0036116675,0.0,0.0,0.0,0.0,0.0,0.0,0.0019583541
0.0,1035.7955,49.480087,13.856189,10.107783,5.928447,7.4503865,5.4040627,1.9697973,2.43867,1.6909231,0.67770857,0.35707688,0.44673887,1.2301337,0.6321005,0.48345786,0.24582505,0.18180318,0.03731401
0.0,893.88104,16.50043,2.7995741,1.9025724,0.4482051,0.17902465,0.5309812,2.3352365,0.0,1.9487829,3.4250705,0.14098158,0.13598524,0.030242756,0.009982485,0.025099419,0.15556538,0.20092396,0.2260303
0.0,382.06903,455.97028,104.00549,29.461935,16.165165,20.60082,0.0,0.0,5.355087,0.71464443,0.17552812,1.386376,1.5749047,0.0051668356,0.0010725831,0.00022863317,0.0035590709,0.13617261,0.04195884
0.0,783.5007,731.19025,379.01266,52.083702,6.9471374,4.506776,2.85606,3.2339013,0.50021696,0.92468935,2.5501008,0.49650124,0.58213526,0.14084685,0.09954233,0.024654,0.039063703,0.4132056,0.89069086
0.0,638.42255,14.957021,6.0818505,1.1889894,0.59302187,0.5386454,0.24377693,0.73894286,0.360965,0.96176803,0.19365148,0.4600352,0.025202058,0.013878397,0.024470678,0.03913154,0.011045717,0.03467367,0.10761609
0.0,174.95705,0.5145717,0.0,0.16446742,0.039657775,0.018193213,0.0045292536,0.010180705,0.0048850235,5.3973024e-05,2.4584831e-05,0.0011358951,0.00039853918,0.00055610604,0.00014270155,0.0009879203,0.00065029034,0.00016597392,4.878765e-05
0.0,342.77383,0.032753337,2.148351e-06,5.275069e-10,1.36424205e-11,2.728484e-12,1.8189894e-12,9.094947e-13,0.0,0.0,0.0,0.0,0.0,0.0,0.0,9.094947e-13,0.0,0.0,9.094947e-13
0.0,1838.213,101.087006,12.71592,84.58558,163.13278,51.21043,7.182503,2.0007591,0.48039833,0.43734494,0.36607006,0.11837525,0.06106175,0.08876611,0.0335266,0.024789872,0.026466973,0.07817856,0.049537376
0.0,109.28005,8.7873125,2.7329473,1.1972265,0.29645076,0.1929026,0.11586219,0.057415176,0.040141087,0.034371257,0.020999862,0.007973042,0.015259503,0.0121404305,0.009393328,0.0043012863,0.0035711727,0.0044422667,0.0032349383
0.0,236.8722,6.856253,0.6711555,0.21765181,0.09696909,0.086672716,0.09561496,0.13319848,0.106725596,0.08737002,0.022852045,0.02017613,0.046334896,0.01219559,0.00067112857,0.0065924283,0.012547509,0.0045425254,0.0015373529
0.0,561.47626,341.228,242.71123,38.218483,23.026192,9.640175,3.9938958,0.7477041,2.5642564,0.65604746,0.33902922,0.24143735,0.6257468,0.23674135,0.0972256,0.16706243,0.17904113,0.008769572,0.0035349408
0.0,1697.7789,7.461452,0.0005169031,3.8205144e-08,2.419256e-10,1.8189894e-12,0.0,0.0,0.0,0.0,0.0,0.0,0.0,0.0,0.0,0.0,0.0,0.0,0.0
0.0,3176.895,80.335266,18.337023,3.0940318,1.9534007,0.39085016,0.22904249,0.19912548,0.19765854,0.16362485,0.08304819,0.10209515,0.060004327,0.0519185,0.035517555,0.023174789,0.013913435,0.028714199,0.021591702
0.0,39.498493,0.005937986,1.4250554e-06,1.3897079e-09,9.094947e-13,3.637979e-12,0.0,1.8189894e-12,9.094947e-13,9.094947e-13,0.0,0.0,0.0,0.0,0.0,0.0,0.0,0.0,0.0
0.0,0.0,0.0,0.0,0.0,0.0,0.0,0.0,0.0,0.0,0.0,0.0,0.0,0.0,0.0,0.0,0.0,0.0,0.0,0.0
0.0,635.1975,79.943855,3.8915634,0.4194073,0.09080109,0.03650922,0.046783578,0.029684436,0.022411074,0.008646177,0.004580178,0.0040931795,0.003914224,0.0008801086,0.0025673844,0.0030648853,0.000926244,0.0014984304,0.00082771824
0.0,115.78342,0.010533349,4.528265e-07,2.0372681e-10,2.228262e-10,1.36424205e-11,3.637979e-12,9.094947e-13,2.728484e-12,0.0,0.0,0.0,0.0,0.0,0.0,9.094947e-13,0.0,0.0,0.0
0.0,1371.7966,1212.9954,2.0861137,0.0006851961,2.3268512e-07,9.094947e-12,4.5474735e-12,0.0,0.0,0.0,0.0,0.0,0.0,0.0,0.0,0.0,0.0,0.0,0.0
0.0,636.06384,31.177238,6.179914,1.3481466,0.6413147,1.0588107,0.22984713,0.14828712,0.092938505,0.028635947,0.011722837,0.045072623,0.05672124,0.015835933,0.02981757,0.02793364,0.007871928,0.011442983,0.0014644528
0.0,923.90436,17.060535,0.00060234877,5.7478246e-08,3.637979e-12,3.637979e-12,0.0,0.0,0.0,0.0,0.0,0.0,0.0,0.0,0.0,0.0,0.0,0.0,0.0
0.0,813.9165,2.7391098,3.7258807e-05,2.6957423e-09,9.094947e-13,0.0,0.0,0.0,0.0,0.0,0.0,0.0,0.0,0.0,0.0,0.0,0.0,9.094947e-13,0.0
0.0,468.02097,4.136016,0.43850407,0.092040025,0.02555076,0.011003309,0.011824193,0.0071364497,0.0053783585,0.0037568994,0.00069334527,0.001056666,0.0010572432,0.0011447913,0.00063153077,0.00023559443,6.633756e-05,0.00050822523,0.00018287876
0.0,1243.9034,175.58037,7.979857,2.676694,10.120095,0.0,0.0,0.9093461,0.08741365,0.5389349,0.12559184,0.040049642,1.9608567,0.15806428,0.00022727929,0.0060876748,0.0052038804,0.6782296,0.7528477
0.0,275.53076,7.7310653,1.4708425,0.77966,0.73651934,0.08882496,0.027412673,0.03458182,0.02380014,0.050928082,0.01895613,0.011283391,0.01807811,0.008434918,0.008379396,0.0037769286,0.004985511,0.0009842879,0.0012237277
0.0,630.95123,0.04696211,8.328534e-06,3.7516656e-10,0.0,1.364242e-12,0.0,0.0,0.0,4.5474735e-13,9.094947e-13,0.0,0.0,0.0,0.0,0.0,0.0,0.0,0.0
0.0,385.63065,1.4372556,0.020518621,0.0025209265,0.00066753745,0.00040110818,0.00015330974,0.00020643345,0.00013243285,0.00018535522,0.00013805488,9.015994e-05,2.8983228e-05,1.4908336e-05,8.429167e-06,2.4994017e-05,1.982323e-05,2.501817e-05,2.0490814e-05
0.0,491.504,9.10418,0.0046503055,1.3237841e-06,6.9303496e-10,1.2732926e-11,1.8189894e-12,0.0,9.094947e-13,9.094947e-13,0.0,0.0,0.0,0.0,0.0,0.0,0.0,0.0,0.0
0.0,0.0,0.0,0.0,0.0,0.0,0.0,0.0,0.0,0.0,0.0,0.0,0.0,0.0,0.0,0.0,0.0,0.0,0.0,0.0
0.0,108.547935,0.035795305,1.8902952e-05,1.848639e-08,6.366463e-12,1.8189894e-12,9.094947e-13,1.8189894e-12,9.094947e-13,0.0,0.0,0.0,0.0,0.0,0.0,0.0,0.0,0.0,0.0
0.0,300.6879,7.3567786,1.4364789,0.13629906,0.03508705,0.042791065,0.05133661,0.02070478,0.006627474,0.0069371597,0.0039359094,0.0028626977,0.001124695,0.0006989708,0.00049115776,0.0015891438,0.00050092326,0.00047370224,0.0005132187
0.0,456.56314,4.8364983,0.6437767,0.0,0.4637725,0.19246422,0.05188468,0.053698722,0.053315494,0.062605366,0.034005743,0.021866001,0.06465379,0.01075291,0.101174,0.03041389,0.024013177,0.033333477,0.017514268
0.0,724.23456,55.953167,148.8912,6.0814676,3.002408,0.5248893,0.38443518,0.0,0.043687742,1.9413303,0.072959185,0.024669137,0.04439783,0.010287164,0.007608981,0.0125531275,0.036870584,0.0058895834,0.028252676
0.0,2824.5896,32.052177,0.03570273,2.2046352e-06,1.7325874e-09,1.9099389e-11,1.0913936e-11,1.8189894e-12,0.0,0.0,0.0,0.0,0.0,0.0,0.0,0.0,0.0,0.0,0.0
0.0,41.74492,0.038754344,7.2180286e-05,2.3419125e-07,8.54925e-11,1.8189894e-12,9.094947e-13,0.0,0.0,9.094947e-13,0.0,0.0,0.0,0.0,0.0,0.0,0.0,0.0,0.0
0.0,54.402855,0.6206965,0.06644134,0.005539493,0.011101233,0.0021324211,0.004042251,0.0013691338,0.0029011788,0.0013445258,0.0015449134,0.00040183056,0.00045449263,0.00039164574,0.0003968268,0.00029271003,0.00028732503,8.148579e-05,4.5922257e-05
0.0,798.34766,427.12207,0.0,251.66148,71.6428,4.453428,1.8493798,1.9794828,0.11075679,0.021621194,0.009056059,0.00060067174,1.664303,0.091470644,0.03418855,0.18474992,0.030003212,0.002370582,4.672852e-05
0.0,141.79256,3.9913466,0.5910491,0.30606553,0.2821846,0.24818729,0.09205329,0.11955052,0.094095096,0.03508414,0.010602046,0.023472395,0.017666822,0.02633253,0.02775602,0.017995652,0.00509365,0.019088738,0.0060549285
0.0,948.4908,295.35336,0.31419697,0.0022627523,0.00023340092,1.3618965e-06,7.0131136e-09,9.822543e-11,1.8189894e-12,9.094947e-12,1.8189894e-12,0.0,0.0,0.0,0.0,0.0,0.0,0.0,0.0
0.0,1095.4724,17.7668,9.574426,9.845557,52.179985,66.33157,146.76044,33.233437,22.796099,4.1665425,3.0067706,0.0,1.3017412,1.3669826,0.33898214,0.1545924,0.38832605,1.6159347,355.45667
0.0,2500.1948,19.950161,2.0373883,0.3531407,0.13940065,0.060736325,0.025004938,0.023906132,0.02228069,0.0066558435,0.0022959255,0.0023500917,0.010662796,0.004884178,0.0032929045,0.0023984113,0.0007085796,0.00050859206,0.00064851675
0.0,2389.5464,121.326355,9.142983,2.5889175,0.45669624,0.34628317,0.05684939,0.38324907,0.20411095,0.16802332,0.048877634,0.059318256,0.013158146,0.12805642,0.0631041,0.04078527,0.03128401,0.02505053,0.018165413
0.0,853.2517,91.85001,5.739684,0.5810056,0.31392655,0.084942386,0.09864461,0.040084925,0.10547388,0.03120065,0.034580465,0.012968402,0.0,0.031443074,0.013586586,0.011518539,0.0034472237,0.00507112,0.009780174
0.0,420.9739,6.8091817,1.6919804,0.7764769,0.5904323,0.22950031,0.04948977,0.020633478,0.07992794,0.2583799,0.13157044,0.22959396,0.0630553,0.113304846,0.013660322,0.037995953,0.15770605,0.06769915,0.016698292
0.0,264.87708,0.43592918,0.00047539957,4.938638e-07,7.230483e-10,1.0004442e-11,5.456968e-12,1.8189894e-12,0.0,0.0,0.0,0.0,0.0,2.728484e-12,1.8189894e-12,0.0,0.0,0.0,0.0
0.0,1283.0839,40.83164,2.24907,0.33722353,0.53047246,0.10032937,0.053280957,0.013570351,0.026144192,0.0098752165,0.009887959,0.0057083014,0.002130974,0.011148813,0.0,0.0047824513,0.0075882813,0.0016879773,0.007276133
0.0,1645.1526,985.2236,55.633064,5.050284,1.0678878,1.9730371,0.25484115,0.06521951,0.060941692,0.044209853,0.06643962,0.14388257,0.037805654,0.055350274,0.018065434,0.011477505,0.0053906464,0.0056937616,0.009944762
0.0,2549.9822,87.19031,1.2777542,0.35064146,0.032364033,0.12726086,0.08469869,0.026247505,0.024042418,0.0022144634,0.04497547,0.033022653,0.027238984,0.015336926,0.042385202,0.023849681,0.0083488785,0.0,0.071768425
0.0,0.0,0.0,1281.38,280.72076,109.72256,12.601287,10.29158,4.3547354,2.4065995,0.7022899,0.8146819,0.36860538,0.14679772,0.068658166,0.1448147,0.08107752,0.020292696,0.04652674,0.19528012
0.0,898.1638,59.42778,7.133876,5.1919756,2.3118,0.60128385,0.6936014,0.38305986,0.20109111,0.10655415,0.09002694,0.1718951,0.030203875,0.044792175,0.13476273,0.06685252,0.061482772,0.104864754,0.06293748
0.0,530.7275,193.02039,0.0,0.0,37.184574,15.000922,7.481315,2.1571407,2.1731114,0.47656226,0.36264652,0.47072756,0.29240996,0.5411038,0.34380728,0.86262393,0.4941135,0.36699638,0.15438032
0.0,114.09855,2.8851213,0.34457976,0.081121944,0.015228511,0.036580853,0.015294425,0.008352853,0.0013858343,0.0011898142,0.0015376415,0.0057173846,0.005684409,0.005110706,0.0048080115,0.00171317,0.0025371967,0.00090238434,0.0005752528
0.0,170.4549,12.396063,9.441619,2.4517822,8.110376,4.393848,2.7154763,1.2887483,1.5087548,0.7790373,0.6171961,0.007874616,0.06489102,0.12706318,0.08438939,0.00557438,0.00021635006,2.5679095e-05,4.995172e-07
0.0,994.7211,179.28569,40.57924,12.251681,4.765293,2.2236116,2.161226,0.7176861,2.027608,0.36156964,0.32035327,0.33984607,0.2741128,0.46693304,0.48149574,0.06155031,0.055608768,0.040127713,0.17763506
0.0,960.8647,0.3593226,6.890014e-05,6.7921064e-09,7.275958e-12,9.094947e-13,9.094947e-13,0.0,0.0,0.0,0.0,0.0,0.0,0.0,0.0,0.0,0.0,0.0,0.0
0.0,75.606865,2.5514271,0.9155864,0.61233133,0.28474376,0.17552246,0.0896486,0.11864723,0.087676756,0.013573075,0.016330747,0.018788168,0.03166321,0.0035220445,0.006000022,0.004234581,0.0045275744,0.0068207863,0.0027475823
0.0,126.76356,1.034552,0.1663314,0.03791352,0.032860756,0.009564,0.018174712,0.011310596,0.0053287693,0.0037685505,0.0029678855,0.002419306,43.03329,3.7597697,0.5511864,0.05387618,0.024205003,0.005747716,0.014149458
0.0,0.0,0.0,0.0,0.0,1812.6115,2759.421,22.627623,0.79194015,0.45951238,0.1188498,0.18602943,0.08888565,0.07534827,0.07171355,0.03742871,0.017820548,0.010398766,0.006532466,0.0189587
0.0,182.61491,0.005512221,9.328687e-08,1.8189894e-12,8.185452e-12,1.8189894e-12,0.0,9.094947e-13,9.094947e-13,0.0,0.0,0.0,0.0,0.0,0.0,0.0,0.0,0.0,0.0
0.0,1188.9679,13.527095,2.3275442,0.28965315,0.115228996,0.09397525,0.02718991,0.0046690847,0.0050687706,0.013519204,0.0148637835,0.017836668,0.008501337,0.005699742,0.0013170006,0.004874628,0.0024407527,0.0019486889,0.011204781
0.0,134.21753,1.3548951,0.07248243,0.021190226,0.0030816316,0.0061082114,0.006048097,0.0027068125,0.0004053085,0.0005010191,0.000113824404,0.0004987559,0.00037006324,0.00011600596,9.2212475e-05,0.0007479857,0.00042334822,0.00018435452,0.00010166164
0.0,562.3142,10.3936615,0.6611636,0.51131403,0.0,0.29535753,0.43448895,0.41729164,0.051320918,0.15119687,0.2509844,0.030380953,0.009405526,0.00079103437,0.00045426143,0.00025873826,0.01010719,0.008852551,0.037168074
0.0,83.39849,0.38827762,0.07460331,0.025649518,0.009731702,0.006863204,0.0010228731,0.00044541253,0.0007296217,0.0012143414,0.00064745353,0.000976924,0.00040900926,0.00012282308,0.0005034652,0.00042609635,0.00082348054,0.000194636,9.1842194e-05
0.0,2927.1196,311.49664,9.580411,0.008585855,2.6221687e-06,1.5485966e-08,1.2732926e-11,2.728484e-12,9.094947e-13,0.0,0.0,9.094947e-13,0.0,0.0,0.0,1.8189894e-12,0.0,0.0,0.0
0.0,82.532845,4.6956024,0.82157934,0.4714371,0.24951293,0.21325631,0.08891182,0.025874907,0.20821828,0.09365455,0.09212699,0.08576774,0.025761444,0.0899154,0.22040975,0.0072081736,0.0040726014,0.001641735,0.00024755366
0.0,269.01044,9.68309,0.34064126,0.14247955,0.036346495,0.011835554,0.017384069,0.0029206874,0.008763546,0.026614835,0.0078143,0.015044025,0.011764534,0.0062909997,0.0025741681,0.0050806766,0.001537624,0.001492002,0.00269123
0.0,1162.6436,101.17698,21.168991,5.4704328,8.048508,3.0626166,1.5815195,0.44855887,0.09460523,0.07990811,0.12973092,0.06528677,0.059562773,0.034085833,0.017701395,0.062759124,0.017629748,0.46194318,0.48127028
0.0,681.33105,0.2413775,1.4093084e-06,7.4578566e-11,0.0,1.8189894e-12,9.094947e-13,0.0,9.094947e-13,0.0,0.0,0.0,0.0,0.0,0.0,0.0,0.0,0.0,0.0
0.0,111.3459,9.003482,1.2125137,0.22257353,0.04689765,0.019479439,0.006034345,0.0014582464,0.005661376,0.041905914,0.012353936,0.018380852,0.0022340226,0.0020824263,0.0034323768,0.0026773007,0.008099396,0.0047091427,0.00030711782
0.0,0.0,398.17786,3.1022096,0.3835917,0.12976833,0.06636034,0.049463157,0.016625553,0.012347997,0.0034895546,0.009505457,0.0065922556,0.011350231,0.0055026594,0.0026810698,0.00094540603,0.00047304775,0.00065869413,0.00043821227
0.0,341.94366,1.9129349,0.16617392,0.047138102,0.025863703,0.0050115427,0.0022813373,0.0028530764,0.0021882718,0.0002898821,0.00041247607,0.00017991042,0.000493766,0.00016821863,7.645915e-05,0.000104843704,0.000102703285,0.0003188142,0.00024440183
0.0,1393.0052,80.102036,117.647606,34.988914,16.80799,0.9165489,0.0,0.0,0.0,0.0,0.0,0.0,0.0,0.0,0.043734223,0.0,0.0,0.0,0.26776
0.0,1296.3252,860.47003,7.976776,0.005862861,3.85965e-06,3.6725396e-09,1.8189894e-12,0.0,0.0,0.0,0.0,0.0,0.0,0.0,0.0,0.0,0.0,0.0,0.0
0.0,1950.8221,111.545815,27.707798,6.4011602,2.4279366,0.72432244,0.891579,2.146693,2.2734737,0.9828664,0.14124693,0.13866189,0.07499467,1.2842348,0.32638523,1.2926978,0.41297105,0.28001183,0.10638295
0.0,464.6644,13.552453,0.98142564,0.936097,0.921577,0.49731663,0.09045727,0.028211132,0.044402495,0.08511316,0.0551604,0.024113,0.009153484,0.006802235,0.006827358,0.026212675,0.012328229,0.003524342,0.009461696
0.0,916.83813,0.0,56.25555,39.73629,2.7282507,20.107111,2.7079127,5.2958317,0.026056692,0.22101599,0.009640364,0.08434564,0.3369017,0.17137659,2.0359738,0.0142471725,0.0,0.010923942,0.0021666673
0.0,1441.0448,1813.6367,4.191491,1.0243281,0.21342199,0.11469474,0.13103919,0.13982187,0.100924745,0.04621022,0.024133615,0.0031310127,0.007433796,0.022589147,0.006192039,0.0033048743,0.0025018752,0.004797729,0.004224434
0.0,527.44257,17.543465,1.9437076,0.24038322,0.12658556,0.038051248,0.016497394,0.036972243,0.027052514,0.02585113,0.020953087,0.0,0.038314156,0.027281696,0.02078033,0.03083485,0.012264147,0.012385574,0.013054007
0.0,180.89606,0.21587159,0.0004045987,1.3009294e-06,9.419637e-09,6.366463e-12,2.728484e-12,0.0,1.8189894e-12,0.0,0.0,0.0,0.0,0.0,0.0,0.0,3.637979e-12,0.0,0.0
0.0,661.9245,57.60328,7.6578174,6.6691275,2.4831736,3.4673233,1.2518754,1.2638239,0.53747845,0.66898847,0.35214317,0.0825535,0.035640284,0.6343709,1.596811,1.0949932,0.50183254,0.22115761,0.12523891
0.0,0.0,0.0,0.0,0.0,0.0,0.0,0.0,0.0,0.0,0.0,0.0,0.0,0.0,0.0,0.0,0.0,0.0,0.0,0.0
0.0,1747.7997,48.633484,2.3637524,0.96305513,0.5688596,0.44714305,0.22863606,0.13215601,0.12377645,0.02677353,0.03056887,0.023089213,0.021010714,0.02439767,0.01031613,0.05977087,0.0,0.01008394,0.0021610393
0.0,63.107136,1.882463,1.9080167,0.40297323,0.23541681,0.06137875,0.062839754,0.04942596,0.028753178,0.001766534,0.0020629598,0.0017024807,0.0078354655,0.017248208,0.16396664,0.06339486,0.020952353,0.014615056,0.008925047
0.0,1727.8131,12.440439,0.003860751,5.5318196e-07,1.4370016e-10,4.0017767e-11,9.094947e-13,0.0,0.0,9.094947e-13,0.0,0.0,0.0,0.0,0.0,0.0,0.0,0.0,0.0
0.0,1270.058,7.0856395,0.70210713,0.30594596,0.031576194,0.02599494,0.023937238,0.012084268,0.014645391,0.011049787,0.008754274,0.0075384458,0.002244694,0.0051430664,0.0017656686,0.006085336,0.004899348,0.0013693819,0.00027870352
0.0,1859.7765,6.7308235,0.37799335,0.09564851,0.027154548,0.019961884,0.018156873,0.01509684,0.013626932,0.008466262,0.0014443913,0.003999375,0.002886893,0.0035355003,0.0013045103,0.0017591465,0.0008480901,0.00055091915,0.0008992851
0.0,2827.3528,197.50333,0.4192852,0.0009072585,2.7663637e-06,1.8781066e-09,4.5474735e-12,0.0,9.094947e-13,0.0,0.0,0.0,0.0,0.0,0.0,9.094947e-13,1.8189894e-12,0.0,0.0
0.0,538.62244,22.040382,4.205702,0.0,0.0,8.541605,17.345434,5.6946816,11.495185,8.535585,9.716127,0.9123788,0.07943477,0.16215226,1.2655795,3.8886392,2.8076308,0.25723594,0.24408685
0.0,148.13364,2.9068694,3.8767931,0.57708627,0.24349964,0.12641013,0.032399658,0.033378303,0.035879012,0.016978204,0.009778086,0.01344696,0.025890272,0.015910828,0.013390361,0.018233452,0.026344394,0.007353298,0.021814844
0.0,0.0,233.95645,0.30346116,0.0010716829,6.212758e-05,4.1507985e-05,2.6902962e-05,1.7493767e-05,7.19312e-06,3.7254522e-06,1.7496632e-06,1.0312333e-06,1.5583837e-06,1.5312107e-06,1.719809e-06,8.4996464e-07,3.7852078e-07,1.4444167e-06,1.4417719e-06
0.0,2061.977,492.60696,2.6665316,4.4748864,2.1320467,0.18716066,0.46470582,0.1795,1.7323456,0.2289351,0.00789872,0.17465137,0.07384342,0.08665162,0.41632697,0.17036462,0.048767414,0.14564289,0.0014068664
0.0,978.0144,22.153635,0.9879752,0.4605433,0.09592608,0.0464593,0.041461185,0.015593469,0.01849484,0.0140237175,0.0066546486,0.0023367235,0.004354985,0.0055732643,0.0008680184,0.00042009694,0.001787129,0.0014644729,0.0016838594
0.0,596.3572,11.131929,0.006060804,7.871506e-06,8.0035534e-11,0.0,0.0,0.0,0.0,0.0,0.0,0.0,0.0,0.0,0.0,0.0,0.0,0.0,0.0
0.0,0.0,0.0,0.0,0.0,900.48224,4.8479753,0.0030758358,4.432939e-06,4.6838977e-10,3.637979e-12,0.0,9.094947e-13,0.0,0.0,0.0,0.0,0.0,0.0,0.0
0.0,3350.332,799.7983,151.03426,25.388514,6.0000052,5.1800313,4.0515666,0.2166616,0.09073966,0.52340746,0.52272147,0.60123396,0.30481076,1.0161978,0.13409737,0.0051213116,0.025465967,0.07022898,0.14282338
0.0,373.69556,17.737125,2.451462,2.2067058,0.6581172,0.05344809,0.35725015,0.17970163,0.047155965,0.47228423,0.19175723,0.23595504,0.017736088,0.023315614,0.0,0.0,0.0,0.07238699,0.009818569
0.0,1493.0706,265.03558,3.3949327,0.21285659,0.13421036,0.05041645,0.024674062,0.029327605,0.023418454,0.0076598246,0.0072689233,0.0019878738,0.0052405642,0.0024745236,0.001219627,0.0033891455,0.0028082875,0.0008473396,0.00039205173
0.0,888.31537,0.06642288,2.9753737e-06,7.003109e-11,0.0,2.728484e-12,0.0,0.0,0.0,0.0,0.0,0.0,0.0,0.0,9.094947e-13,0.0,0.0,0.0,1.8189894e-12
0.0,1428.2408,161.55148,6.503044,3.7704642,0.7378116,0.6512503,0.15341373,0.12226039,0.07321423,0.16389306,0.06272431,0.0217158,0.0061464566,0.013722227,0.017983727,0.006578549,0.013430725,0.003507444,0.005680335
0.0,0.0,0.0,0.0,0.0,0.0,0.0,0.0,0.0,0.0,0.0,0.0,0.0,0.0,0.0,0.0,0.0,0.0,0.0,0.0
0.0,682.16473,5.1187315,4.4644796e-05,6.739356e-10,9.094947e-13,0.0,0.0,0.0,0.0,0.0,9.094947e-13,0.0,0.0,0.0,9.094947e-13,0.0,0.0,0.0,0.0
0.0,1500.6976,18.371088,10.954097,3.2112606,2.1568558,5.657492,0.76167405,0.0035207523,0.00079048617,3.5301204e-05,8.254603e-05,4.795738e-07,0.058271665,0.32063302,0.10265681,0.046803605,0.240674,0.035278957,0.00056442793
0.0,1595.21,160.51991,12.9512415,1.0683837,1.4946831,0.2789793,0.37781817,0.104291,0.021686023,0.027799439,0.010770852,0.0673234,0.026249154,0.027725825,0.023999156,0.0060289996,0.006583908,0.0029890097,0.0058002453
0.0,0.0,0.0,0.0,0.0,0.0,0.0,0.0,0.0,0.0,0.0,0.0,0.0,0.0,0.0,0.0,0.0,0.0,0.0,0.0
0.0,0.0,0.0,0.0,0.0,0.0,0.0,0.0,0.0,1318.8728,24.310532,2.3211234,1.6654724,0.44637892,0.255093,0.15161932,0.061473854,0.06385044,0.03429529,0.010603908
0.0,1620.9755,1040.0071,46.32592,12.847106,3.9985032,1.1923232,1.4844202,0.31165987,0.06868943,0.2098157,0.158068,0.12479232,0.25526646,0.15407592,0.07106508,0.042733088,0.01147206,0.052246973,0.040677764
0.0,108.39962,0.004138711,2.850893e-07,9.640644e-11,2.728484e-12,0.0,0.0,0.0,0.0,0.0,0.0,9.094947e-13,2.728484e-12,0.0,0.0,0.0,9.094947e-13,0.0,0.0
0.0,2387.26,57.425533,0.06111956,0.00012811902,8.274492e-08,3.8198777e-11,2.728484e-12,0.0,0.0,0.0,0.0,0.0,0.0,0.0,0.0,0.0,0.0,0.0,0.0
0.0,749.354,23.876442,1.4811069,1.1478332,0.1758412,0.08179284,0.056484517,0.09420566,0.052507274,0.011779006,0.03814728,0.027321463,0.01206546,0.015916737,0.019988434,0.010400926,0.004211911,0.002745935,0.0019140851
0.0,0.0,0.0,0.0,0.0,0.0,0.0,0.0,0.0,0.0,0.0,0.0,0.0,0.0,0.0,0.0,0.0,0.0,0.0,0.0
0.0,64.397354,26.882591,33.49471,3.8533337,10.873403,22.859762,53.552998,41.76073,82.46735,36.60082,5.2388043,2.6877568,1.3233144,0.58859825,0.24401069,0.34089673,0.17196384,0.23964046,0.2339581
0.0,851.4467,9.328725,0.0013637602,1.607168e-08,2.728484e-12,9.094947e-13,0.0,0.0,0.0,0.0,0.0,1.6901026,0.48910615,0.0083402,0.00078034186,8.812992e-05,1.5274629e-05,4.1165213e-06,2.823277e-05
0.0,349.17374,15.255553,0.36372992,0.10173762,0.03872323,0.0189393,156.45123,8.764577,2.2390096,0.59052086,0.17517301,0.08670668,0.11989578,0.10098089,0.35147524,0.72144735,0.19531663,0.03519881,0.06158534
0.0,1379.4229,12.690764,2.1860194,0.23990342,0.15586184,0.053414013,0.012693668,0.016459461,0.009973298,0.003921179,0.0053778403,0.0015668048,0.0032256471,0.002869556,0.0021378323,0.0022674915,0.00093169167,0.000384257,0.0006986142
