1,0.9975527796843701,-4669.671013026194,5569.671013026194,0.0,0.06152229
2,0.9951116087498241,-4441.858241771335,5341.858241771335,0.0,0.080918685
3,0.9926764722426569,-4864.160533634644,5764.160533634644,0.0,0.032853432
4,0.9902473552461276,-4954.125169003922,5854.125169003922,0.0,0.031450775
5,0.9878242428803692,-3052.319453100938,3952.319453100938,0.0,0.05410672
6,0.9854071203022959,-5662.278480200136,6562.278480200136,0.0,0.15483464
7,0.9829959727055142,-4469.68659464904,5369.68659464904,0.0,0.06814942
8,0.9805907853202303,-4842.573035194789,5742.573035194789,0.0,0.07115327
9,0.9781915434131606,-4540.032364437209,5440.032364437209,0.0,0.111071505
10,0.9757982322874414,-4882.847901005248,5782.847901005248,0.0,0.102378875
11,0.973410837282539,-4010.2308225195065,4910.230822519507,0.0,0.10916573
12,0.9710293437741592,-4066.6302655280124,4966.630265528012,0.0,0.06784387
13,0.9686537371741586,-4904.349947542223,5804.349947542223,0.0,0.06765373
14,0.9662840029304542,-4522.533988954958,5422.533988954958,0.0,0.11572454
15,0.9639201265269356,-5157.077402971762,6057.077402971762,0.0,0.03176535
16,0.961562093483375,-4235.212471310217,5135.212471310217,0.0,0.04652135
17,0.9592098893553386,-3943.617434236312,4843.617434236312,0.0,0.03218368
18,0.9568634997340988,-5479.2609248658755,6379.2609248658755,0.0,0.019512787
19,0.9545229102465453,-3430.61804957449,4330.61804957449,0.0,0.08367475
20,0.9521881065550976,-4127.986650570168,5027.986650570168,0.0,0.038064495
21,0.9498590743576161,-3182.3523430185182,4082.3523430185182,0.0,0.0814409
22,0.9475357993873159,-4433.043754968773,5333.043754968773,0.0,0.086473204
23,0.9452182674126784,-3937.8312001291233,4837.831200129123,0.0,0.02571446
24,0.9429064642373647,-4304.491663558283,5204.491663558283,0.0,0.03455755
25,0.9406003757001281,-4328.127961156405,5228.127961156405,0.0,0.08220406
26,0.9382999876747277,-5175.251648223751,6075.251648223751,0.0,0.04507087
27,0.9360052860698421,-4991.521981773537,5891.521981773537,0.0,0.048819244
28,0.9337162568289827,-3943.1662605626134,4843.166260562613,0.0,0.15759458
29,0.9314328859304072,-4125.0953986530685,5025.0953986530685,0.0,0.031014672
30,0.9291551593870351,-3538.1691829435567,4438.169182943557,0.0,0.025477795
31,0.9268830632463602,-5607.036585468755,6507.036585468755,0.0,0.029925553
32,0.9246165835903666,-3479.7193397275387,4379.719339727539,0.0,0.17452556
33,0.9223557065354429,-3817.368101568235,4717.368101568235,0.0,0.07723424
34,0.9201004182322969,-4546.789822459036,5446.789822459036,0.0,0.036012158
35,0.9178507048658712,-3848.4758144787465,4748.4758144787465,0.0,0.049602453
36,0.9156065526552583,-4077.5867714120213,4977.586771412021,0.0,0.026721537
37,0.9133679478536162,-6112.764041461475,7012.764041461475,0.0,0.032624424
38,0.9111348767480846,-5038.88880393504,5938.88880393504,0.0,0.13564225
39,0.9089073256597,-4752.0250662117605,5652.0250662117605,0.0,0.01910011
40,0.906685280943313,-3651.9117276124707,4551.911727612471,0.0,0.11025553
41,0.904468728987504,-5418.363457501291,6318.363457501291,0.0,0.020776037
42,0.9022576562145,-5639.474924413407,6539.474924413407,0.0,0.022474792
43,0.9000520490800913,-4839.741933675309,5739.741933675309,0.0,0.07323966
44,0.8978518940735489,-4755.448748921283,5655.448748921283,0.0,0.031912874
45,0.8956571777175414,-4683.07086503831,5583.07086503831,0.0,0.023371987
46,0.8934678865680526,-4399.703498772215,5299.703498772215,0.0,0.021933308
47,0.891284007214299,-4767.320520247641,5667.320520247641,0.0,0.13329878
48,0.8891055262786478,-5496.824544549207,6396.824544549207,0.0,0.025807478
49,0.8869324304165349,-3791.7018919135317,4691.701891913532,0.0,0.069922
50,0.8847647063163833,-5137.452580424106,6037.452580424106,0.0,0.12715816
51,0.882602340699521,-2986.7117579980545,3886.7117579980545,0.0,0.094908446
52,0.8804453203201006,-5801.728105728651,6701.728105728651,0.0,0.13298364
53,0.8782936319650174,-5043.004050803565,5943.004050803565,0.0,0.031251706
54,0.8761472624538286,-3982.098762991265,4882.098762991265,0.0,0.036613874
55,0.8740061986386727,-4926.167268442515,5826.167268442515,0.0,0.0386345
56,0.871870427404189,-6232.936829973533,7132.936829973533,0.0,0.056363646
57,0.8697399356674371,-4258.447620533618,5158.447620533618,0.0,0.051034298
58,0.8676147103778171,-4277.9715967523325,5177.9715967523325,0.0,0.09974452
59,0.865494738516989,-5361.404715526491,6261.404715526491,0.0,0.049745806
60,0.8633800070987937,-3278.5578797442377,4178.557879744238,0.0,0.08127976
61,0.8612705031691729,-5086.383643036001,5986.383643036001,0.0,0.056858487
62,0.8591662138060898,-4600.922520328084,5500.922520328084,0.0,0.07220494
63,0.8570671261194505,-3417.237682610712,4317.237682610712,0.0,0.07642765
64,0.8549732272510244,-4442.77237397232,5342.77237397232,0.0,0.07847192
65,0.8528845043743656,-5770.0050847424445,6670.0050847424445,0.0,0.055844754
66,0.8508009446947346,-5105.61616446571,6005.61616446571,0.0,0.06944995
67,0.8487225354490195,-5018.583026345989,5918.583026345989,0.0,0.0270002
68,0.8466492639056583,-4102.764396073021,5002.764396073021,0.0,0.057921212
69,0.8445811173645605,-3727.5116636933653,4627.511663693365,0.0,0.051793385
70,0.8425180831570294,-5740.7418470681405,6640.7418470681405,0.0,0.058715567
71,0.8404601486456849,-4416.245983482836,5316.245983482836,0.0,0.06548568
72,0.838407301224385,-4739.383688282084,5639.383688282084,0.0,0.21515933
73,0.83635952831815,-5063.0545100443815,5963.0545100443815,0.0,0.15487124
74,0.8343168173830847,-4350.77442128101,5250.77442128101,0.0,0.111035734
75,0.8322791559063014,-5504.284881135326,6404.284881135326,0.0,0.14712083
76,0.8302465314058439,-6092.455759638412,6992.455759638412,0.0,0.0716912
77,0.8282189314306101,-4060.346115818933,4960.346115818933,0.0,0.07154298
78,0.8261963435602767,-5672.33496311944,6572.33496311944,0.0,0.075936824
79,0.8241787554052225,-5753.492487889123,6653.492487889123,0.0,0.050170362
80,0.8221661546064527,-5046.808518018361,5946.808518018361,0.0,0.066077106
81,0.8201585288355234,-4250.672586457494,5150.672586457494,0.0,0.027923942
82,0.8181558657944655,-4613.007606175865,5513.007606175865,0.0,0.14098646
83,0.8161581532157103,-5019.9510721162005,5919.9510721162005,0.0,0.06829557
84,0.814165378862013,-3926.390606068595,4826.390606068595,0.0,0.041159514
85,0.8121775305263791,-5171.722285848957,6071.722285848957,0.0,0.035258155
86,0.8101945960319892,-4203.161392186895,5103.161392186895,0.0,0.08179295
87,0.8082165632321238,-4594.540511454222,5494.540511454222,0.0,0.059603307
88,0.8062434200100893,-5680.124243245029,6580.124243245029,0.0,0.054211613
89,0.8042751542791443,-3568.930707828561,4468.930707828561,0.0,0.0836947
90,0.802311753982425,-4627.602281624844,5527.602281624844,0.0,0.04175877
91,0.8003532070928713,-3863.709319546142,4763.709319546142,0.0,0.041949607
92,0.7983995016131531,-4297.246117231304,5197.246117231304,0.0,0.086025685
93,0.7964506255755972,-3168.4699750041304,4068.4699750041304,0.0,0.024364227
94,0.7945065670421138,-4178.637853397553,5078.637853397553,0.0,0.03876233
95,0.7925673141041233,-5779.221791559938,6679.221791559938,0.0,0.08835326
96,0.7906328548824832,-4017.4622431261596,4917.46224312616,0.0,0.046177283
97,0.7887031775274159,-3509.5872279688792,4409.587227968879,0.0,0.076736845
98,0.7867782702184353,-4447.863014562542,5347.863014562542,0.0,0.058970284
99,0.7848581211642752,-3695.243987335565,4595.243987335565,0.0,0.036851108
100,0.7829427186028165,-4152.544164293767,5052.544164293767,0.0,0.03238675
101,0.7810320508010153,-3656.0933606458602,4556.09336064586,0.0,0.10747131
102,0.7791261060548313,-4875.005434263503,5775.005434263503,0.0,0.027899543
103,0.7772248726891557,-4898.220150270226,5798.220150270226,0.0,0.030459592
104,0.77532833905774,-4608.073607101037,5508.073607101037,0.0,0.050362397
105,0.7734364935431243,-4418.6900921219585,5318.6900921219585,0.0,0.16666557
106,0.7715493245565668,-3891.3895845232946,4791.389584523295,0.0,0.055865478
107,0.7696668205379716,-4257.278405071491,5157.278405071491,0.0,0.03982186
108,0.7677889699558195,-5376.823450925427,6276.823450925427,0.0,0.0603706
109,0.765915761307096,-4750.8985391917095,5650.8985391917095,0.0,0.09653985
110,0.7640471831172216,-4125.637946102112,5025.637946102112,0.0,0.03300877
111,0.7621832239399812,-3947.8003396584063,4847.800339658406,0.0,0.055663314
112,0.7603238723574539,-3459.853747736619,4359.853747736619,0.0,0.09269007
113,0.7584691169799433,-4329.185337744924,5229.185337744924,0.0,0.116484076
114,0.756618946445908,-6008.799878060854,6908.799878060854,0.0,0.089942336
115,0.7547733494218912,-5247.8767749708195,6147.8767749708195,0.0,0.032390226
116,0.7529323146024516,-4880.50841345936,5780.50841345936,0.0,0.045310754
117,0.751095830710095,-3904.952666524976,4804.952666524976,0.0,0.12500864
118,0.7492638864952036,-3873.3872662164013,4773.387266216401,0.0,0.054227687
119,0.7474364707359685,-3177.1130730118384,4077.1130730118384,0.0,0.0944197
120,0.7456135722383205,-4865.566011619156,5765.566011619156,0.0,0.035572488
121,0.7437951798358611,-5397.293105100018,6297.293105100018,0.0,0.065178774
122,0.7419812823897948,-5367.833769216098,6267.833769216098,0.0,0.053579766
123,0.7401718687888601,-4773.941368449529,5673.941368449529,0.0,0.042747512
124,0.7383669279492625,-4679.670765464343,5579.670765464343,0.0,0.035300966
125,0.7365664488146054,-4530.592381698572,5430.592381698572,0.0,0.06534975
126,0.7347704203558233,-5020.939593492605,5920.939593492605,0.0,0.046924043
127,0.7329788315711138,-4350.214976555447,5250.214976555447,0.0,0.049831424
128,0.73119167148587,-4931.858870390519,5831.858870390519,0.0,0.040795825
129,0.729408929152614,-4138.503107764371,5038.503107764371,0.0,0.031404436
130,0.7276305936509293,-3566.4453116976065,4466.4453116976065,0.0,0.036610708
131,0.7258566540873937,-4920.025034575901,5820.025034575901,0.0,0.07117413
132,0.7240870995955133,-5817.124914835772,6717.124914835772,0.0,0.07931881
133,0.7223219193356554,-5667.581856953234,6567.581856953234,0.0,0.08358075
134,0.7205611024949817,-5563.035304060569,6463.035304060569,0.0,0.06340813
135,0.7188046382873835,-5209.378438195684,6109.378438195684,0.0,0.13083445
136,0.7170525159534141,-4857.8424091331435,5757.8424091331435,0.0,0.036158126
137,0.7153047247602237,-5221.835838602037,6121.835838602037,0.0,0.043281596
138,0.7135612540014934,-4173.123155520528,5073.123155520528,0.0,0.053108856
139,0.7118220929973695,-4132.445625826538,5032.445625826538,0.0,0.063144505
140,0.7100872310943988,-5071.736785979619,5971.736785979619,0.0,0.08865261
141,0.7083566576654619,-4741.199305148702,5641.199305148702,0.0,0.044524867
142,0.7066303621097099,-3979.9344187700317,4879.934418770032,0.0,0.037245434
143,0.7049083338524982,-4022.5906422648814,4922.590642264881,0.0,0.038342014
144,0.703190562345322,-4826.118570700151,5726.118570700151,0.0,0.034425326
145,0.7014770370657518,-4921.474710608116,5821.474710608116,0.0,0.029880067
146,0.6997677475173689,-5302.378533719821,6202.378533719821,0.0,0.043333065
147,0.6980626832297014,-4514.04140737514,5414.04140737514,0.0,0.03810321
148,0.6963618337581594,-4937.317308350593,5837.317308350593,0.0,0.06801478
149,0.6946651886839714,-4581.038473896229,5481.038473896229,0.0,0.06546664
150,0.6929727376141208,-4904.442036916696,5804.442036916696,0.0,0.030727526
151,0.6912844701812817,-5201.95175206744,6101.95175206744,0.0,0.031064121
152,0.6896003760437556,-4392.709109010122,5292.709109010122,0.0,0.12026789
153,0.687920444885408,-4292.790878987783,5192.790878987783,0.0,0.15113215
154,0.6862446664156054,-4139.314753199882,5039.314753199882,0.0,0.07839815
155,0.6845730303691522,-4135.543557290385,5035.543557290385,0.0,0.026798377
156,0.6829055265062274,-3571.978841313422,4471.978841313422,0.0,0.08369051
157,0.6812421446123226,-5255.927335103,6155.927335103,0.0,0.046291538
158,0.6795828744981788,-3360.562127857528,4260.562127857528,0.0,0.08916591
159,0.6779277059997244,-5786.426890632592,6686.426890632592,0.0,0.037431806
160,0.6762766289780126,-4879.475739812801,5779.475739812801,0.0,0.07213392
161,0.6746296333191595,-4331.019356253904,5231.019356253904,0.0,0.047624603
162,0.6729867089342824,-3844.4164126715204,4744.41641267152,0.0,0.043179505
163,0.6713478457594372,-4560.821744716405,5460.821744716405,0.0,0.05372936
164,0.6697130337555578,-5372.407553119387,6272.407553119387,0.0,0.05298826
165,0.6680822629083937,-3315.9309069122764,4215.930906912276,0.0,0.03692226
166,0.666455523228449,-4675.697232026064,5575.697232026064,0.0,0.09846087
167,0.6648328047509215,-5866.652197369527,6766.652197369527,0.0,0.0579998
168,0.6632140975356413,-4105.366922245794,5005.366922245794,0.0,0.02947734
169,0.6615993916670098,-4924.94089157664,5824.94089157664,0.0,0.03691933
170,0.6599886772539394,-5405.216584719734,6305.216584719734,0.0,0.19365744
171,0.6583819444297926,-3393.128096796423,4293.128096796423,0.0,0.04483491
172,0.6567791833523215,-4953.662063580756,5853.662063580756,0.0,0.057683174
173,0.655180384203608,-3722.7056746509006,4622.705674650901,0.0,0.026826903
174,0.6535855371900029,-4833.332449111782,5733.332449111782,0.0,0.10934079
175,0.6519946325420666,-3977.1182666248214,4877.118266624821,0.0,0.0329771
176,0.6504076605145085,-3958.4238032038766,4858.423803203877,0.0,0.037943944
177,0.6488246113861285,-4067.963969771521,4967.963969771521,0.0,0.0657462
178,0.6472454754597562,-4226.87588567028,5126.87588567028,0.0,0.074565664
179,0.6456702430621921,-3041.5221314670916,3941.5221314670916,0.0,0.034955308
180,0.6440989045441483,-6518.734077830008,7418.734077830008,0.0,0.0976772
181,0.6425314502801897,-5617.193964694678,6517.193964694678,0.0,0.07128863
182,0.6409678706686738,-4964.862138382339,5864.862138382339,0.0,0.030012185
183,0.6394081561316939,-4978.7788602471155,5878.7788602471155,0.0,0.018374346
184,0.6378522971150183,-4480.5074869393375,5380.5074869393375,0.0,0.112604335
185,0.6363002840880337,-4179.284804587816,5079.284804587816,0.0,0.055703353
186,0.6347521075436852,-6539.959133382103,7439.959133382103,0.0,0.050601687
187,0.6332077579984188,-4659.226078324309,5559.226078324309,0.0,0.042225156
188,0.6316672259921239,-5142.558468094653,6042.558468094653,0.0,0.043224134
189,0.6301305020880741,-4088.8365919663793,4988.836591966379,0.0,0.02861031
190,0.6285975768728703,-4969.201675104942,5869.201675104942,0.0,0.21907116
191,0.6270684409563826,-4543.090074648655,5443.090074648655,0.0,0.16732271
192,0.625543084971693,-4530.539893120742,5430.539893120742,0.0,0.09509294
193,0.6240214995750383,-5409.775013847618,6309.775013847618,0.0,0.026536357
194,0.6225036754457516,-5025.385600683914,5925.385600683914,0.0,0.13663319
195,0.6209896032862074,-3895.5918581722253,4795.591858172225,0.0,0.06854734
196,0.6194792738217622,-4200.9409159074985,5100.9409159074985,0.0,0.09197201
197,0.6179726778006994,-4528.821423474259,5428.821423474259,0.0,0.02065004
198,0.6164698059941723,-4586.807491294381,5486.807491294381,0.0,0.06606958
199,0.6149706491961469,-3328.4840492376134,4228.484049237613,0.0,0.040497426
200,0.6134751982233462,-3999.817573622373,4899.817573622373,0.0,0.06525711
201,0.6119834439151935,-5191.4601047715005,6091.4601047715005,0.0,0.03201321
202,0.6104953771337571,-3739.8221278257924,4639.822127825792,0.0,0.038999923
203,0.6090109887636928,-4662.43044299501,5562.43044299501,0.0,0.08034871
204,0.6075302697121896,-4164.93264876133,5064.93264876133,0.0,0.02295055
205,0.6060532109089133,-5681.496981256365,6581.496981256365,0.0,0.07720423
206,0.6045798033059507,-3122.4613065879157,4022.4613065879157,0.0,0.15075903
207,0.6031100378777552,-4666.344487961417,5566.344487961417,0.0,0.023906514
208,0.60164390562109,-3282.2371604869168,4182.237160486917,0.0,0.20262322
209,0.6001813975549742,-5146.151578449992,6046.151578449992,0.0,0.032987874
210,0.5987225047206273,-4929.646449138919,5829.646449138919,0.0,0.0666566
211,0.5972672181814143,-4888.5062729715755,5788.5062729715755,0.0,0.0894293
212,0.5958155290227909,-4196.527698946417,5096.527698946417,0.0,0.102702945
213,0.5943674283522493,-4589.540365448755,5489.540365448755,0.0,0.041966833
214,0.5929229072992634,-3712.8847122266725,4612.8847122266725,0.0,0.03323959
215,0.5914819570152342,-5995.114541879388,6895.114541879388,0.0,0.04601397
216,0.5900445686734362,-4021.5023762623787,4921.502376262379,0.0,0.14417815
217,0.5886107334689631,-4713.275086515838,5613.275086515838,0.0,0.076629825
218,0.5871804426186733,-4215.986232042189,5115.986232042189,0.0,0.021069497
219,0.5857536873611372,-3774.339934086892,4674.339934086892,0.0,0.06565032
220,0.5843304589565825,-5743.987583324931,6643.987583324931,0.0,0.044118404
221,0.5829107486868415,-5980.066432264877,6880.066432264877,0.0,0.033986263
222,0.5814945478552968,-4518.650892497665,5418.650892497665,0.0,0.03749362
223,0.5800818477868287,-6072.226678984278,6972.226678984278,0.0,0.051689252
224,0.5786726398277623,-3980.240891945161,4880.240891945161,0.0,0.12105771
225,0.5772669153458133,-4169.103521607801,5069.103521607801,0.0,0.075926654
226,0.5758646657300365,-4580.88595744149,5480.88595744149,0.0,0.024127122
227,0.574465882390772,-3170.896055214712,4070.896055214712,0.0,0.03253788
228,0.5730705567595936,-2566.239341426059,3466.239341426059,0.0,0.07487596
229,0.5716786802892551,-5699.119489053131,6599.119489053131,0.0,0.016273754
230,0.5702902444536387,-4096.026154678248,4996.026154678248,0.0,0.025933793
231,0.5689052407477031,-3493.3999673007365,4393.3999673007365,0.0,0.0396455
232,0.5675236606874304,-4828.75672553901,5728.75672553901,0.0,0.04442428
233,0.5661454958097752,-3742.284314735547,4642.284314735547,0.0,0.16141133
234,0.5647707376726119,-5723.700777954752,6623.700777954752,0.0,0.13714139
235,0.5633993778546831,-4170.99657442524,5070.99657442524,0.0,0.051080212
236,0.5620314079555487,-5670.620104868451,6570.620104868451,0.0,0.050385766
237,0.560666819595534,-3696.233161184631,4596.233161184631,0.0,0.14727423
238,0.5593056044156778,-3939.429590032516,4839.429590032516,0.0,0.07976148
239,0.5579477540776823,-5330.948157632916,6230.948157632916,0.0,0.07457577
240,0.5565932602638612,-4241.631546005679,5141.631546005679,0.0,0.026357362
241,0.5552421146770894,-4413.91395411456,5313.91395411456,0.0,0.043787125
242,0.5538943090407512,-4493.2928621726305,5393.2928621726305,0.0,0.12879309
243,0.5525498350986905,-4733.476072268757,5633.476072268757,0.0,0.060005106
244,0.5512086846151599,-3483.522070704019,4383.522070704019,0.0,0.061986882
245,0.5498708493747705,-5550.076912243032,6450.076912243032,0.0,0.096140705
246,0.5485363211824408,-2937.2437638674355,3837.2437638674355,0.0,0.09463297
247,0.5472050918633474,-4743.277472876234,5643.277472876234,0.0,0.07685794
248,0.5458771532628749,-4333.678418899053,5233.678418899053,0.0,0.07396909
249,0.5445524972465647,-4632.8330678310895,5532.8330678310895,0.0,0.055469822
250,0.5432311157000672,-3415.3085712193943,4315.308571219394,0.0,0.048783105
251,0.5419130005290902,-4753.442833733156,5653.442833733156,0.0,0.029791603
252,0.5405981436593503,-5527.753176421727,6427.753176421727,-0.0033059397,0.037413817
253,0.5392865370365232,-4212.501289570115,5112.501289570115,-0.003480809,0.043211263
254,0.5379781726261947,-5888.275928737652,6788.275928737652,-0.003848909,0.08559749
255,0.5366730424138109,-4527.707098122599,5427.707098122599,-0.004131508,0.037233308
256,0.5353711384046292,-5558.010352821084,6458.010352821084,-0.0036534683,0.08061208
257,0.5340724526236702,-2774.1560391848943,3674.1560391848943,-0.005036596,0.049830712
258,0.5327769771156674,-4223.871229313225,5123.871229313225,-0.005615326,0.06412735
259,0.5314847039450199,-6014.86404265377,6914.86404265377,-0.005454149,0.09573226
260,0.5301956251957425,-4080.617986279356,4980.617986279356,-0.0056595593,0.17224695
261,0.5289097329714184,-6112.759253971845,7012.759253971845,-0.0055722604,0.058078066
262,0.5276270193951499,-4136.326805970022,5036.326805970022,-0.0071449433,0.049281552
263,0.5263474766095108,-4520.981763109245,5420.981763109245,-0.008459781,0.060733635
264,0.5250710967764975,-4756.063137236016,5656.063137236016,-0.0060519613,0.036322843
265,0.523797872077482,-4477.381264340768,5377.381264340768,-0.006473675,0.08600187
266,0.5225277947131634,-6254.748415540349,7154.748415540349,-0.007326452,0.11639611
267,0.5212608569035198,-4357.748094758159,5257.748094758159,-0.010208801,0.16432981
268,0.5199970508877615,-4389.454421069752,5289.454421069752,-0.010360395,0.11477905
269,0.5187363689242828,-4441.610547841057,5341.610547841057,-0.01118804,0.117334634
270,0.5174788032906147,-2211.9756573111263,3111.9756573111263,-0.01049263,0.17502671
271,0.5162243462833779,-5546.653149251296,6446.653149251296,-0.012407555,0.055485748
272,0.5149729902182353,-5075.021895431104,5975.021895431104,-0.01235373,0.16471049
273,0.5137247274298449,-4312.036073328941,5212.036073328941,-0.013765726,0.056601062
274,0.512479550271813,-4311.451099424888,5211.451099424888,-0.012505503,0.22094873
275,0.5112374511166475,-5038.21341191591,5938.21341191591,-0.014271924,0.12994486
276,0.5099984223557109,-5404.047910557463,6304.047910557463,-0.015582199,0.10650084
277,0.5087624563991736,-5127.312153047674,6027.312153047674,-0.015963236,0.18833385
278,0.507529545675968,-5334.560404760684,6234.560404760684,-0.014687406,0.12965965
279,0.5062996826337413,-5282.98414487281,6182.98414487281,-0.016035762,0.11898595
280,0.50507285973881,-4109.336233476673,5009.336233476673,-0.018177282,0.21881956
281,0.5038490694761132,-4265.411717606237,5165.411717606237,-0.014607483,0.1602151
282,0.5026283043491668,-4646.75303361928,5546.75303361928,-0.018001968,0.108082324
283,0.5014105568800177,-4136.786228830607,5036.786228830607,-0.018816624,0.11613987
284,0.5001958196091976,-4827.762163002778,5727.762163002778,-0.020150159,0.15944722
285,0.4989840850956779,-5633.315215754798,6533.315215754798,-0.018791836,0.038647976
286,0.4977753459168234,-5886.797553992534,6786.797553992534,-0.019558707,0.12363892
287,0.4965695946683475,-5161.4194417034505,6061.4194417034505,-0.020980718,0.070711024
288,0.49536682396426646,-4040.769197780911,4940.769197780911,-0.022941345,0.14598715
289,0.4941670264368542,-4382.327083022882,5282.327083022882,-0.021908376,0.15352254
290,0.49297019473659714,-5794.112528331568,6694.112528331568,-0.020902932,0.15956515
291,0.4917763215321494,-4240.276897159842,5140.276897159842,-0.02161772,0.20436539
292,0.49058539951028785,-5687.785426707433,6587.785426707433,-0.022639664,0.102406904
293,0.48939742137586684,-4150.772820908571,5050.772820908571,-0.021627933,0.21146226
294,0.48821237985177424,-4852.26926508827,5752.26926508827,-0.026777055,0.17072372
295,0.4870302676788863,-5578.636076919973,6478.636076919973,-0.0263217,0.14718622
296,0.4858510776160235,-3597.714199864299,4497.714199864299,-0.024546664,0.12851095
297,0.4846748024399059,-3739.744323304818,4639.744323304818,-0.026871644,0.1861104
298,0.4835014349451093,-5208.96183864908,6108.96183864908,-0.028621992,0.17326376
299,0.4823309679440208,-5790.459252817196,6690.459252817196,-0.030117637,0.10974242
300,0.4811633942667947,-3095.53963897504,3995.53963897504,-0.025489476,0.18558858
301,0.47999870676130896,-6453.770659578505,7353.770659578505,-0.029913029,0.13338947
302,0.478836898293121,-3889.2301973951735,4789.2301973951735,-0.029138459,0.13534318
303,0.47767796174542415,-4624.365224233128,5524.365224233128,-0.029579388,0.12251568
304,0.4765218900190041,-4363.666083978057,5263.666083978057,-0.031321086,0.17184556
305,0.47536867603219535,-5104.484887872412,6004.484887872412,-0.03322275,0.16647366
306,0.4742183127208379,-5593.138175011006,6493.138175011006,-0.034214657,0.13953327
307,0.4730707930382339,-5819.930675992598,6719.930675992598,-0.0327567,0.04559583
308,0.47192610995510453,-4825.68113126455,5725.68113126455,-0.027916588,0.12229403
309,0.47078425645954686,-5265.80301179208,6165.80301179208,-0.032653883,0.08308172
310,0.46964522555699106,-4336.073289249809,5236.073289249809,-0.033964623,0.22428948
311,0.4685090102701573,-4354.633955157139,5254.633955157139,-0.03539731,0.12002766
312,0.4673756036390133,-4765.143918630924,5665.143918630924,-0.03629196,0.17010398
313,0.46624499872073155,-4510.4733533963245,5410.4733533963245,-0.037525747,0.1538235
314,0.4651171885896467,-6355.037382695429,7255.037382695429,-0.037612338,0.111253664
315,0.46399216633721335,-3899.207014754562,4799.207014754562,-0.059358582,0.15182263
316,0.46286992507196356,-5305.677109647004,6205.677109647004,-0.018447114,0.15392335
317,0.4617504579194646,-5907.227795998481,6807.227795998481,-0.023230797,0.14399606
318,0.460633758022277,-6123.793121388593,7023.793121388593,-0.026352549,0.13265291
319,0.45951981853991253,-4739.864561823777,5639.864561823777,-0.024932157,0.20130783
320,0.4584086326487921,-5086.825755630242,5986.825755630242,-0.022023698,0.10336406
321,0.4573001935422042,-6053.6487182604105,6953.6487182604105,-0.018768374,0.067914575
322,0.4561944944302631,-7464.798878168542,8364.798878168542,-0.01615183,0.008516289
323,0.4550915285398672,-3574.0499998794394,4474.049999879439,-0.010680697,0.13660525
324,0.4539912891146575,-3942.2179636951096,4842.21796369511,-0.01413251,0.053284153
325,0.4528937694149765,-4224.71288257375,5124.71288257375,-0.016793672,0.114914134
326,0.4517989627178267,-3977.2055173079434,4877.205517307943,-0.014450802,0.20904069
327,0.4507068623168294,-4430.492199273635,5330.492199273635,-0.014287028,0.12612794
328,0.4496174615221836,-3819.927316955541,4719.927316955541,-0.013116842,0.14470096
329,0.4485307536606252,-4685.6351820544605,5585.6351820544605,-0.01844092,0.16044644
330,0.44744673207538604,-3324.986712858632,4224.986712858632,-0.01891911,0.1458879
331,0.4463653901261528,-7961.542501183885,8861.542501183885,-0.017849546,0.058730707
332,0.445286721189027,-5335.153646102058,6235.153646102058,-0.012218041,0.09155043
333,0.4442107186564838,-3643.5909406851306,4543.590940685131,-0.01474211,0.22641692
334,0.44313737593733177,-5195.460376849342,6095.460376849342,-0.016319303,0.1053997
335,0.4420666864566727,-6831.042315108189,7731.042315108189,-0.015827158,0.115628734
336,0.44099864365586083,-5117.323947831179,6017.323947831179,-0.011154635,0.14371337
337,0.4399332409924632,-5367.314644320592,6267.314644320592,-0.015854908,0.1956766
338,0.4388704719402194,-5702.38851437104,6602.38851437104,-0.011087004,0.11902382
339,0.43781032998900127,-3390.2838302702894,4290.283830270289,-0.014899149,0.16150256
340,0.4367528086447735,-4284.628486933427,5184.628486933427,-0.012909451,0.11640238
341,0.4356979014295536,-4651.443276668972,5551.443276668972,-0.010547461,0.04545777
342,0.4346456018813723,-4166.201864045419,5066.201864045419,-0.01058797,0.10397876
343,0.4335959035542339,-5391.194125283607,6291.194125283607,-0.014837947,0.16280429
344,0.4325488000180768,-4934.0278247174,5834.0278247174,-0.012913806,0.13341394
345,0.431504284858734,-6036.835509820759,6936.835509820759,-0.015192119,0.14177822
346,0.4304623516778942,-5187.043375997274,6087.043375997274,-0.015013061,0.10889671
347,0.42942299409306217,-4231.923457278609,5131.923457278609,-0.013407185,0.075988725
348,0.4283862057375198,-3834.5052407774283,4734.505240777428,-0.011809515,0.16994266
349,0.42735198026028726,-6142.558798294648,7042.558798294648,-0.011614701,0.13474558
350,0.42632031132608383,-4412.090616019409,5312.090616019409,-0.014295765,0.16817735
351,0.4252911926152893,-5083.614736442303,5983.614736442303,-0.004520762,0.066877805
352,0.42426461782390507,-5283.810738872675,6183.810738872675,-0.014356716,0.056081843
353,0.42324058066351583,-5893.837711161932,6793.837711161932,-0.012390511,0.12958543
354,0.42221907486125065,-4434.937182651918,5334.937182651918,-0.008108726,0.098208554
355,0.4212000941597449,-3097.11654615925,3997.11654615925,-0.011657204,0.25689915
356,0.42018363231710176,-4564.326431813,5464.326431813,-0.011082082,0.033898097
357,0.41916968310685393,-5340.3955415043765,6240.3955415043765,-0.00946402,0.1289966
358,0.4181582403179257,-4359.174433709478,5259.174433709478,-0.016751692,0.0921691
359,0.41714929775459453,-5446.230327264697,6346.230327264697,-0.010008909,0.18183908
360,0.41614284923645356,-5010.507221277248,5910.507221277248,-0.012472324,0.04306256
361,0.41513888859837345,-3438.8154379113876,4338.815437911388,-0.008929344,0.20839216
362,0.41413740969046464,-6302.784002555437,7202.784002555437,-0.009681888,0.13634862
363,0.4131384063780397,-4882.803013636414,5782.803013636414,-0.005338557,0.17603788
364,0.4121418725415761,-4655.114357900405,5555.114357900405,-0.010796167,0.16450408
365,0.41114780207667784,-4517.032322200438,5417.032322200438,-0.015565609,0.09643076
366,0.41015618889403904,-4643.510692577763,5543.510692577763,-0.012082008,0.04144866
367,0.40916702691940615,-3626.9792407394198,4526.97924073942,-0.006624676,0.14933334
368,0.4081803100935407,-4956.372766023219,5856.372766023219,-0.014380646,0.13571271
369,0.4071960323721823,-6095.982485448546,6995.982485448546,-0.00639843,0.07477659
370,0.4062141877260118,-5209.77385819646,6109.77385819646,-0.0066027343,0.1253808
371,0.4052347701406139,-5039.817822087193,5939.817822087193,-0.009088304,0.08565087
372,0.40425777361644066,-4699.7193000734815,5599.7193000734815,-0.0050975396,0.1511783
373,0.40328319216877473,-6081.736855442665,6981.736855442665,-0.0046517937,0.10143043
374,0.4023110198276927,-4270.494127525896,5170.494127525896,-0.01394728,0.1753761
375,0.40134125063802817,-4545.787393563719,5445.787393563719,-0.010752027,0.11267925
376,0.4003738786593358,-4838.202101719544,5738.202101719544,-0.011181649,0.16687752
377,0.39940889796585455,-5165.936146163232,6065.936146163232,-0.01066964,0.05461686
378,0.3984463026464716,-4866.027567641173,5766.027567641173,-0.011858252,0.12354814
379,0.3974860868046859,-5230.926202885936,6130.926202885936,-0.013123743,0.1242561
380,0.39652824455857233,-5529.960273523599,6429.960273523599,-0.0065911417,0.17218913
381,0.3955727700407455,-4260.140297718144,5160.140297718144,-0.010775886,0.1282368
382,0.3946196573983239,-6312.048763710125,7212.048763710125,-0.012457423,0.09724193
383,0.3936689007928937,-5351.713412147552,6251.713412147552,-0.010312993,0.15040855
384,0.39272049440047363,-6818.025991652217,7718.025991652217,-0.008456566,0.09207404
385,0.3917744324114789,-6816.988925113958,7716.988925113958,-0.014151892,0.13706225
386,0.39083070903068556,-4715.167419912063,5615.167419912063,-0.00990125,0.115191706
387,0.38988931847719493,-4521.856465674717,5421.856465674717,-0.0019595847,0.12745939
388,0.3889502549843987,-4570.2490816512745,5470.2490816512745,-0.008812441,0.12579638
389,0.38801351279994317,-5156.171906906637,6056.171906906637,-0.0024305098,0.17765823
390,0.38707908618569403,-4845.302923324759,5745.302923324759,-0.006854987,0.15342145
391,0.38614696941770127,-4522.106269976782,5422.106269976782,-0.007714638,0.15204692
392,0.3852171567861642,-4349.755820971323,5249.755820971323,-0.008162537,0.22953573
393,0.38428964259539644,-3760.3427680121777,4660.342768012178,-0.012999684,0.22672912
394,0.38336442116379105,-4735.077937081419,5635.077937081419,-0.0013925771,0.12228369
395,0.38244148682378554,-4550.110649706139,5450.110649706139,-0.008134466,0.16068307
396,0.3815208339218273,-5041.632053459005,5941.632053459005,-0.0022687216,0.15028703
397,0.3806024568183391,-4479.577041579358,5379.577041579358,-0.010392967,0.18313129
398,0.3796863498876843,-4323.2812097982305,5223.2812097982305,-0.0059056813,0.13618037
399,0.3787725075181325,-6065.164182765316,6965.164182765316,-0.011347052,0.16324168
400,0.37786092411182526,-5109.110320022932,6009.110320022932,-0.00835115,0.19758305
401,0.3769515940847415,-3089.6339429645805,3989.6339429645805,-0.009842426,0.2602534
402,0.37604451186666377,-4729.052779890276,5629.052779890276,-0.005444504,0.20433389
403,0.37513967190114356,-5142.9672003279775,6042.9672003279775,-0.0069372957,0.1079013
404,0.37423706864546785,-4921.535023348704,5821.535023348704,-0.005246976,0.17652254
405,0.3733366965706247,-4585.032428297717,5485.032428297717,-0.006116971,0.12726584
406,0.3724385501612696,-5184.5089541707275,6084.5089541707275,-0.0091798855,0.21708584
407,0.37154262391569165,-4035.3036697978714,4935.303669797871,-0.0063468255,0.068606004
408,0.37064891234577985,-3971.971881666829,4871.971881666829,-0.006221699,0.22624835
409,0.3697574099769895,-6437.6264411472785,7337.6264411472785,-0.005562919,0.14137629
410,0.36886811134830855,-3770.670568269413,4670.670568269413,-0.010653023,0.11337385
411,0.36798101101222436,-4779.956485924597,5679.956485924597,-0.007074037,0.17929937
412,0.3670961035346901,-3622.213000834862,4522.213000834862,-0.009807301,0.10198384
413,0.3662133834950917,-3965.8002825918766,4865.800282591877,-0.009744669,0.21850473
414,0.36533284548621436,-4916.974277903647,5816.974277903647,-0.005295198,0.19769002
415,0.36445448411420983,-4864.930703402926,5764.930703402926,-0.0009646442,0.13797636
416,0.36357829399856295,-4123.493400427297,5023.493400427297,-0.0050542126,0.22692178
417,0.3627042697720588,-4345.6055302995765,5245.6055302995765,-0.010516993,0.20094734
418,0.36183240608075,-5490.0351484604125,6390.0351484604125,-0.0066631977,0.17519437
419,0.36096269758392396,-3679.0004454121618,4579.000445412162,-0.0040246393,0.22587264
420,0.36009513895406975,-4070.239647999695,4970.239647999695,-0.010526211,0.18195741
421,0.3592297248768458,-4762.2982560804285,5662.2982560804285,-0.008945748,0.12238739
422,0.3583664500510472,-5943.257726298563,6843.257726298563,-0.0063234074,0.14403023
423,0.35750530918857376,-4649.248144806685,5549.248144806685,-0.0030040117,0.19487427
424,0.35664629701439643,-5295.148625877313,6195.148625877313,0.0007777369,0.1784027
425,0.3557894082665261,-5126.39807480122,6026.39807480122,-0.009440843,0.13286296
426,0.35493463769598116,-6168.623329793414,7068.623329793414,-0.0037858165,0.15007606
427,0.3540819800667548,-3805.373240135412,4705.373240135412,-0.0024257784,0.22119297
428,0.3532314301557835,-4756.34629713316,5656.34629713316,-0.002421315,0.16323632
429,0.35238298275291485,-4797.59343902124,5697.59343902124,-0.017947488,0.20088606
430,0.3515366326608755,-5254.8691878984355,6154.8691878984355,-0.0101072835,0.1897626
431,0.3506923746952396,-3641.5036293245603,4541.50362932456,-0.0043966034,0.22700833
432,0.3498502036843967,-3067.5256449925414,3967.5256449925414,-0.008816041,0.16739157
433,0.3490101144695205,-5029.122514026774,5929.122514026774,-0.007848594,0.17851163
434,0.3481721019045368,-3976.449930953825,4876.449930953825,-0.010322448,0.09495759
435,0.34733616085609226,-3759.9741562198924,4659.974156219892,-0.008275787,0.1728984
436,0.34650228620352286,-3841.4535758001875,4741.4535758001875,-0.012564181,0.2549514
437,0.34567047283882263,-3813.466292519437,4713.466292519437,-0.012140048,0.18055215
438,0.3448407156666123,-3504.1647434992246,4404.164743499225,-0.006530412,0.19298989
439,0.3440130096041078,-5118.328537461104,6018.328537461104,-0.0090479925,0.14740942
440,0.34318734958108965,-4442.321268971108,5342.321268971108,-0.0017867485,0.16613267
441,0.3423637305398717,-3251.442966759514,4151.442966759514,-0.010401943,0.22811757
442,0.34154214743526995,-3907.944080119466,4807.944080119466,-0.0053497637,0.22410363
443,0.34072259523457177,-4102.482934833735,5002.482934833735,-0.004250621,0.21392211
444,0.33990506891750516,-5259.705479080955,6159.705479080955,-0.0064729727,0.09591011
445,0.33908956347620794,-5551.821308997562,6451.821308997562,-0.006033932,0.1678864
446,0.338276073915197,-4463.664013267956,5363.664013267956,-0.0073288213,0.16622275
447,0.3374645952513379,-4330.5867213140655,5230.5867213140655,-0.007296293,0.17894435
448,0.336655122513814,-5575.0103708722245,6475.0103708722245,-0.010133505,0.13315685
449,0.3358476507440964,-5760.674458889804,6660.674458889804,-0.005337792,0.06858082
450,0.3350421749959133,-4821.455683515515,5721.455683515515,-0.010297508,0.11405683
451,0.3342386903352198,-5333.486288652767,6233.486288652767,-0.0042832284,0.18119793
452,0.3334371918401676,-5586.059839317667,6486.059839317667,-0.0064448696,0.14501269
453,0.33263767460107513,-4916.156055365697,5816.156055365697,-0.007833301,0.13484044
454,0.33184013372039695,-5513.141286921244,6413.141286921244,-0.009927488,0.08264168
455,0.33104456431269424,-4563.274061875759,5463.274061875759,-0.00070285116,0.08340721
456,0.3302509615046048,-4266.1410757458925,5166.1410757458925,-0.005259248,0.16276099
457,0.32945932043481274,-5911.771535615268,6811.771535615268,-0.006683767,0.08094924
458,0.32866963625401935,-4627.001306216407,5527.001306216407,-0.010943418,0.17537117
459,0.32788190412491297,-2904.5953615084936,3804.5953615084936,-0.008071292,0.20405707
460,0.3270961192221396,-4885.541606150304,5785.541606150304,0.0033473582,0.11206834
461,0.3263122767322731,-4772.838256995981,5672.838256995981,-0.008929511,0.16829947
462,0.3255303718537858,-4097.201624330988,4997.201624330988,-0.0013529835,0.1401189
463,0.32475039979701925,-5444.88312170026,6344.88312170026,-0.0001560143,0.15154524
464,0.3239723557841547,-5482.153712936108,6382.153712936108,-0.011778926,0.11114832
465,0.32319623504918377,-4792.9561862208675,5692.9561862208675,-0.009320891,0.18429856
466,0.32242203283787946,-4920.2431383298435,5820.2431383298435,-0.00436636,0.11713304
467,0.3216497444077671,-4180.607274984862,5080.607274984862,-0.0080486825,0.15907452
468,0.32087936502809483,-4886.365003088433,5786.365003088433,-0.005580206,0.18160246
469,0.32011088997980497,-6825.498012459192,7725.498012459192,-0.009262097,0.11476047
470,0.31934431455550527,-3346.6482062845607,4246.648206284561,-0.0011371922,0.19455999
471,0.3185796340594398,-4692.921341747428,5592.921341747428,-0.0012499422,0.08018174
472,0.31781684380746006,-5675.759191370032,6575.759191370032,-0.0055552004,0.15340437
473,0.31705593912699664,-4849.401894498669,5749.401894498669,-0.00722591,0.11740908
474,0.3162969153570306,-4008.0847704668276,4908.084770466828,-0.0056207706,0.19157812
475,0.3155397678480643,-4992.654837989407,5892.654837989407,-0.009282784,0.17070657
476,0.31478449196209396,-6583.58495023775,7483.58495023775,-0.0050660996,0.116121724
477,0.3140310830725802,-6534.472994358562,7434.472994358562,-0.004430592,0.1288172
478,0.3132795365644204,-4084.645834432953,4984.645834432953,-0.008859063,0.2007955
479,0.31252984783392007,-4710.0126010066315,5610.0126010066315,-0.006910681,0.19759549
480,0.31178201228876484,-5415.425585931072,6315.425585931072,-0.0013297035,0.1686983
481,0.3110360253479924,-5996.4766563894955,6896.4766563894955,-0.0023955298,0.13817164
482,0.31029188244196393,-4028.113427562401,4928.113427562401,-0.013616604,0.22984602
483,0.309549579012337,-4673.602302100688,5573.602302100688,-0.005340125,0.20317441
484,0.3088091105120365,-5331.319048486813,6231.319048486813,-0.009088504,0.15997417
485,0.30807047240522806,-4927.189485274202,5827.189485274202,0.0022172038,0.11822533
486,0.30733366016728914,-5548.141506603422,6448.141506603422,0.001355922,0.16562149
487,0.306598669284782,-4820.877478891072,5720.877478891072,-0.006574962,0.15370506
488,0.3058654952554259,-4899.519555007056,5799.519555007056,-0.0004551901,0.15071389
489,0.30513413358806935,-4700.422572901768,5600.422572901768,-0.007009431,0.06975217
490,0.30440457980266267,-5350.228026015127,6250.228026015127,-0.0131457895,0.16547601
491,0.3036768294302307,-6245.27983862392,7145.27983862392,-0.010626501,0.10758858
492,0.30295087801284537,-5820.101033815755,6720.101033815755,-0.0028650733,0.11760456
493,0.3022267211035982,-6043.720889876128,6943.720889876128,-0.009504321,0.079545744
494,0.3015043542665733,-3580.956245294072,4480.956245294072,-0.004643478,0.19377068
495,0.30078377307681997,-4506.017722922867,5406.017722922867,0.0017878242,0.1692869
496,0.3000649731203259,-6701.794010733251,7601.794010733251,-0.0027773383,0.07242447
497,0.2993479499939898,-3677.439949108043,4577.439949108043,-0.0057044905,0.09364449
498,0.2986326993055946,-4212.524196368577,5112.524196368577,-0.013643481,0.13370351
499,0.2979192166737807,-5375.788396233871,6275.788396233871,0.0025594688,0.15066065
500,0.29720749772801874,-3810.5992874055064,4710.599287405506,-0.0036343217,0.13267407
501,0.29649753810858304,-4645.682862689258,5545.682862689258,-0.00035502584,0.2028189
502,0.29578933346652514,-3480.0329090660844,4380.032909066084,-0.016395617,0.22841449
503,0.29508287946364675,-5172.247808566623,6072.247808566623,0.0003985029,0.15471043
504,0.2943781717724733,-4096.281538890296,4996.281538890296,-0.0022732269,0.12823781
505,0.2936752060762275,-3860.976488915261,4760.976488915261,0.008504003,0.10873136
506,0.292973978068803,-5143.017380877422,6043.017380877422,-0.0018251981,0.14062908
507,0.29227448345473767,-4792.010458000958,5692.010458000958,-0.006786089,0.21429323
508,0.2915767179491878,-3704.0840023985584,4604.084002398558,0.0040059956,0.11889732
509,0.2908806772779013,-4725.18966895121,5625.18966895121,0.0072952462,0.2007744
510,0.29018635717719177,-5182.398581408757,6082.398581408757,-0.0007472099,0.076191634
511,0.2894937533939126,-5952.293930823478,6852.293930823478,-0.0019263428,0.1488849
512,0.2888028616854305,-4017.6172409708397,4917.61724097084,-0.0055710855,0.26597074
513,0.28811367781959984,-4621.019294221071,5521.019294221071,0.0059847953,0.16545506
514,0.2874261975747365,-5085.104929341398,5985.104929341398,0.008252829,0.223593
515,0.28674041673959216,-6622.349319191263,7522.349319191263,-0.00790712,0.11922899
516,0.28605633111332845,-5298.417223919072,6198.417223919072,0.00034465216,0.086178884
517,0.28537393650549125,-3997.9552348100297,4897.95523481003,-0.00491693,0.08231833
518,0.28469322873598496,-4734.539155102439,5634.539155102439,0.0058460417,0.17634973
519,0.28401420363504687,-4632.58259763183,5532.58259763183,0.0002102085,0.21689788
520,0.2833368570432217,-5761.865968526976,6661.865968526976,-0.0065995217,0.119484566
521,0.28266118481133623,-4252.1404891864,5152.1404891864,-0.0054666684,0.18571642
522,0.2819871828004735,-3500.1152357448927,4400.115235744893,-0.007146597,0.16374786
523,0.281314846881948,-4899.123647782663,5799.123647782663,2.913623e-05,0.14104785
524,0.2806441729372797,-4461.924563798984,5361.924563798984,0.0034318254,0.13525182
525,0.2799751568581696,-5335.220395925373,6235.220395925373,0.0022993768,0.13923018
526,0.2793077945464739,-4491.013262183801,5391.013262183801,-0.001332216,0.117627166
527,0.2786420819141794,-5940.759682747882,6840.759682747882,0.0051696496,0.122455016
528,0.2779780148833778,-4663.099775187251,5563.099775187251,-0.0038379622,0.16714737
529,0.2773155893862416,-4195.093197078789,5095.093197078789,0.009892251,0.19593695
530,0.27665480136499854,-5011.407226693274,5911.407226693274,-0.0043440796,0.14062332
531,0.2759956467719069,-4456.792508021624,5356.792508021624,0.0037204619,0.122259736
532,0.27533812156923076,-3615.521936314184,4515.521936314184,-0.0021911697,0.21265958
533,0.2746822217292153,-5048.386212406378,5948.386212406378,-0.013415246,0.20080687
534,0.27402794323406193,-6249.777501457255,7149.777501457255,-2.5962276e-05,0.09787311
535,0.27337528207590395,-5124.583759484745,6024.583759484745,0.0031042607,0.09431104
536,0.2727242342567818,-5375.1848194501545,6275.1848194501545,-0.0012437137,0.13374841
537,0.2720747957886186,-4239.463319806474,5139.463319806474,0.005469339,0.14040107
538,0.2714269626931959,-6007.6634033591645,6907.6634033591645,-0.0074287048,0.09254069
539,0.27078073100212896,-5781.298152006924,6681.298152006924,0.003212738,0.20375904
540,0.27013609675684286,-4411.652801652564,5311.652801652564,0.0026925346,0.13298438
541,0.26949305600854784,-5896.496058898084,6796.496058898084,-0.0070963614,0.108377926
542,0.26885160481821546,-5158.770225988426,6058.770225988426,-0.0050464757,0.13282076
543,0.2682117392565543,-5684.987656096118,6584.987656096118,0.0026661467,0.07035426
544,0.2675734554039858,-6515.406877137782,7415.406877137782,-0.0068467353,0.068148546
545,0.2669367493506205,-4439.409062531574,5339.409062531574,0.0013966453,0.10889514
546,0.2663016171962338,-3068.5937985285236,3968.5937985285236,0.004298401,0.17354232
547,0.2656680550502425,-5283.762657917239,6183.762657917239,-0.006558424,0.094109364
548,0.26503605903168026,-3633.075261933791,4533.075261933791,0.0015766829,0.18961455
549,0.26440562526917466,-3760.1498039232774,4660.149803923277,0.008185774,0.2239214
550,0.26377674990092287,-6332.723748526387,7232.723748526387,-0.010099782,0.13816856
551,0.2631494290746682,-3160.1587913446774,4060.1587913446774,0.0009199703,0.18579347
552,0.2625236589476766,-3784.208582244649,4684.208582244649,-0.0049786507,0.17014214
553,0.261899435686713,-4499.714569673515,5399.714569673515,0.0019385472,0.18436408
554,0.26127675546801776,-4831.290639454696,5731.290639454696,-0.008866574,0.1410799
555,0.2606556144772835,-5092.022228852791,5992.022228852791,-0.0072756535,0.09045807
556,0.2600360089096314,-3912.081663385181,4812.081663385181,-0.00059381325,0.21460883
557,0.2594179349695883,-5196.59310047334,6096.59310047334,-0.002455733,0.1295153
558,0.258801388871063,-4739.668851042429,5639.668851042429,-0.00754786,0.21323955
559,0.2581863668373234,-4308.953429099689,5208.953429099689,0.008099999,0.103407115
560,0.2575728651009732,-5007.110560773165,5907.110560773165,0.008872774,0.13250084
561,0.2569608799039289,-4555.698338995376,5455.698338995376,-0.0013779572,0.1719317
562,0.25635040749739685,-4381.135125916009,5281.135125916009,0.00022019836,0.121404305
563,0.25574144414184996,-5709.645581378671,6609.645581378671,-0.002952168,0.16666715
564,0.25513398610700533,-4995.006431208792,5895.006431208792,0.0038330904,0.19328314
565,0.2545280296718008,-3954.8926829339143,4854.892682933914,-0.010468355,0.08051112
566,0.25392357112437275,-5307.408660309787,6207.408660309787,-0.0008892419,0.17760684
567,0.2533206067620328,-5660.744242192861,6560.744242192861,-0.022360627,0.11703989
568,0.2527191328912454,-5369.281885002757,6269.281885002757,0.0032755127,0.15327594
569,0.2521191458276054,-3789.327819782756,4689.327819782756,-0.0016285917,0.1316612
570,0.25152064189581524,-5249.8993905193065,6149.8993905193065,-0.007827412,0.07938843
571,0.2509236174296623,-4691.712634765279,5591.712634765279,-0.009065885,0.16199115
572,0.25032806877199665,-4483.4451524352935,5383.4451524352935,-0.0073733525,0.16966787
573,0.2497339922747088,-3871.369748438977,4771.369748438977,-8.236812e-05,0.21384896
574,0.24914138429870705,-4366.9803898432265,5266.9803898432265,0.0012875891,0.13037935
575,0.24855024121389524,-4455.0442809803935,5355.0442809803935,-0.011835771,0.13485867
576,0.24796055939915068,-5254.97052989982,6154.97052989982,0.0027346087,0.16817391
577,0.2473723352423019,-5427.455213515559,6327.455213515559,0.0038822945,0.09940878
578,0.24678556514010644,-4630.4295605321,5530.4295605321,-0.003107438,0.116984196
579,0.24620024549822886,-4371.7780706433405,5271.7780706433405,0.0059034145,0.20992577
580,0.24561637273121867,-4681.9151443428145,5581.9151443428145,-0.0075655836,0.20402572
581,0.24503394326248848,-4676.228466786909,5576.228466786909,-0.005922455,0.18790789
582,0.24445295352429192,-5621.881859138384,6521.881859138384,-0.0031540655,0.18969177
583,0.2438733999577019,-4178.6464525134425,5078.6464525134425,-0.01797639,0.15075341
584,0.2432952790125888,-5293.433757018113,6193.433757018113,-0.0037234207,0.18994166
585,0.24271858714759872,-4525.446180557454,5425.446180557454,-0.0060434453,0.10952419
586,0.24214332083013174,-3796.011254549431,4696.011254549431,-0.008250295,0.1558363
587,0.2415694765363203,-4159.005855758494,5059.005855758494,-0.007633092,0.104651734
588,0.24099705075100766,-4136.686143586664,5036.686143586664,-0.013095118,0.22967027
589,0.24042603996772638,-5830.974276354693,6730.974276354693,-0.010918666,0.13974667
590,0.23985644068867665,-5820.276153732962,6720.276153732962,0.003512402,0.1538688
591,0.23928824942470522,-3970.969258226507,4870.969258226507,0.0016198207,0.16326088
592,0.2387214626952836,-4619.161869620627,5519.161869620627,-0.0044360813,0.22225595
593,0.23815607702848712,-4785.011064837331,5685.011064837331,-0.00893781,0.13343357
594,0.23759208896097342,-4705.8615813678,5605.8615813678,0.004929255,0.17273849
595,0.23702949503796134,-4465.036990397504,5365.036990397504,0.0043194047,0.092028104
596,0.2364682918132097,-4236.131552956789,5136.131552956789,-0.013545242,0.07563332
597,0.2359084758489962,-4162.09324683428,5062.09324683428,-0.002005546,0.1230007
598,0.23535004371609652,-6023.245900413516,6923.245900413516,-0.009558019,0.11186511
599,0.23479299199376308,-4965.337698970215,5865.337698970215,0.0058785374,0.20407426
600,0.23423731726970407,-4969.450787646763,5869.450787646763,-0.0035187565,0.17097083
601,0.23368301614006287,-5874.532263202942,6774.532263202942,-0.013684683,0.14811455
602,0.23313008520939688,-4759.563814584704,5659.563814584704,-0.009341576,0.18641648
603,0.2325785210906568,-4249.647034684196,5149.647034684196,-0.015182328,0.20234308
604,0.23202832040516594,-5093.709110383756,5993.709110383756,0.0115075875,0.11802008
605,0.23147947978259953,-5393.614340920835,6293.614340920835,0.00055287563,0.17557897
606,0.230931995860964,-3254.7073399356323,4154.707339935632,0.00032357758,0.2267848
607,0.2303858652865765,-4805.0012692699775,5705.0012692699775,-0.01633387,0.11917801
608,0.22984108471404416,-4690.124204735674,5590.124204735674,-0.011385624,0.09297462
609,0.2292976508062438,-4105.655392013901,5005.655392013901,-0.004620752,0.2339148
610,0.2287555602343014,-5438.638104891818,6338.638104891818,0.0013918614,0.14423259
611,0.22821480967757168,-3798.3087972193043,4698.308797219304,-0.008385366,0.10240442
612,0.22767539582361784,-3361.36021447683,4261.36021447683,-0.003247329,0.14522968
613,0.2271373153681912,-4562.080687442337,5462.080687442337,0.0035603698,0.19364056
614,0.226600565015211,-5072.705729514646,5972.705729514646,-0.0147765335,0.15181924
615,0.22606514147674417,-5908.460529828239,6808.460529828239,-0.0036617734,0.15316494
616,0.2255310414729852,-4010.694713162191,4910.694713162191,-0.013234644,0.23472963
617,0.22499826173223614,-5230.218750275871,6130.218750275871,-0.009990101,0.114165485
618,0.22446679899088634,-4493.013139681932,5393.013139681932,-0.0019276505,0.12426514
619,0.22393664999339277,-4379.572794773307,5279.572794773307,-0.0079948045,0.13761069
620,0.22340781149225977,-4029.7448476830623,4929.744847683062,-0.0029930845,0.14519346
621,0.22288028024801937,-4893.601785396527,5793.601785396527,-0.0040741838,0.18793641
622,0.22235405302921132,-4984.27634938485,5884.27634938485,-0.00027234334,0.15411279
623,0.22182912661236337,-5205.014450718352,6105.014450718352,-0.00552597,0.1817918
624,0.2213054977819715,-5294.391826937416,6194.391826937416,0.0010737603,0.17203146
625,0.22078316333048023,-5181.223530540275,6081.223530540275,-0.01174901,0.15211636
626,0.22026212005826296,-4477.836997222932,5377.836997222932,-0.0059913346,0.17519425
627,0.21974236477360232,-3404.125567515084,4304.125567515084,-0.0021671825,0.13476981
628,0.21922389429267075,-3880.5900572352202,4780.59005723522,-0.009056936,0.14596738
629,0.21870670543951087,-4255.323247204136,5155.323247204136,-0.011194918,0.1886073
630,0.21819079504601616,-5665.805606720374,6565.805606720374,-0.004351577,0.17620167
631,0.21767615995191134,-4702.048656351093,5602.048656351093,-0.0077559752,0.13616744
632,0.2171627970047332,-4013.3810262624884,4913.381026262488,-0.004487134,0.11991698
633,0.21665070305981127,-4211.310996934666,5111.310996934666,-0.012185435,0.1258678
634,0.21613987498024842,-4451.896307541078,5351.896307541078,-0.0041650725,0.20745967
635,0.21563030963690188,-5662.703411246852,6562.703411246852,-0.006862585,0.10874983
636,0.21512200390836375,-4778.046389045495,5678.046389045495,-0.002676491,0.2086011
637,0.21461495468094224,-5214.093833794026,6114.093833794026,-0.013686749,0.19049707
638,0.21410915884864234,-4981.699460983895,5881.699460983895,-0.0023775857,0.10983353
639,0.2136046133131468,-6853.368966681298,7753.368966681298,-0.013239071,0.1082862
640,0.2131013149837974,-5242.235048342948,6142.235048342948,-0.009819254,0.19693364
641,0.21259926077757565,-6057.618550388374,6957.618550388374,-0.018263834,0.12621605
642,0.2120984476190842,-4385.1718811968885,5285.1718811968885,-0.0078521045,0.1248105
643,0.21159887244052794,-3592.701764815668,4492.701764815668,-0.016648162,0.23833185
644,0.21110053218169503,-4781.233887772745,5681.233887772745,-0.021477364,0.18754697
645,0.2106034237899384,-6602.253336623691,7502.253336623691,-0.017252874,0.14496529
646,0.21010754422015696,-5690.384273398516,6590.384273398516,-0.009726997,0.1901773
647,0.20961289043477674,-4264.56130602642,5164.56130602642,-0.0090140235,0.12437997
648,0.2091194594037327,-4210.222111033367,5110.222111033367,-0.012473668,0.17353484
649,0.2086272481044498,-4848.257880352556,5748.257880352556,-0.0068884976,0.16249941
650,0.20813625352182463,-3271.1724792410578,4171.172479241058,-0.008201839,0.08989179
651,0.20764647264820701,-5825.020683900324,6725.020683900324,-0.010810589,0.1605839
652,0.20715790248338145,-5108.2079594490415,6008.2079594490415,-0.011290722,0.14112605
653,0.2066705400345488,-6164.964025806505,7064.964025806505,-0.008886698,0.10732318
654,0.2061843823163079,-4821.83234956155,5721.83234956155,-0.01678066,0.10538174
655,0.2056994263506374,-5028.981258915309,5928.981258915309,0.0034336732,0.1833787
656,0.20521566916687736,-4935.570497932709,5835.570497932709,-0.0063610342,0.19264647
657,0.2047331078017112,-3933.667408894331,4833.667408894331,-0.0073917527,0.079963304
658,0.20425173929914744,-3501.6191169635076,4401.619116963508,-0.012638606,0.14423385
659,0.20377156071050162,-5779.206055155932,6679.206055155932,-0.008638495,0.12706691
660,0.20329256909437832,-3685.7203626000974,4585.720362600097,-0.005765539,0.24067158
661,0.20281476151665298,-3475.9979367126525,4375.9979367126525,-0.0035096775,0.13259684
662,0.20233813505045406,-5117.245398885919,6017.245398885919,-0.010998719,0.17055652
663,0.20186268677614513,-4550.273187730348,5450.273187730348,-0.014791004,0.1747566
664,0.2013884137813068,-5465.243619178689,6365.243619178689,-0.016259719,0.10912186
665,0.2009153131607191,-5361.774466806028,6261.774466806028,-0.008884757,0.19096178
666,0.20044338201634357,-4991.025290745965,5891.025290745965,-0.014817735,0.13864493
667,0.19997261745730552,-5323.336412832884,6223.336412832884,0.0028792918,0.14391351
668,0.19950301659987627,-3510.776797147213,4410.776797147213,-0.026901025,0.10790936
669,0.19903457656745568,-4801.808625004206,5701.808625004206,-0.012269628,0.14976609
670,0.19856729449055424,-5763.731866829866,6663.731866829866,-0.0020388192,0.15096167
671,0.1981011675067758,-5830.153988998999,6730.153988998999,-0.0049882075,0.15801848
672,0.19763619276079974,-5038.356526150253,5938.356526150253,-0.0146926185,0.18301964
673,0.19717236740436367,-6194.5110558744445,7094.5110558744445,-0.002043651,0.1264635
674,0.19670968859624596,-4370.726547621355,5270.726547621355,-0.013500376,0.08756483
675,0.19624815350224828,-4057.4411047213434,4957.441104721343,-0.020108273,0.23708577
676,0.1957877592951783,-4598.124234320299,5498.124234320299,-0.014848625,0.11255402
677,0.1953285031548323,-3314.2044946199258,4214.204494619926,-0.02455949,0.24589649
678,0.19487038226797793,-5246.205014833213,6146.205014833213,-0.012099027,0.13558471
679,0.19441339382833703,-4532.7935037042,5432.7935037042,-0.0069109127,0.13608667
680,0.19395753503656837,-4987.043786039175,5887.043786039175,-0.031601593,0.13056058
681,0.19350280310025048,-4769.263509482954,5669.263509482954,-0.016732613,0.13350676
682,0.19304919523386463,-4816.247406306647,5716.247406306647,-0.020520916,0.08985941
683,0.19259670865877773,-3823.8188256303456,4723.818825630346,-0.016030667,0.22656244
684,0.19214534060322525,-5301.370180157808,6201.370180157808,-0.016334126,0.16686371
685,0.19169508830229437,-6194.961687389238,7094.961687389238,-0.016618878,0.14427929
686,0.19124594899790692,-6021.325172658408,6921.325172658408,-0.02246778,0.1715391
687,0.19079791993880257,-6152.8106891029365,7052.8106891029365,0.001317065,0.16756546
688,0.19035099838052186,-6044.921489585239,6944.921489585239,-0.019103566,0.11880976
689,0.18990518158538958,-6137.866959449157,7037.866959449157,-0.013795869,0.124457106
690,0.18946046682249776,-4803.6334187910725,5703.6334187910725,-0.0068055578,0.20063257
691,0.18901685136768925,-4023.1364152847364,4923.136415284736,-0.020372087,0.26516858
692,0.18857433250354064,-5185.588050732438,6085.588050732438,-0.021804266,0.16981234
693,0.18813290751934594,-3943.51282209867,4843.51282209867,-0.01540463,0.1678879
694,0.1876925737110999,-4453.923677960606,5353.923677960606,-0.020595433,0.14683676
695,0.18725332838148132,-3046.1895474569665,3946.1895474569665,-0.017719362,0.15482964
696,0.18681516883983665,-4968.980758616031,5868.980758616031,-0.016501388,0.12866186
697,0.18637809240216352,-3996.181693662298,4896.181693662298,-0.021427223,0.15039809
698,0.18594209639109419,-7245.569738249701,8145.569738249701,-0.017730331,0.10545124
699,0.18550717813587922,-5041.319774593989,5941.319774593989,-0.01617114,0.16729856
700,0.1850733349723711,-3957.68301344459,4857.68301344459,-0.015986577,0.16914366
701,0.18464056424300798,-3117.2321526375313,4017.2321526375313,-0.012755122,0.21805504
702,0.18420886329679728,-2908.390547828296,3808.390547828296,-0.0124506345,0.24394065
703,0.18377822948929956,-5800.432099406365,6700.432099406365,-0.02078306,0.09699956
704,0.18334866018261226,-6164.623252037558,7064.623252037558,-0.01907782,0.13810064
705,0.18292015274535353,-5208.220588581358,6108.220588581358,-0.033806574,0.18187323
706,0.18249270455264618,-5190.274626705143,6090.274626705143,-0.007074189,0.13696656
707,0.18206631298610151,-4853.360142397881,5753.360142397881,-0.0155952675,0.15399611
708,0.1816409754338034,-4833.514406007868,5733.514406007868,-0.020999243,0.21283281
709,0.1812166892902921,-7485.630401004917,8385.630401004917,-0.015541161,0.010501629
710,0.18079345195654858,-3880.9502641612034,4780.950264161203,-0.008241972,0.11462321
711,0.1803712608399782,-4761.197399762056,5661.197399762056,-0.01720565,0.1720582
712,0.17995011335439529,-4382.024809085237,5282.024809085237,-0.022824937,0.23756804
713,0.1795300069200069,-5258.716900704063,6158.716900704063,-0.02662934,0.104106545
714,0.17911093896339725,-3664.8064868438987,4564.806486843899,-0.02463092,0.22488587
715,0.17869290691751188,-5057.55250742076,5957.55250742076,-0.014371241,0.19229795
716,0.178275908221642,-5656.691568607005,6556.691568607005,-0.0034791834,0.10686079
717,0.17785994032140853,-3641.3751083162433,4541.375108316243,-0.011201459,0.1463762
718,0.17744500066874694,-6479.264091358231,7379.264091358231,-0.02551888,0.12474083
719,0.17703108672189113,-3562.6903301073326,4462.690330107333,-0.02868133,0.24668033
720,0.17661819594535824,-4955.512212047302,5855.512212047302,-0.024263619,0.1107571
721,0.17620632580993287,-4476.301230607541,5376.301230607541,-0.02154712,0.20434752
722,0.17579547379265176,-4247.041804066239,5147.041804066239,-0.026357679,0.15771644
723,0.17538563737678822,-4922.006043135369,5822.006043135369,-0.021913866,0.16098042
724,0.17497681405183685,-3629.241352705536,4529.241352705536,-0.027155662,0.114343174
725,0.17456900131349787,-5320.16712134038,6220.16712134038,-0.02026768,0.17565027
726,0.17416219666366217,-5245.3588491699375,6145.3588491699375,-0.022244973,0.14480253
727,0.1737563976103957,-4473.687305424966,5373.687305424966,-0.019809928,0.19762829
728,0.17335160166792446,-6107.399945200528,7007.399945200528,-0.03390714,0.14946602
729,0.17294780635661897,-6616.179922392096,7516.179922392096,-0.014317125,0.13345157
730,0.1725450092029793,-3417.678611824178,4317.678611824178,-0.030753609,0.261513
731,0.1721432077396199,-4798.64578205671,5698.64578205671,-0.03077964,0.20910425
732,0.1717423995052544,-3261.094117504241,4161.094117504241,-0.02133271,0.22465014
733,0.17134258204468067,-4892.334789804898,5792.334789804898,-0.033678837,0.07194686
734,0.1709437529087656,-5800.572685819806,6700.572685819806,-0.021141535,0.09030591
735,0.17054590965443017,-4064.8321818896893,4964.832181889689,-0.013766743,0.21214081
736,0.1701490498446346,-4846.056054479895,5746.056054479895,-0.01580523,0.19298601
737,0.16975317104836324,-6626.567369250967,7526.567369250967,-0.018106347,0.07916413
738,0.16935827084060984,-4392.682835752653,5292.682835752653,-0.026620673,0.14008267
739,0.16896434680236255,-4563.783688698333,5463.783688698333,-0.02536298,0.16654457
740,0.16857139652058922,-4732.292724841292,5632.292724841292,-0.027413651,0.1457995
741,0.16817941758822252,-4538.375930977905,5438.375930977905,-0.012267519,0.19739999
742,0.16778840760414535,-3939.1825739404785,4839.1825739404785,-0.023576181,0.08024739
743,0.16739836417317586,-4895.682005859368,5795.682005859368,-0.018269716,0.116567805
744,0.1670092849060531,-4400.046942710562,5300.046942710562,-0.021996442,0.20720987
745,0.16662116741942215,-4083.56667038913,4983.56667038913,-0.009305198,0.19019157
746,0.1662340093358196,-5694.643276865883,6594.643276865883,-0.04343949,0.060436502
747,0.16584780828365905,-5837.595276485816,6737.595276485816,-0.02528764,0.14725092
748,0.16546256189721645,-4846.864649520641,5746.864649520641,-0.026894573,0.20543659
749,0.1650782678166157,-5648.396051059403,6548.396051059403,-0.026154557,0.069368295
750,0.16469492368781413,-3426.7646171743854,4326.764617174385,-0.025741568,0.23784676
751,0.1643125271625882,-3732.114768024845,4632.114768024845,-0.028456429,0.20599389
752,0.16393107589851902,-5180.804682811462,6080.804682811462,-0.028035423,0.20028615
753,0.16355056755897796,-3921.5544337905776,4821.554433790578,-0.02696122,0.20357107
754,0.16317099981311245,-4206.468446649587,5106.468446649587,-0.03161219,0.18417844
755,0.16279237033583163,-4792.946152923828,5692.946152923828,-0.030131854,0.23098229
756,0.16241467680779212,-6013.642052983776,6913.642052983776,-0.028285876,0.11407547
757,0.16203791691538383,-5395.510799127213,6295.510799127213,-0.039231054,0.11301573
758,0.16166208835071572,-4613.837834856409,5513.837834856409,-0.017374292,0.16611841
759,0.16128718881160184,-6751.625185389717,7651.625185389717,-0.03085017,0.08668232
760,0.160913216001547,-5133.304414962304,6033.304414962304,-0.042833906,0.20597944
761,0.1605401676297328,-4548.673849519051,5448.673849519051,-0.018339792,0.108242236
762,0.16016804141100366,-4297.359285718921,5197.359285718921,-0.033671103,0.15186971
763,0.1597968350658528,-4136.851175893959,5036.851175893959,-0.015172499,0.12344972
764,0.1594265463204081,-6318.81110486678,7218.81110486678,-0.0062627904,0.08454927
765,0.15905717290641846,-4602.745196775793,5502.745196775793,-0.036883906,0.14659475
766,0.1586887125612397,-5154.9494344579925,6054.9494344579925,-0.015525725,0.15604688
767,0.1583211630278208,-4563.340371541964,5463.340371541964,-0.032931883,0.18886538
768,0.1579545220546899,-4260.223923192287,5160.223923192287,-0.014121047,0.20887642
769,0.15758878739594084,-4071.7233783094744,4971.723378309474,-0.033432383,0.11845378
770,0.1572239568112191,-3136.2239262872067,4036.2239262872067,-0.021680584,0.15435793
771,0.15686002806570812,-4795.657918805302,5695.657918805302,-0.023978278,0.15125494
772,0.1564969989301158,-4652.115280988088,5552.115280988088,-0.02250887,0.19392523
773,0.1561348671806606,-5218.692512711744,6118.692512711744,-0.020274991,0.17364286
774,0.1557736305990582,-5382.286754551256,6282.286754551256,-0.034247335,0.13701706
775,0.15541328697250753,-4757.319576916583,5657.319576916583,-0.026912773,0.16149536
776,0.15505383409367757,-4382.03520158698,5282.03520158698,-0.026974564,0.19251649
777,0.15469526976069364,-3947.4019876736493,4847.401987673649,-0.026772086,0.20888574
778,0.15433759177712403,-5418.507179073808,6318.507179073808,-0.0396178,0.13588172
779,0.15398079795196634,-5660.037338120174,6560.037338120174,-0.03540053,0.15690865
780,0.15362488609963437,-6163.131234901601,7063.131234901601,-0.023868209,0.15269458
781,0.1532698540399444,-5336.559097417654,6236.559097417654,-0.03585867,0.16998464
782,0.15291569959810206,-3479.1268060266475,4379.1268060266475,-0.020662867,0.21328008
783,0.15256242060468897,-4427.170414247757,5327.170414247757,-0.029678563,0.14431255
784,0.1522100148956494,-4864.153524627038,5764.153524627038,-0.03262215,0.18264925
785,0.151858480312277,-3538.649465864215,4438.649465864215,-0.032952175,0.1486455
786,0.15150781470120162,-3494.4470940808005,4394.4470940808005,-0.02683094,0.17647135
787,0.15115801591437616,-6361.30426392385,7261.30426392385,-0.04660136,0.119088806
788,0.15080908180906336,-4491.836581235988,5391.836581235988,-0.03307174,0.10829273
789,0.15046101024782263,-4694.190287703274,5594.190287703274,-0.05480088,0.15897225
790,0.15011379909849695,-4149.960559586131,5049.960559586131,-0.025372863,0.16118912
791,0.14976744623420005,-4354.479577707544,5254.479577707544,-0.03378273,0.14560238
792,0.149421949533303,-3778.2662728402574,4678.266272840257,-0.032437555,0.08829398
793,0.14907730687942156,-5280.867449990682,6180.867449990682,-0.047120363,0.1608321
794,0.14873351616140293,-3955.7755524017393,4855.775552401739,-0.027809467,0.17205155
795,0.14839057527331306,-4136.072544844401,5036.072544844401,-0.032187037,0.14361918
796,0.1480484821144236,-4491.379964057723,5391.379964057723,-0.04035164,0.16762833
797,0.14770723458919904,-4092.4443578669852,4992.444357866985,-0.03780553,0.21385649
798,0.14736683060728398,-5805.483459839388,6705.483459839388,-0.036539383,0.09638593
799,0.14702726808349018,-6560.922230433027,7460.922230433027,-0.03767329,0.1415693
800,0.1466885449377839,-5274.303898231392,6174.303898231392,-0.022705162,0.16946547
801,0.14635065909527314,-5024.180014860105,5924.180014860105,-0.039011803,0.1396185
802,0.14601360848619485,-4929.904002066042,5829.904002066042,-0.037356358,0.103203066
803,0.14567739104590235,-6314.555149774447,7214.555149774447,-0.03266385,0.15771769
804,0.14534200471485265,-4396.441539195197,5296.441539195197,-0.03294574,0.19329204
805,0.14500744743859376,-6348.341677379817,7248.341677379817,-0.04627109,0.1316186
806,0.14467371716775226,-4540.739807175937,5440.739807175937,-0.039458264,0.18458655
807,0.1443408118580206,-3809.8728114116348,4709.872811411635,-0.03672359,0.20009235
808,0.14400872947014468,-5074.737783263774,5974.737783263774,-0.0338055,0.103831664
809,0.14367746796991124,-5118.366618439803,6018.366618439803,-0.044478636,0.16812322
810,0.14334702532813554,-5004.628636636109,5904.628636636109,-0.026592446,0.21292198
811,0.1430173995206488,-5454.695384045715,6354.695384045715,-0.04811299,0.09460508
812,0.14268858852828598,-4523.648347680219,5423.648347680219,-0.045600966,0.17287818
813,0.14236059033687315,-5808.72170801013,6708.72170801013,-0.030130489,0.11596782
814,0.1420334029372154,-4824.605820686531,5724.605820686531,-0.028601993,0.18206485
815,0.14170702432508434,-5118.919471540284,6018.919471540284,-0.037084114,0.18435067
816,0.14138145250120604,-5433.985324767094,6333.985324767094,-0.048310563,0.08623374
817,0.14105668547124853,-6285.491908694112,7185.491908694112,-0.03644055,0.1450107
818,0.14073272124580977,-4252.174097330418,5152.174097330418,-0.03311327,0.24197604
819,0.14040955784040537,-5177.395013561246,6077.395013561246,-0.05319424,0.12600759
820,0.14008719327545652,-5846.859581432413,6746.859581432413,-0.030552434,0.16401641
821,0.13976562557627772,-4499.880004463554,5399.880004463554,-0.04360248,0.18570574
822,0.13944485277306493,-5590.406433311993,6490.406433311993,-0.020939656,0.12246675
823,0.1391248729008831,-4775.244545590638,5675.244545590638,-0.022216346,0.091757104
824,0.13880568399965465,-5603.725583569441,6503.725583569441,-0.05165202,0.11291881
825,0.13848728411414699,-5387.560478086408,6287.560478086408,-0.033754744,0.16105947
826,0.13816967129396085,-4857.5981923726185,5757.5981923726185,-0.039237797,0.1643112
827,0.1378528435935182,-5111.553130735099,6011.553130735099,-0.042159382,0.12338853
828,0.1375367990720504,-4848.543025593924,5748.543025593924,-0.044397082,0.085338086
829,0.13722153579358623,-4808.679357371569,5708.679357371569,-0.042701304,0.16333586
830,0.13690705182694005,-5691.899594925502,6591.899594925502,-0.03175984,0.065714985
831,0.13659334524570005,-5068.796987634532,5968.796987634532,-0.042746935,0.18221332
832,0.13628041412821634,-5808.849788943826,6708.849788943826,-0.078534946,0.11499155
833,0.13596825655758935,-3594.953615251792,4494.953615251792,0.03769179,0.1756992
834,0.1356568706216578,-3980.4538133951028,4880.453813395103,-0.011398633,0.21688269
835,0.13534625441298725,-4578.4136857668145,5478.4136857668145,-0.06349594,0.21064478
836,0.13503640602885839,-5020.058921494473,5920.058921494473,-0.048175123,0.16398934
837,0.13472732357125514,-4370.064458225301,5270.064458225301,-0.035762932,0.1471783
838,0.13441900514685343,-4302.770441225448,5202.770441225448,-0.033393547,0.22009446
839,0.13411144886700913,-4470.529088941821,5370.529088941821,-0.02156837,0.17677869
840,0.13380465284774684,-5007.531183128865,5907.531183128865,-0.022917377,0.19048372
841,0.13349861520974834,-4921.531595081076,5821.531595081076,-0.0059398967,0.13546818
842,0.1331933340783408,-4286.111915885702,5186.111915885702,-0.029343147,0.22901776
843,0.13288880758348554,-5544.732233040726,6444.732233040726,-0.0371357,0.13053854
844,0.13258503385976647,-4328.506361813346,5228.506361813346,-0.051418554,0.20075254
845,0.1322820110463788,-4417.861573200101,5317.861573200101,-0.029291192,0.11859352
846,0.13197973728711743,-6926.546543577155,7826.546543577155,-0.024801785,0.15183786
847,0.13167821073036567,-5893.283639420374,6793.283639420374,0.0006086911,0.16252694
848,0.131377429529084,-4313.765507734551,5213.765507734551,-0.029862208,0.14128062
849,0.13107739184079858,-4126.219689715976,5026.219689715976,-0.03691137,0.13049573
850,0.13077809582759023,-5028.203761063453,5928.203761063453,-0.05530224,0.18637976
851,0.13047953965608275,-5397.823382504897,6297.823382504897,-0.029061504,0.16374439
852,0.13018172149743212,-4979.183831256809,5879.183831256809,-0.027406145,0.14770848
853,0.12988463952731505,-3869.3822191613453,4769.382219161345,-0.023761837,0.14040837
854,0.12958829192591784,-4571.964441267356,5471.964441267356,-0.03159015,0.12424765
855,0.1292926768779253,-4425.231934227211,5325.231934227211,-0.058158606,0.14235587
856,0.1289977925725096,-4801.82948005059,5701.82948005059,-0.013512163,0.21586297
857,0.12870363720331912,-5215.075776065812,6115.075776065812,-0.016032374,0.08506624
858,0.12841020896846744,-4170.461379635077,5070.461379635077,-0.00042634615,0.2091502
859,0.12811750607052239,-3981.237656988884,4881.237656988884,-0.017220436,0.13483195
860,0.12782552671649478,-4479.9794557326,5379.9794557326,-0.030373024,0.19182312
861,0.12753426911782767,-5241.625247067149,6141.625247067149,-0.019430516,0.124991015
862,0.12724373149038537,-3807.924571937514,4707.924571937514,-0.035818577,0.17348397
863,0.1269539120544424,-4298.418784975882,5198.418784975882,-0.03981648,0.13355337
864,0.12666480903467267,-6230.507370822321,7130.507370822321,-0.03746719,0.09877005
865,0.12637642066013857,-4045.144486797306,4945.144486797306,-0.03470808,0.118114
866,0.1260887451642802,-5047.839527162006,5947.839527162006,-0.048187613,0.20725936
867,0.1258017807849044,-6674.310379896536,7574.310379896536,-0.015985416,0.10869626
868,0.12551552576417416,-3322.6008943389606,4222.600894338961,-0.03374529,0.19350955
869,0.12522997834859761,-4825.5745898639325,5725.5745898639325,-0.009374852,0.118300386
870,0.1249451367890175,-4847.896916133381,5747.896916133381,0.0003246108,0.18223837
871,0.12466099934060038,-3911.41069594526,4811.41069594526,-0.02299638,0.15174666
872,0.12437756426282587,-5130.976781086613,6030.976781086613,-0.054530717,0.15343869
873,0.1240948298194761,-5001.43353290106,5901.43353290106,-0.035605125,0.19455501
874,0.12381279427862502,-4426.042259939818,5326.042259939818,-0.034910247,0.1595712
875,0.12353145591262778,-3480.0047817955474,4380.004781795547,-0.02149777,0.24560195
876,0.12325081299811017,-4763.1418657997165,5663.1418657997165,-0.022658559,0.18109465
877,0.12297086381595804,-3720.0726957103943,4620.072695710394,-0.031748418,0.23745511
878,0.12269160665130685,-5077.553668770762,5977.553668770762,-0.018913446,0.09039431
879,0.12241303979353102,-5762.0856693415535,6662.0856693415535,-0.012585513,0.16820459
880,0.12213516153623358,-5578.008937740184,6478.008937740184,-0.04373178,0.17742671
881,0.12185797017723568,-4802.327891129587,5702.327891129587,-0.005460621,0.15769024
882,0.12158146401856611,-5465.921706740126,6365.921706740126,-0.017806498,0.1838702
883,0.12130564136645097,-4278.376156535823,5178.376156535823,-0.012082671,0.15127125
884,0.12103050053130329,-3742.980462553218,4642.980462553218,-0.0083196405,0.15861599
885,0.1207560398277126,-5134.8343102229,6034.8343102229,-0.025912832,0.2148492
886,0.12048225757443472,-5322.559354133901,6222.559354133901,-0.039064363,0.14313617
887,0.12020915209438135,-6202.424657130799,7102.424657130799,-0.0171585,0.118091054
888,0.11993672171460991,-4022.246341710297,4922.246341710297,-0.025705075,0.21577369
889,0.11966496476631318,-6578.7538349290435,7478.7538349290435,-0.034472447,0.13363393
890,0.11939387958480917,-5679.615856537477,6579.615856537477,-0.04568418,0.09682531
891,0.11912346450953085,-5514.521333877786,6414.521333877786,0.004149096,0.14829102
892,0.11885371788401604,-4133.037184357584,5033.037184357584,-0.011305481,0.12006036
893,0.11858463805589724,-4992.571582771372,5892.571582771372,-0.0418439,0.23223075
894,0.11831622337689145,-4425.1144218988065,5325.1144218988065,-0.015286614,0.15635332
895,0.11804847220279019,-5232.368245623929,6132.368245623929,-0.033909347,0.15055752
896,0.11778138289344932,-3886.1415810256185,4786.1415810256185,-0.015625354,0.2446455
897,0.11751495381277907,-5360.98273712174,6260.98273712174,-0.024909882,0.18455654
898,0.11724918332873395,-5917.417683354024,6817.417683354024,-0.004602074,0.17921913
899,0.11698406981330282,-4839.2208900210335,5739.2208900210335,-0.030401958,0.20777743
900,0.1167196116424989,-5163.561443171588,6063.561443171588,-0.01857914,0.12928896
901,0.11645580719634974,-5877.968842224796,6777.968842224796,-0.021322949,0.15323633
902,0.11619265485888741,-3626.1465431746483,4526.146543174648,-0.011670779,0.22121058
903,0.11593015301813857,-4503.899034984962,5403.899034984962,0.0048103374,0.1766053
904,0.11566830006611453,-4275.715097924242,5175.715097924242,-0.022754911,0.14657667
905,0.11540709439880151,-6763.347910568299,7663.347910568299,-0.023429584,0.1445289
906,0.11514653441615072,-4795.433353536205,5695.433353536205,-0.03272146,0.19342591
907,0.1148866185220686,-5603.409912224592,6503.409912224592,-0.024798831,0.12615998
908,0.11462734512440705,-3513.6621224988385,4413.6621224988385,-0.032810807,0.14450243
909,0.11436871263495361,-4677.924110556028,5577.924110556028,-0.03864679,0.11314686
910,0.1141107194694219,-6012.5515147921815,6912.5515147921815,-0.021750739,0.09719456
911,0.11385336404744167,-4854.031581725264,5754.031581725264,-0.017776914,0.190743
912,0.11359664479254933,-4199.497062557367,5099.497062557367,-0.021273548,0.1539531
913,0.11334056013217818,-4776.333560891481,5676.333560891481,-0.007957901,0.22394001
914,0.11308510849764883,-4997.056378608875,5897.056378608875,-0.02370011,0.1590717
915,0.11283028832415956,-4654.344123119041,5554.344123119041,-0.009686426,0.20576648
916,0.11257609805077676,-4566.143883048873,5466.143883048873,-0.0049424614,0.17099409
917,0.11232253612042531,-6140.509253041957,7040.509253041957,-0.044611502,0.1090683
918,0.11206960097987917,-3935.690771107571,4835.690771107571,-0.008424285,0.15754867
919,0.11181729107975168,-5421.713265133554,6321.713265133554,-0.02266605,0.15575625
920,0.11156560487448623,-3610.9679034250557,4510.967903425056,-0.0033589948,0.21423413
921,0.11131454082234674,-3564.916356395868,4464.916356395868,-0.033355027,0.20045505
922,0.11106409738540818,-5376.918270730371,6276.918270730371,-0.021681251,0.15861851
923,0.11081427302954719,-5732.183189709387,6632.183189709387,-0.024142599,0.13983044
924,0.11056506622443266,-5235.453077470565,6135.453077470565,-0.0044715134,0.17401403
925,0.11031647544351639,-5024.407406065871,5924.407406065871,-0.010936857,0.119272895
926,0.11006849916402368,-4584.047021984253,5484.047021984253,-0.025280615,0.13019878
927,0.10982113586694407,-6493.305712904042,7393.305712904042,-0.022086717,0.13420397
928,0.10957438403702201,-4492.948613039607,5392.948613039607,-0.028520899,0.2221201
929,0.10932824216274752,-5574.772629849789,6474.772629849789,-0.02622315,0.13710259
930,0.10908270873634701,-4720.997431844982,5620.997431844982,-0.018669449,0.16831638
931,0.10883778225377404,-4843.25119013808,5743.25119013808,-0.050260086,0.0911136
932,0.10859346121470004,-5903.559608024701,6803.559608024701,-0.016284999,0.13831612
933,0.1083497441225052,-5643.942629516055,6543.942629516055,-0.0431187,0.15823923
934,0.10810662948426922,-4490.763349908966,5390.763349908966,-0.043606143,0.11348202
935,0.1078641158107623,-3985.5582248513992,4885.558224851399,-0.04931087,0.17819187
936,0.10762220161643578,-4098.1724581123735,4998.1724581123735,-0.05233762,0.22883789
937,0.10738088541941328,-5853.450995351444,6753.450995351444,-0.020156143,0.074098326
938,0.10714016574148152,-3497.0937662233364,4397.093766223336,-0.035607968,0.10648074
939,0.1069000411080813,-4057.964816102236,4957.964816102236,-0.04191824,0.13573165
940,0.10666051004829838,-4215.249134022693,5115.249134022693,-0.026609806,0.18539748
941,0.10642157109485459,-4453.40112202041,5353.40112202041,-0.033666424,0.22044984
942,0.10618322278409874,-4420.752577823428,5320.752577823428,-0.046894774,0.119365446
943,0.1059454636559977,-4139.348327145805,5039.348327145805,-0.015004106,0.15437172
944,0.1057082922541275,-5265.614857120013,6165.614857120013,-0.044361703,0.21412535
945,0.10547170712566432,-3712.027928956796,4612.027928956796,-0.045049462,0.23916462
946,0.10523570682137563,-5499.50402874616,6399.50402874616,-0.052751563,0.1500719
947,0.10500028989561133,-3538.473546881164,4438.473546881164,-0.05958106,0.21140574
948,0.10476545490629488,-5055.110986153562,5955.110986153562,-0.010726651,0.13245387
949,0.10453120041491447,-4616.08934685526,5516.08934685526,-0.043265484,0.123764895
950,0.10429752498651419,-5033.963978770633,5933.963978770633,-0.05215648,0.19691119
951,0.10406442718968528,-5051.988640977095,5951.988640977095,-0.01744308,0.16238375
952,0.10383190559655729,-4039.1927719182777,4939.192771918278,-0.04774048,0.23952396
953,0.10359995878278944,-5649.260801683753,6549.260801683753,-0.044590704,0.11540226
954,0.10336858532756178,-4549.670808374719,5449.670808374719,-0.011456553,0.17355883
955,0.10313778381356659,-5296.341135849659,6196.341135849659,-0.0613968,0.18450591
956,0.1029075528269996,-5253.24494891419,6153.24494891419,-0.05769329,0.20341344
957,0.10267789095755141,-5347.126283937902,6247.126283937902,-0.038283188,0.19898956
958,0.10244879679839881,-4571.765984173526,5471.765984173526,-0.044175945,0.19285312
959,0.1022202689461962,-4300.5581643998175,5200.5581643998175,-0.084333554,0.180867
960,0.1019923060010669,-4257.464074729536,5157.464074729536,-0.054510113,0.21181513
961,0.10176490656659472,-4732.385911874639,5632.385911874639,-0.030277971,0.1740513
962,0.10153806924981526,-4574.830181116235,5474.830181116235,-0.05740516,0.09122142
963,0.1013117926612075,-3707.7403216286402,4607.74032162864,-0.062937446,0.15646255
964,0.10108607541468516,-4622.852749535925,5522.852749535925,-0.051920008,0.14666988
965,0.10086091612758837,-4852.291157603561,5752.291157603561,-0.042483035,0.1967571
966,0.10063631342067504,-4594.904547511188,5494.904547511188,-0.061419167,0.16691925
967,0.10041226591811253,-6100.500302094157,7000.500302094157,-0.058614194,0.12835683
968,0.10018877224746915,-3730.5022266356436,4630.502226635644,-0.051131703,0.1995309
969,0.09996583103970577,-6376.0460143154505,7276.0460143154505,-0.027309056,0.11604598
970,0.09974344092916748,-4919.241839779139,5819.241839779139,-0.056669977,0.1620791
971,0.09952160055357516,-5067.780973514819,5967.780973514819,-0.0570808,0.17966598
972,0.09930030855401714,-5180.056522409495,6080.056522409495,-0.032088462,0.16998579
973,0.09907956357494097,-3978.847926548692,4878.847926548692,-0.042813335,0.1063598
974,0.09885936426414495,-4357.219121120319,5257.219121120319,-0.06945513,0.106373236
975,0.09863970927277002,-6032.8761618867,6932.8761618867,-0.018042985,0.11457151
976,0.09842059725529137,-4835.660381238244,5735.660381238244,-0.06841267,0.1280654
977,0.09820202686951025,-3047.652622853351,3947.652622853351,-0.04884483,0.22041282
978,0.0979839967765458,-3452.3528254610683,4352.352825461068,-0.053512365,0.19525306
979,0.09776650564082671,-4757.582810754656,5657.582810754656,-0.06268941,0.12290926
980,0.0975495521300832,-4450.229787489255,5350.229787489255,-0.03716861,0.17329867
981,0.0973331349153387,-2972.861852209837,3872.861852209837,-0.063647516,0.19447806
982,0.09711725267090185,-4667.32558835141,5567.32558835141,-0.052971184,0.117152445
983,0.0969019040743583,-3653.0537290450056,4553.053729045006,-0.048970427,0.1832445
984,0.09668708780656264,-3931.4227271708396,4831.42272717084,-0.04540451,0.14403093
985,0.0964728025516303,-6460.970000806534,7360.970000806534,-0.040450916,0.12064679
986,0.09625904699692947,-3419.796184009858,4319.796184009858,-0.05192469,0.13590418
987,0.09604581983307313,-6342.351524873011,7242.351524873011,-0.05678132,0.12898776
988,0.09583311975391097,-4189.767516966946,5089.767516966946,-0.054342426,0.1839397
989,0.0956209454565214,-4675.8006539208445,5575.8006539208445,-0.062336717,0.094352216
990,0.09540929564120358,-4093.0489961338117,4993.048996133812,-0.06391473,0.17799982
991,0.09519816901146942,-5084.389392798298,5984.389392798298,-0.07007725,0.1752039
992,0.09498756427403574,-5874.005088175786,6774.005088175786,-0.06527468,0.14931366
993,0.0947774801388162,-5409.80410469926,6309.80410469926,-0.032169435,0.10086183
994,0.09456791531891355,-3762.5760687863876,4662.576068786388,-0.071369134,0.13917257
995,0.0943588685306116,-5512.97167361605,6412.97167361605,-0.058930043,0.16804901
996,0.09415033849336747,-4226.885251399406,5126.885251399406,-0.06922987,0.1631118
997,0.09394232392980373,-3124.485258319172,4024.485258319172,-0.06234164,0.12577283
998,0.0937348235657005,-6074.136126222893,6974.136126222893,-0.08514752,0.1504485
999,0.09352783612998769,-5302.486945818251,6202.486945818251,-0.0525728,0.13061884
1000,0.09332136035473725,-4561.356241357221,5461.356241357221,-0.05756048,0.14281312
1001,0.09311539497515538,-4364.246731459571,5264.246731459571,-0.08055086,0.19160612
1002,0.09290993872957476,-4946.647857965162,5846.647857965162,-0.044047784,0.2081566
1003,0.09270499035944683,-5443.5660914089085,6343.5660914089085,-0.067126535,0.16677201
1004,0.09250054860933407,-5625.330351355839,6525.330351355839,-0.06701115,0.12683176
1005,0.09229661222690237,-4156.335316538602,5056.335316538602,-0.070752636,0.19580512
1006,0.09209317996291327,-4266.109892860125,5166.109892860125,-0.06317401,0.14096275
1007,0.0918902505712164,-4702.953958405301,5602.953958405301,-0.05003037,0.15581001
1008,0.09168782280874173,-5517.593072498495,6417.593072498495,-0.043715004,0.081309244
1009,0.0914858954354921,-4298.669112787307,5198.669112787307,-0.08065168,0.14246447
1010,0.0912844672145355,-5945.596373295532,6845.596373295532,-0.06482445,0.15024428
1011,0.09108353691199754,-5803.082739015965,6703.082739015965,-0.051740255,0.15827304
1012,0.09088310329705392,-5255.597139358628,6155.597139358628,-0.081354864,0.16603424
1013,0.09068316514192286,-5954.999928048177,6854.999928048177,-0.07063059,0.13201003
1014,0.09048372122185756,-6647.26047258196,7547.26047258196,-0.06641421,0.11446155
1015,0.09028477031513873,-6094.659436424745,6994.659436424745,-0.063271254,0.117646724
1016,0.09008631120306711,-3110.8954657620206,4010.8954657620206,-0.07489761,0.10926514
1017,0.08988834266995599,-4854.582113670282,5754.582113670282,-0.09579506,0.20245385
1018,0.08969086350312373,-4851.637520136289,5751.637520136289,-0.07308791,0.13574252
1019,0.08949387249288641,-4837.895467362154,5737.895467362154,-0.084259346,0.20023209
1020,0.08929736843255036,-4850.399327512841,5750.399327512841,-0.046803016,0.17411035
1021,0.08910135011840475,-4784.35799712875,5684.35799712875,-0.06455506,0.13618314
1022,0.08890581634971434,-3260.324242979126,4160.324242979126,-0.07513035,0.12858468
1023,0.08871076592871192,-5139.140090177671,6039.140090177671,-0.0642362,0.18823263
1024,0.0885161976605912,-3891.2795585021195,4791.2795585021195,-0.08186431,0.20557255
1025,0.08832211035349927,-4889.864234517349,5789.864234517349,-0.06802353,0.1093856
1026,0.08812850281852945,-4372.426719676817,5272.426719676817,-0.037546013,0.10244438
1027,0.08793537386971403,-5253.232598990013,6153.232598990013,-0.07212991,0.09144693
1028,0.08774272232401688,-5285.455459931837,6185.455459931837,-0.07670709,0.12713844
1029,0.08755054700132625,-4947.433297397046,5847.433297397046,-0.07221782,0.2078228
1030,0.08735884672444759,-5078.966732458059,5978.966732458059,-0.0632602,0.085859485
1031,0.0871676203190963,-4604.1541053648025,5504.1541053648025,-0.06356025,0.13915324
1032,0.08697686661389052,-6213.421551341289,7113.421551341289,-0.054295506,0.13634379
1033,0.08678658444034401,-5203.275386339184,6103.275386339184,-0.10570141,0.14929506
1034,0.0865967726328589,-5144.590111273578,6044.590111273578,-0.08022102,0.16020337
1035,0.08640743002871867,-4573.738183700432,5473.738183700432,-0.047017805,0.18305202
1036,0.08621855546808094,-4199.144585810004,5099.144585810004,-0.07110988,0.13939747
1037,0.08603014779397038,-3757.076920736852,4657.076920736852,-0.09627284,0.2199837
1038,0.08584220585227162,-5032.782596088473,5932.782596088473,-0.066352904,0.16238135
1039,0.08565472849172225,-4172.023470685411,5072.023470685411,-0.08366316,0.2247981
1040,0.08546771456390566,-4818.673099205333,5718.673099205333,-0.080324836,0.13268091
1041,0.08528116292324409,-4207.787721390293,5107.787721390293,-0.09023151,0.11026745
1042,0.08509507242699156,-4089.1745115281064,4989.174511528106,-0.08008751,0.21773802
1043,0.08490944193522686,-5068.731285033151,5968.731285033151,-0.074341305,0.18702061
1044,0.08472427031084666,-3936.981691076603,4836.981691076603,-0.08474072,0.1385066
1045,0.08453955641955845,-4872.146536878019,5772.146536878019,-0.0769016,0.20350608
1046,0.0843552991298736,-5253.60801442018,6153.60801442018,-0.06897396,0.14462444
1047,0.0841714973131005,-4871.926641600575,5771.926641600575,-0.078583084,0.17019257
1048,0.08398814984333754,-4276.768001362917,5176.768001362917,-0.07652193,0.18728742
1049,0.08380525559746634,-4846.840615353445,5746.840615353445,-0.053302422,0.14460176
1050,0.08362281345514473,-4593.525804731689,5493.525804731689,-0.07748799,0.19434167
1051,0.08344082229880001,-5184.050436159218,6084.050436159218,-0.095570154,0.16994749
1052,0.08325928101362202,-4225.584553765306,5125.584553765306,-0.090806626,0.12678587
1053,0.0830781884875564,-5289.874585771409,6189.874585771409,-0.09605397,0.16799133
1054,0.08289754361129761,-4773.277143113762,5673.277143113762,-0.053259686,0.19161887
1055,0.08271734527828237,-4957.200117012262,5857.200117012262,-0.10293363,0.20507358
1056,0.08253759238468267,-5023.90987923947,5923.90987923947,-0.08892963,0.13747343
1057,0.08235828382939915,-3927.262820224334,4827.262820224334,-0.100558124,0.2602931
1058,0.08217941851405428,-5408.110648167929,6308.110648167929,-0.09571634,0.16217318
1059,0.08200099534298563,-5672.51019554034,6572.51019554034,-0.08847607,0.18043536
1060,0.08182301322323922,-4588.934927659286,5488.934927659286,-0.08736485,0.1810021
1061,0.08164547106456278,-4255.2174618157815,5155.2174618157815,-0.08558338,0.13421223
1062,0.08146836777939906,-4982.760551036707,5882.760551036707,-0.08863037,0.15899809
1063,0.0812917022828792,-5029.047499364737,5929.047499364737,-0.07236701,0.1567296
1064,0.08111547349281606,-3435.892835178691,4335.892835178691,-0.06663476,0.11152216
1065,0.0809396803296976,-5083.378902256361,5983.378902256361,-0.08938823,0.16143708
1066,0.0807643217166803,-4172.618612322206,5072.618612322206,-0.09461111,0.1563892
1067,0.08058939657958247,-5998.314595453748,6898.314595453748,-0.1154043,0.110845424
1068,0.08041490384687781,-5828.6450222785215,6728.6450222785215,-0.0733804,0.13371179
1069,0.08024084244968871,-4090.4251137074016,4990.425113707402,-0.084848575,0.21964446
1070,0.08006721132177978,-5329.924690701234,6229.924690701234,-0.052905057,0.11187819
1071,0.07989400939955128,-4528.586367502446,5428.586367502446,-0.110091925,0.21746184
1072,0.07972123562203268,-4489.877194298824,5389.877194298824,-0.10685725,0.14739235
1073,0.07954888893087604,-4271.925008000294,5171.925008000294,-0.089021385,0.13675359
1074,0.07937696827034965,-6386.255343148977,7286.255343148977,-0.07771287,0.12175942
1075,0.07920547258733145,-5766.681051639794,6666.681051639794,-0.060311206,0.12488133
1076,0.07903440083130267,-3182.6390024428224,4082.6390024428224,-0.108152464,0.20838012
1077,0.07886375195434134,-6075.506763206624,6975.506763206624,-0.11745598,0.13369805
1078,0.0786935249111159,-6350.283007623888,7250.283007623888,-0.089309,0.09719063
1079,0.07852371865887882,-4200.246576439863,5100.246576439863,-0.111190714,0.13586499
1080,0.0783543321574601,-3230.8266101773106,4130.826610177311,-0.10473462,0.1507788
1081,0.07818536436926106,-5617.852411444757,6517.852411444757,-0.10415075,0.15341724
1082,0.07801681425924782,-5055.366684521505,5955.366684521505,-0.13173343,0.18014276
1083,0.07784868079494513,-5046.6677742955835,5946.6677742955835,-0.11450263,0.15381058
1084,0.0776809629464299,-4268.928581885264,5168.928581885264,-0.11809349,0.12447606
1085,0.07751365968632494,-4641.233385713433,5541.233385713433,-0.09335792,0.11954304
1086,0.0773467699897927,-5232.292349540656,6132.292349540656,-0.120815136,0.16500793
1087,0.07718029283452897,-4703.973247429673,5603.973247429673,-0.0700152,0.22418037
1088,0.07701422720075661,-4342.885160764641,5242.885160764641,-0.10033956,0.120946705
1089,0.0768485720712193,-5392.819033722764,6292.819033722764,-0.10030916,0.06426927
1090,0.07668332643117531,-6712.054713155247,7612.054713155247,-0.10874238,0.099219635
1091,0.07651848926839132,-4775.047195982685,5675.047195982685,-0.11247792,0.18025997
1092,0.07635405957313614,-4170.942274814251,5070.942274814251,-0.10784139,0.2119374
1093,0.07619003633817462,-3180.4359619058578,4080.4359619058578,-0.11797995,0.1736488
1094,0.07602641855876141,-5521.521226940326,6421.521226940326,-0.113788776,0.10012139
1095,0.07586320523263486,-5218.726946115211,6118.726946115211,-0.10525802,0.17019767
1096,0.0757003953600108,-3827.43969964556,4727.43969964556,-0.0784704,0.20806096
1097,0.07553798794357651,-4937.996270802334,5837.996270802334,-0.09768381,0.17822415
1098,0.07537598198848455,-5210.054921123602,6110.054921123602,-0.09908285,0.090511695
1099,0.07521437650234669,-4989.714055141524,5889.714055141524,-0.12765564,0.18924706
1100,0.07505317049522782,-5231.318089386423,6131.318089386423,-0.12388672,0.18301727
1101,0.07489236297963986,-4234.179190445304,5134.179190445304,-0.10041546,0.2117284
1102,0.07473195297053581,-4534.491030771166,5434.491030771166,-0.10787852,0.11910417
1103,0.07457193948530359,-3998.690037689589,4898.690037689589,-0.105827,0.14912388
1104,0.07441232154376008,-5327.388056921073,6227.388056921073,-0.13015349,0.14236572
1105,0.07425309816814515,-5495.734792224471,6395.734792224471,-0.094333604,0.10846225
1106,0.07409426838311561,-4490.635981834444,5390.635981834444,-0.106109776,0.08119789
1107,0.07393583121573924,-6206.873649884922,7106.873649884922,-0.07547117,0.12291085
1108,0.07377778569548889,-4113.125170329485,5013.125170329485,-0.10083925,0.13786767
1109,0.07362013085423645,-5065.599116684757,5965.599116684757,-0.11867767,0.12521712
1110,0.07346286572624704,-2971.7719873779015,3871.7719873779015,-0.11542797,0.18559863
1111,0.07330598934817292,-4315.672911719423,5215.672911719423,-0.12116491,0.19053356
1112,0.07314950075904776,-5136.548199787723,6036.548199787723,-0.08536747,0.13567077
1113,0.07299339900028065,-5297.368690154049,6197.368690154049,-0.10198923,0.1173736
1114,0.0728376831156503,-4261.428166565037,5161.428166565037,-0.11000095,0.14399293
1115,0.07268235215129905,-5683.001058598087,6583.001058598087,-0.0969795,0.1510836
1116,0.0725274051557272,-4077.3577659350776,4977.357765935078,-0.098798335,0.21511939
1117,0.07237284117978707,-3690.401451081605,4590.401451081605,-0.10798015,0.12580335
1118,0.07221865927667723,-4873.169103992978,5773.169103992978,-0.12568897,0.0877364
1119,0.07206485850193667,-5700.486554726599,6600.486554726599,-0.107500546,0.18623364
1120,0.07191143791343906,-4114.736564887959,5014.736564887959,-0.0983127,0.17254212
1121,0.0717583965713869,-5795.143754635112,6695.143754635112,-0.10677296,0.12928231
1122,0.07160573353830585,-5645.814244017083,6545.814244017083,-0.11311267,0.17919181
1123,0.07145344787903896,-4255.56571689158,5155.56571689158,-0.09784857,0.1759649
1124,0.07130153866074088,-6203.917415841686,7103.917415841686,-0.14614816,0.14505665
1125,0.07115000495287224,-5678.257251563264,6578.257251563264,-0.11599315,0.15921617
1126,0.07099884582719392,-5080.383353301446,5980.383353301446,-0.11521044,0.17634465
1127,0.07084806035776128,-3714.2976905058304,4614.29769050583,-0.09408806,0.19990274
1128,0.07069764762091867,-5272.786367645298,6172.786367645298,-0.12851222,0.19255649
1129,0.07054760669529356,-4204.864552325081,5104.864552325081,-0.10839668,0.2038239
1130,0.07039793666179102,-4797.13077069084,5697.13077069084,-0.112040944,0.23097137
1131,0.07024863660358813,-6096.794368098064,6996.794368098064,-0.08446902,0.15789573
1132,0.07009970560612822,-4361.2767172361955,5261.2767172361955,-0.13743961,0.12733833
1133,0.06995114275711538,-5000.501622262024,5900.501622262024,-0.13548024,0.13248993
1134,0.06980294714650886,-4584.753929642266,5484.753929642266,-0.079908475,0.19777864
1135,0.06965511786651746,-5237.430760662195,6137.430760662195,-0.081844725,0.08787555
1136,0.06950765401159399,-4497.437506162458,5397.437506162458,-0.11413366,0.18335077
1137,0.06936055467842968,-5143.957944650726,6043.957944650726,-0.104046695,0.14618309
1138,0.06921381896594875,-5975.527929857427,6875.527929857427,-0.117337115,0.09661264
1139,0.06906744597530279,-5473.264263403369,6373.264263403369,-0.12159645,0.13417625
1140,0.06892143480986526,-5026.963950229959,5926.963950229959,-0.11026743,0.18576455
1141,0.0687757845752261,-5455.044973124734,6355.044973124734,-0.07995673,0.1847814
1142,0.06863049437918611,-2827.04888820786,3727.04888820786,-0.13057323,0.14263533
1143,0.06848556333175158,-4367.574641997947,5267.574641997947,-0.11193463,0.1109787
1144,0.06834099054512884,-4064.126114567145,4964.126114567145,-0.10075441,0.21580659
1145,0.0681967751337187,-6527.822214885262,7427.822214885262,-0.09781196,0.11353768
1146,0.06805291621411125,-3230.121328160717,4130.121328160717,-0.11487805,0.10630306
1147,0.0679094129050802,-4863.037941108961,5763.037941108961,-0.11728167,0.18408687
1148,0.06776626432757765,-4678.706599514597,5578.706599514597,-0.11628155,0.16827351
1149,0.06762346960472865,-4373.7221287479815,5273.7221287479815,-0.12753579,0.227041
1150,0.06748102786182585,-5144.371268711156,6044.371268711156,-0.10875927,0.14721629
1151,0.06733893822632407,-4152.190243878908,5052.190243878908,-0.11522543,0.20690905
1152,0.06719719982783506,-4894.088823163141,5794.088823163141,-0.15752389,0.2039902
1153,0.0670558117981221,-2566.704090540423,3466.704090540423,-0.11042889,0.2963554
1154,0.0669147732710947,-5602.752747670223,6502.752747670223,-0.12559094,0.17827477
1155,0.06677408338280329,-3835.923912753322,4735.923912753322,-0.116117306,0.18925843
1156,0.06663374127143393,-6454.413243642023,7354.413243642023,-0.13753466,0.12330013
1157,0.06649374607730303,-4390.900010902955,5290.900010902955,-0.109289624,0.17601575
1158,0.06635409694285209,-6062.151548872165,6962.151548872165,-0.117750965,0.13844894
1159,0.06621479301264246,-5789.196177360455,6689.196177360455,-0.13227406,0.2004351
1160,0.06607583343335006,-4949.776374905429,5849.776374905429,-0.1349302,0.14412962
1161,0.06593721735376018,-5547.218148260024,6447.218148260024,-0.14259085,0.12557156
1162,0.06579894392476227,-5212.399229690724,6112.399229690724,-0.12097736,0.18417682
1163,0.06566101229934472,-3999.436814356217,4899.436814356217,-0.13756317,0.23092805
1164,0.06552342163258967,-6878.724275268476,7778.724275268476,-0.09135877,0.15369833
1165,0.06538617108166789,-5657.369409406094,6557.369409406094,-0.13744044,0.10763978
1166,0.06524925980583353,-5365.358123763914,6265.358123763914,-0.1480767,0.16640745
1167,0.06511268696641903,-4660.041793131575,5560.041793131575,-0.10858312,0.20608215
1168,0.06497645172682995,-3621.4372048722025,4521.4372048722025,-0.10341798,0.12482453
1169,0.0648405532525399,-4096.275835139517,4996.275835139517,-0.13331077,0.19733544
1170,0.06470499071108535,-6888.678774154662,7788.678774154662,-0.12609391,0.055884287
1171,0.06456976327206058,-5130.975446172076,6030.975446172076,-0.11637031,0.118067406
1172,0.06443487010711259,-4247.772099997963,5147.772099997963,-0.13478842,0.16156955
1173,0.06430031038993601,-4258.2469202890015,5158.2469202890015,-0.15967011,0.21290079
