-78.64326771336334,0.04172433780496476,3.019169980689185e-08,5.684341886080802e-14,0.0,0.0,0.0,0.0,0.0,0.0,0.0,0.0,0.0,0.0,0.0,0.0,0.0,0.0,0.0,0.0
-96.93543383262562,1.1750142493376643,1.3638310747410287e-07,2.2737367544323206e-13,0.0,0.0,0.0,0.0,0.0,0.0,0.0,0.0,0.0,0.0,0.0,0.0,0.0,0.0,0.0,0.0
-135.03872958722587,1.7150261808908454,4.913980035325949e-06,1.1368683772161603e-11,0.0,0.0,0.0,0.0,0.0,0.0,0.0,0.0,0.0,0.0,0.0,0.0,0.0,0.0,0.0,0.0
-60.77784783082575,4.065306768838013,9.348995035907137e-07,1.1368683772161603e-13,0.0,0.0,0.0,0.0,0.0,0.0,0.0,0.0,0.0,0.0,0.0,0.0,0.0,0.0,0.0,0.0
-108.48778100614686,0.03758720416715278,1.6121703083626926e-08,1.1368683772161603e-13,0.0,0.0,0.0,0.0,0.0,0.0,0.0,0.0,0.0,0.0,0.0,0.0,0.0,0.0,0.0,0.0
-115.53045667713701,0.11573991145894524,2.3453542894458224e-06,6.821210263296962e-13,0.0,0.0,0.0,0.0,0.0,0.0,0.0,0.0,0.0,0.0,0.0,0.0,0.0,0.0,0.0,0.0
-67.99096772118156,0.33388183180778697,1.1266398587395088e-06,5.684341886080801e-13,0.0,0.0,0.0,0.0,0.0,0.0,0.0,0.0,0.0,0.0,0.0,0.0,0.0,0.0,0.0,0.0
-76.67144333141829,0.059797776988318674,1.2653515568672447e-07,0.0,0.0,3.410605131648481e-13,0.0,0.0,0.0,0.0,0.0,0.0,0.0,0.0,0.0,0.0,0.0,0.0,0.0,0.0
-59.80798852609604,4.090354820814014,2.120777253367123e-06,4.718003765447065e-12,0.0,0.0,0.0,0.0,0.0,0.0,0.0,0.0,0.0,0.0,0.0,0.0,0.0,0.0,0.0,0.0
-37.1351911359713,2.311672870246582,1.6910876752262993e-06,7.389644451905042e-13,0.0,0.0,0.0,0.0,0.0,0.0,0.0,0.0,0.0,0.0,0.0,0.0,0.0,0.0,0.0,0.0
-56.73237043648669,0.01982018244484607,5.8773821365321055e-09,0.0,0.0,0.0,0.0,0.0,0.0,0.0,0.0,0.0,0.0,0.0,5.684341886080802e-14,0.0,0.0,0.0,0.0,0.0
-79.7924258206757,0.1958423765763655,7.188452855189098e-08,1.1368683772161603e-13,0.0,0.0,0.0,0.0,0.0,0.0,0.0,0.0,0.0,0.0,0.0,0.0,0.0,0.0,0.0,0.0
-65.2143465396698,0.5421589725162335,3.553113856469281e-07,5.684341886080802e-14,0.0,0.0,0.0,0.0,0.0,0.0,0.0,0.0,0.0,0.0,0.0,0.0,0.0,0.0,0.0,0.0
-163.43575142843085,14.19329243640172,1.0737774658764465e-05,4.831690603168681e-13,0.0,2.842170943040401e-14,2.842170943040401e-14,0.0,0.0,0.0,0.0,0.0,0.0,0.0,0.0,0.0,0.0,0.0,0.0,0.0
-63.68280707175336,0.005553474802468372,2.477150928825722e-08,5.684341886080802e-14,0.0,0.0,0.0,0.0,0.0,0.0,0.0,0.0,0.0,0.0,0.0,0.0,0.0,0.0,0.0,0.0
-109.50471129006559,0.059802064053769755,2.8547560759761836e-08,5.684341886080802e-14,0.0,0.0,5.684341886080802e-14,0.0,0.0,0.0,0.0,0.0,0.0,0.0,0.0,0.0,0.0,0.0,0.0,0.0
-49.04870064223195,0.29576534517417485,1.9987522819064907e-06,1.2505552149377763e-12,0.0,0.0,0.0,0.0,0.0,0.0,0.0,0.0,0.0,0.0,0.0,0.0,0.0,0.0,0.0,0.0
-66.49129162759255,1.819133500127748,1.2334120924606395e-06,1.3642420526593924e-12,0.0,0.0,0.0,0.0,0.0,0.0,0.0,0.0,0.0,0.0,0.0,0.0,0.0,0.0,0.0,0.0
-75.81867745610441,0.20210812033406,2.655633579706773e-08,0.0,0.0,0.0,0.0,0.0,0.0,0.0,0.0,0.0,0.0,0.0,0.0,0.0,0.0,0.0,0.0,0.0
-93.3263476165169,9.74817205518201,0.0020044605822704398,5.738343133998569e-10,5.684341886080802e-14,0.0,0.0,0.0,0.0,0.0,0.0,0.0,0.0,0.0,0.0,0.0,0.0,0.0,0.0,0.0
-133.34575569368087,0.021879365571237486,1.1384031495254021e-09,0.0,0.0,0.0,0.0,0.0,0.0,0.0,0.0,0.0,0.0,0.0,0.0,0.0,0.0,0.0,0.0,0.0
-94.53552608712084,0.014718747204256033,5.373863132263068e-09,1.1368683772161603e-13,0.0,0.0,0.0,0.0,0.0,0.0,0.0,0.0,0.0,0.0,0.0,0.0,0.0,0.0,0.0,0.0
-47.80637929886541,0.048389893084674895,5.67439428778016e-09,0.0,0.0,0.0,0.0,0.0,0.0,0.0,0.0,0.0,5.684341886080802e-14,0.0,0.0,0.0,0.0,0.0,0.0,0.0
-75.64521596256037,0.028509373110182423,2.1934454252914293e-08,5.684341886080802e-14,0.0,0.0,0.0,0.0,0.0,0.0,0.0,0.0,0.0,0.0,0.0,0.0,0.0,0.0,0.0,0.0
-118.25309615602805,2.856770521933754,1.0643998393788934e-07,1.1368683772161603e-13,0.0,0.0,0.0,0.0,0.0,0.0,0.0,0.0,0.0,0.0,0.0,0.0,0.0,0.0,0.0,0.0
-77.83651985317636,0.22993555283295564,1.2070074717485113e-08,0.0,0.0,0.0,0.0,0.0,0.0,0.0,0.0,0.0,0.0,0.0,0.0,0.0,0.0,0.0,0.0,0.0
-76.6580058021608,1.0414608508984315,8.765817938183318e-07,5.684341886080802e-14,1.1368683772161603e-13,0.0,0.0,0.0,0.0,0.0,0.0,0.0,0.0,0.0,0.0,0.0,0.0,0.0,0.0,0.0
-59.04558973324703,0.3431193507321382,2.020162810367765e-06,1.0231815394945443e-12,0.0,0.0,0.0,0.0,0.0,0.0,0.0,0.0,0.0,5.684341886080802e-14,0.0,0.0,0.0,0.0,0.0,0.0
-49.83664589878936,0.08875351425723466,2.91345827463374e-08,0.0,0.0,0.0,0.0,0.0,0.0,0.0,0.0,0.0,0.0,0.0,0.0,0.0,0.0,0.0,0.0,0.0
-52.663473012727536,0.9256670794452475,5.015171495870163e-07,1.1368683772161603e-13,0.0,0.0,0.0,0.0,0.0,0.0,0.0,0.0,0.0,0.0,0.0,0.0,0.0,0.0,0.0,0.0
-55.746891787601896,0.02927535668317205,5.314007012202637e-09,0.0,0.0,5.684341886080802e-14,0.0,0.0,0.0,0.0,0.0,0.0,0.0,0.0,0.0,0.0,0.0,0.0,0.0,0.0
-130.350984573429,0.012190341263078608,2.6456064006197266e-09,0.0,0.0,0.0,0.0,0.0,0.0,0.0,0.0,0.0,0.0,0.0,0.0,0.0,0.0,0.0,0.0,0.0
-63.77674614712248,0.09949256286779473,1.2075304312020307e-08,5.684341886080802e-14,0.0,0.0,0.0,0.0,0.0,0.0,0.0,0.0,0.0,0.0,0.0,0.0,0.0,0.0,0.0,0.0
-109.30316994239865,4.696691355307053,5.607206219337968e-06,2.7853275241795927e-12,0.0,0.0,0.0,0.0,0.0,0.0,0.0,0.0,0.0,0.0,0.0,0.0,0.0,0.0,0.0,0.0
-65.48249360224457,4.790126275127136,1.0472937788108538e-06,5.115907697472721e-13,0.0,0.0,0.0,0.0,0.0,0.0,0.0,0.0,0.0,0.0,0.0,0.0,0.0,0.0,0.0,0.0
-73.63016977345359,0.003366017806513355,5.963670446362812e-09,1.1368683772161603e-13,0.0,0.0,0.0,0.0,0.0,0.0,0.0,0.0,0.0,0.0,0.0,0.0,0.0,0.0,0.0,0.0
-92.605327504873,0.07453482758188557,1.3891076378058642e-07,5.684341886080802e-14,0.0,0.0,0.0,0.0,0.0,0.0,0.0,0.0,0.0,0.0,0.0,0.0,0.0,0.0,0.0,0.0
-123.43378992970065,0.059448650705235195,1.6070885067165364e-08,0.0,0.0,0.0,0.0,0.0,0.0,0.0,0.0,0.0,0.0,0.0,0.0,0.0,0.0,0.0,0.0,0.0
-144.27915071617744,0.011352608992694968,4.2508361275395146e-09,5.684341886080802e-14,0.0,2.842170943040401e-14,0.0,0.0,0.0,0.0,0.0,0.0,0.0,0.0,0.0,0.0,0.0,0.0,0.0,0.0
-83.25565806687189,0.6742480772883823,9.80529080152337e-08,5.684341886080802e-14,0.0,0.0,0.0,0.0,0.0,0.0,0.0,0.0,0.0,0.0,0.0,0.0,0.0,0.0,0.0,0.0
-144.38235942567349,24.9879143436346,0.00025173123793820196,3.467448550509289e-11,0.0,0.0,0.0,0.0,0.0,0.0,0.0,0.0,0.0,0.0,0.0,5.684341886080802e-14,0.0,0.0,0.0,0.0
-85.08267698974879,1.5063018275384934,9.92869956917275e-07,3.979039320256561e-13,0.0,0.0,0.0,0.0,0.0,0.0,0.0,0.0,0.0,0.0,0.0,0.0,0.0,0.0,0.0,0.0
-139.3026077281478,0.009104186753461363,9.088694241654593e-09,0.0,0.0,0.0,0.0,0.0,0.0,0.0,0.0,0.0,0.0,0.0,0.0,0.0,0.0,0.0,0.0,0.0
-77.62724400474269,0.020847622063115523,4.671960596169811e-09,0.0,0.0,0.0,0.0,0.0,0.0,0.0,0.0,0.0,0.0,0.0,0.0,0.0,0.0,0.0,0.0,0.0
-100.70859799096786,10.167329365807802,0.00027732224191368005,3.4219738154206425e-11,0.0,0.0,0.0,0.0,0.0,0.0,0.0,0.0,0.0,0.0,5.684341886080802e-14,0.0,0.0,0.0,0.0,0.0
-110.52527173561953,4.065015114883295,1.1457788673396863e-06,5.115907697472721e-13,0.0,0.0,0.0,0.0,0.0,0.0,0.0,0.0,0.0,0.0,0.0,0.0,0.0,0.0,0.0,0.0
-104.48357313034421,10.957834687988452,1.2264309589227196e-05,3.183231456205249e-12,0.0,0.0,0.0,0.0,0.0,0.0,0.0,0.0,0.0,0.0,0.0,0.0,0.0,0.0,0.0,0.0
-43.78048351111079,3.9821486184123955,7.873698507410154e-06,1.7053025658242404e-12,5.684341886080802e-14,0.0,0.0,0.0,0.0,0.0,0.0,0.0,0.0,0.0,0.0,0.0,0.0,0.0,0.0,0.0
-88.78153321752762,9.185064510860741,1.1918349855477572e-05,2.0463630789890885e-12,5.684341886080802e-14,5.684341886080802e-14,0.0,0.0,0.0,0.0,0.0,0.0,0.0,0.0,0.0,0.0,0.0,0.0,0.0,0.0
-59.808110920772265,0.11066325106668273,5.3546784783975454e-08,5.684341886080802e-14,0.0,0.0,0.0,0.0,0.0,0.0,0.0,0.0,0.0,0.0,0.0,0.0,0.0,0.0,0.0,0.0
-90.81231974687279,5.246092137129551,1.1370742640792741e-06,1.9326762412674725e-12,0.0,0.0,0.0,0.0,0.0,0.0,0.0,0.0,0.0,0.0,0.0,0.0,0.0,0.0,0.0,0.0
-58.78041320090517,0.07798535968510123,5.519490287042572e-08,5.684341886080802e-14,0.0,0.0,0.0,0.0,0.0,0.0,0.0,0.0,0.0,0.0,0.0,0.0,0.0,0.0,5.684341886080802e-14,0.0
-70.76186318890132,0.11996182856699988,1.9936129547204473e-07,1.1368683772161603e-13,0.0,0.0,0.0,0.0,0.0,0.0,0.0,0.0,0.0,0.0,0.0,0.0,0.0,0.0,0.0,0.0
-70.70045482717398,0.058492870072200276,2.3088432499207556e-08,1.1368683772161603e-13,0.0,0.0,0.0,0.0,0.0,0.0,0.0,0.0,0.0,0.0,0.0,0.0,0.0,0.0,0.0,0.0
-134.28464592313907,0.030517248544242648,1.885291567305103e-08,5.684341886080802e-14,0.0,0.0,0.0,0.0,0.0,0.0,0.0,0.0,0.0,0.0,0.0,0.0,0.0,0.0,0.0,0.0
-99.11013515454135,0.6095156302529858,1.19590572467132e-06,3.410605131648481e-13,0.0,0.0,0.0,0.0,0.0,0.0,0.0,0.0,0.0,0.0,0.0,0.0,0.0,0.0,0.0,0.0
-71.69763165842005,0.06089353126623109,8.493884706695098e-09,5.684341886080802e-14,0.0,0.0,0.0,0.0,0.0,0.0,0.0,0.0,0.0,0.0,0.0,0.0,0.0,0.0,0.0,0.0
-110.0130513638365,6.537630051218059,3.2933286945535656e-05,1.63140612130519e-11,0.0,0.0,0.0,0.0,0.0,0.0,0.0,0.0,0.0,0.0,0.0,0.0,0.0,0.0,0.0,0.0
-79.69791747951831,4.081266723549277,2.0120383453559043e-05,5.6843418860808015e-12,0.0,0.0,0.0,0.0,0.0,0.0,0.0,0.0,0.0,0.0,0.0,0.0,0.0,0.0,0.0,0.0
-63.679800572593024,0.002587576071221065,6.683649189653806e-10,0.0,0.0,0.0,0.0,0.0,0.0,0.0,0.0,0.0,0.0,0.0,0.0,0.0,0.0,0.0,0.0,0.0
-123.38524489159136,2.9970064877460914,7.284671710294788e-06,1.0800249583553523e-12,0.0,0.0,0.0,0.0,0.0,0.0,0.0,0.0,0.0,0.0,0.0,0.0,0.0,0.0,0.0,0.0
-89.4939741110897,0.9428698646597127,6.024828280715155e-07,1.1368683772161603e-13,1.1368683772161603e-13,0.0,0.0,0.0,0.0,0.0,0.0,0.0,0.0,0.0,0.0,0.0,0.0,0.0,0.0,0.0
-97.67773589360985,0.17206121634342253,2.470820277267194e-07,0.0,0.0,0.0,0.0,5.684341886080802e-14,0.0,0.0,0.0,0.0,0.0,0.0,0.0,5.684341886080802e-14,0.0,0.0,0.0,0.0
-98.01588901380012,3.495173714043858,9.68500660292193e-06,1.9326762412674725e-12,0.0,0.0,0.0,0.0,0.0,0.0,0.0,0.0,0.0,0.0,0.0,0.0,0.0,0.0,0.0,0.0
-40.38206670835109,4.563563999933422,2.2038858617179358e-05,1.0345502232667059e-11,5.684341886080802e-14,0.0,0.0,0.0,0.0,0.0,0.0,0.0,0.0,0.0,0.0,0.0,0.0,0.0,0.0,0.0
-146.47649825242175,0.21964066139076976,1.7000596130856138e-07,2.5579538487363607e-13,0.0,2.842170943040401e-14,0.0,0.0,0.0,0.0,0.0,0.0,0.0,0.0,0.0,0.0,0.0,0.0,0.0,0.0
-64.13640727074596,8.418771228649803,2.465429435005717e-05,1.6200374375330284e-11,0.0,0.0,0.0,0.0,0.0,0.0,0.0,0.0,0.0,0.0,0.0,0.0,0.0,0.0,0.0,0.0
-101.47468966449583,0.0078119028950141,1.1627776075329166e-08,5.684341886080802e-14,0.0,0.0,5.684341886080802e-14,0.0,0.0,0.0,0.0,0.0,0.0,0.0,0.0,0.0,0.0,0.0,0.0,0.0
-106.87839681192173,1.4124565600894812,0.0005982194210787384,4.0256509237224236e-10,0.0,0.0,0.0,0.0,0.0,0.0,0.0,0.0,0.0,0.0,0.0,0.0,0.0,0.0,0.0,0.0
-44.859483096630186,3.071226657472778,1.13059721229547e-05,5.115907697472721e-13,0.0,0.0,0.0,0.0,0.0,0.0,0.0,0.0,0.0,0.0,0.0,0.0,0.0,0.0,0.0,0.0
-90.96339199494247,4.402502283545289,1.4191308594035945e-05,2.8421709430404007e-13,0.0,0.0,0.0,0.0,0.0,0.0,0.0,0.0,0.0,0.0,0.0,0.0,0.0,0.0,0.0,0.0
-122.60576319310286,0.2286248837316407,1.0428846053400775e-07,1.7053025658242404e-13,0.0,0.0,0.0,0.0,0.0,0.0,0.0,0.0,0.0,0.0,0.0,0.0,0.0,0.0,0.0,0.0
-33.55723163505928,1.7185533784050904,8.580944495406584e-06,6.252776074688882e-13,0.0,0.0,0.0,0.0,0.0,0.0,0.0,0.0,0.0,0.0,0.0,0.0,0.0,0.0,0.0,0.0
-156.3010779287592,0.09325436773343654,1.1757805395973264e-07,8.526512829121202e-14,2.842170943040401e-14,0.0,2.842170943040401e-14,0.0,0.0,0.0,0.0,0.0,0.0,0.0,0.0,0.0,0.0,0.0,0.0,0.0
-74.38171766276912,8.714558856101974,7.317013114516158e-06,2.5579538487363607e-12,0.0,0.0,0.0,0.0,0.0,0.0,5.684341886080802e-14,0.0,0.0,0.0,0.0,0.0,0.0,0.0,0.0,0.0
-96.97619622637848,10.413067596172596,0.002044449239235746,5.725269147660583e-10,0.0,0.0,0.0,0.0,0.0,5.684341886080802e-14,0.0,0.0,0.0,0.0,0.0,0.0,0.0,0.0,0.0,0.0
-70.64488498324192,0.002978783688945441,7.609060048707761e-10,5.684341886080802e-14,0.0,0.0,0.0,0.0,0.0,0.0,5.684341886080802e-14,0.0,0.0,0.0,0.0,0.0,0.0,0.0,0.0,0.0
-89.98001097884372,0.43431973008739533,1.0045413887382892e-06,1.1368683772161603e-13,0.0,0.0,0.0,0.0,0.0,0.0,0.0,0.0,0.0,0.0,0.0,0.0,0.0,0.0,0.0,0.0
-75.6481084452754,0.03155932137980244,1.1396025456633652e-08,0.0,0.0,0.0,0.0,0.0,0.0,0.0,0.0,0.0,0.0,0.0,0.0,0.0,0.0,0.0,0.0,0.0
-91.8373143260543,4.281189842902506,5.313727399425261e-06,1.2505552149377763e-12,0.0,0.0,0.0,0.0,5.684341886080802e-14,0.0,0.0,0.0,0.0,0.0,0.0,0.0,0.0,0.0,0.0,0.0
-88.63290594881516,1.076725164369634,9.697062552049829e-05,6.707523425575346e-12,0.0,0.0,0.0,0.0,0.0,0.0,0.0,0.0,0.0,0.0,0.0,0.0,0.0,0.0,0.0,0.0
-68.80263060680335,0.15060186347221816,8.239959470301983e-08,1.7053025658242404e-13,0.0,0.0,0.0,0.0,0.0,0.0,0.0,0.0,0.0,0.0,0.0,0.0,0.0,0.0,0.0,0.0
-81.74810291440508,4.141561322803113,2.9174730116210412e-06,5.684341886080801e-13,0.0,0.0,0.0,0.0,0.0,0.0,0.0,0.0,0.0,0.0,0.0,0.0,0.0,0.0,0.0,0.0
-66.27926396834147,4.591855390533794,6.304417496494352e-05,1.8189894035458565e-12,0.0,0.0,0.0,0.0,0.0,0.0,0.0,5.684341886080802e-14,0.0,0.0,0.0,0.0,0.0,0.0,0.0,0.0
-93.5578252123322,2.0133918500850427,0.008579650882836631,3.3362880458298605e-08,0.0,0.0,0.0,0.0,0.0,0.0,0.0,0.0,0.0,0.0,0.0,0.0,0.0,0.0,0.0,0.0
-102.43025508165562,6.9781555671992805,0.0009570242262384454,1.5205614545266144e-10,0.0,0.0,0.0,0.0,0.0,0.0,0.0,0.0,0.0,0.0,0.0,0.0,0.0,0.0,0.0,0.0
-100.62277113900382,0.1321633203260717,3.4376739677099977e-08,5.684341886080802e-14,0.0,0.0,0.0,0.0,0.0,0.0,0.0,0.0,0.0,0.0,0.0,0.0,0.0,0.0,0.0,0.0
-85.65983407577346,0.09377026843083058,1.0407688932900783e-08,1.1368683772161603e-13,0.0,0.0,0.0,0.0,0.0,0.0,0.0,0.0,0.0,0.0,0.0,0.0,0.0,0.0,0.0,0.0
-129.41196460375045,5.792497248468692,4.451605889244092e-06,7.048583938740194e-12,0.0,0.0,0.0,0.0,0.0,0.0,0.0,0.0,0.0,0.0,0.0,0.0,0.0,0.0,0.0,0.0
-68.78106387514322,0.12901479317332587,2.2432396917793085e-07,1.1368683772161603e-13,0.0,5.684341886080802e-14,0.0,0.0,0.0,0.0,0.0,0.0,0.0,0.0,0.0,0.0,0.0,0.0,0.0,0.0
-52.710857683031975,0.9730722961247125,1.5185662505246e-07,0.0,0.0,0.0,0.0,0.0,0.0,0.0,0.0,0.0,0.0,0.0,0.0,0.0,5.684341886080802e-14,0.0,0.0,0.0
-60.51672669350285,2.809211873885431,4.765403787132527e-07,2.2737367544323206e-13,0.0,0.0,0.0,0.0,0.0,0.0,0.0,0.0,0.0,0.0,0.0,0.0,0.0,0.0,0.0,0.0
-74.20307074847574,7.540458253731003,0.0006083350459675785,1.3938006304670125e-10,0.0,0.0,0.0,0.0,0.0,0.0,0.0,0.0,0.0,0.0,0.0,0.0,0.0,0.0,0.0,0.0
-109.55262152766704,4.087461206268642,6.199653796556959e-06,1.8189894035458565e-12,0.0,0.0,0.0,0.0,0.0,0.0,0.0,0.0,0.0,0.0,0.0,0.0,0.0,0.0,0.0,0.0
-88.05833109944444,1.4971828429090692,3.303095809314982e-06,5.115907697472721e-12,0.0,0.0,0.0,0.0,0.0,0.0,0.0,0.0,0.0,0.0,0.0,0.0,0.0,0.0,0.0,0.0
-73.26909043357051,5.612060632963448,5.810912057313544e-06,1.9895196601282805e-12,0.0,0.0,0.0,0.0,0.0,0.0,0.0,0.0,0.0,0.0,0.0,0.0,0.0,0.0,0.0,0.0
-59.575493995182114,1.8679826831142918,4.258309144233863e-05,4.4508396968012676e-11,0.0,0.0,0.0,0.0,0.0,0.0,0.0,0.0,0.0,0.0,0.0,0.0,0.0,0.0,0.0,0.0
-74.7535657556158,1.1268126343840663,2.3512427560490323e-08,0.0,0.0,0.0,0.0,0.0,0.0,0.0,0.0,0.0,0.0,0.0,0.0,0.0,0.0,0.0,0.0,0.0
-101.8488121446261,4.343347867285672,1.3112994452058047e-05,3.723243935382925e-11,0.0,0.0,0.0,0.0,0.0,0.0,0.0,0.0,0.0,0.0,0.0,0.0,0.0,0.0,0.0,0.0
-115.42579841196289,0.011002452317995903,1.6241244793491205e-08,1.1368683772161603e-13,0.0,0.0,0.0,0.0,0.0,0.0,0.0,0.0,0.0,0.0,0.0,0.0,0.0,0.0,0.0,0.0
-116.73174443784228,1.3167742326385223,0.0002913232617061112,1.2568079910124652e-10,0.0,0.0,0.0,0.0,0.0,0.0,0.0,0.0,0.0,0.0,0.0,0.0,0.0,0.0,0.0,0.0
-136.00928301738668,0.6958760233238763,1.686256609900738e-07,1.1368683772161603e-13,0.0,0.0,0.0,0.0,0.0,0.0,0.0,0.0,0.0,0.0,0.0,0.0,0.0,0.0,0.0,0.0
-79.30157088087151,4.679778389081093,2.460175022633848e-05,6.30961949354969e-12,0.0,5.684341886080802e-14,0.0,5.684341886080802e-14,0.0,0.0,0.0,0.0,0.0,0.0,0.0,0.0,0.0,0.0,0.0,0.0
-64.80166535488002,1.1243765618487487,3.0176727989328356e-05,6.304844646365382e-09,5.684341886080802e-14,0.0,0.0,0.0,0.0,0.0,0.0,0.0,0.0,0.0,0.0,0.0,0.0,0.0,0.0,0.0
-62.386704327757855,0.19459715236752118,9.264726941182744e-08,0.0,0.0,0.0,0.0,0.0,0.0,0.0,0.0,0.0,0.0,5.684341886080802e-14,0.0,0.0,0.0,0.0,0.0,0.0
-69.94925777672427,1.297233838810314,3.1480152529184124e-07,1.7053025658242404e-13,0.0,0.0,0.0,5.684341886080802e-14,0.0,0.0,0.0,0.0,0.0,0.0,0.0,0.0,0.0,0.0,0.0,0.0
-122.58465954859275,0.2051297712930591,5.4631641432933975e-08,0.0,0.0,0.0,0.0,0.0,0.0,0.0,0.0,0.0,0.0,0.0,0.0,0.0,0.0,0.0,0.0,0.0
-90.73614603470787,0.19512929120537592,2.318796532563283e-08,5.684341886080802e-14,0.0,0.0,5.684341886080802e-14,0.0,0.0,0.0,0.0,0.0,0.0,0.0,0.0,0.0,0.0,0.0,0.0,0.0
-93.01095865801847,8.43984994584605,1.9131210194700543e-05,1.6086687537608668e-11,0.0,0.0,0.0,0.0,0.0,0.0,0.0,0.0,0.0,0.0,0.0,0.0,0.0,0.0,0.0,0.0
-92.44646079728062,18.8196455440592,4.6996597461657075e-05,9.265477274311706e-12,1.1368683772161603e-13,0.0,0.0,0.0,0.0,0.0,0.0,0.0,0.0,0.0,0.0,0.0,0.0,0.0,0.0,0.0
-102.51819265775953,0.03772275543485648,3.776904122787528e-09,0.0,0.0,0.0,0.0,0.0,0.0,0.0,0.0,0.0,0.0,0.0,0.0,0.0,0.0,0.0,0.0,0.0
-104.72344456526184,1.7381096164826317,5.7886827789843665e-05,1.4648549040430225e-10,0.0,0.0,0.0,0.0,0.0,0.0,0.0,0.0,0.0,0.0,0.0,0.0,0.0,0.0,0.0,0.0
-60.90515785837886,0.2127713575084158,2.4332848624908365e-08,0.0,0.0,0.0,0.0,5.684341886080802e-14,0.0,0.0,0.0,0.0,0.0,0.0,0.0,0.0,0.0,0.0,0.0,0.0
-81.76768656093486,1.1766582422148986,8.903242587621207e-08,5.684341886080802e-14,0.0,0.0,0.0,0.0,0.0,0.0,0.0,0.0,0.0,0.0,0.0,5.684341886080802e-14,0.0,0.0,0.0,0.0
-156.4344343086631,0.22679360362255352,1.3403945331447176e-07,1.4210854715202004e-13,2.842170943040401e-14,0.0,0.0,0.0,0.0,0.0,0.0,0.0,0.0,0.0,0.0,0.0,0.0,0.0,0.0,0.0
-94.53448649630332,8.968232049004882,2.7400961357670894e-06,1.6484591469634324e-12,0.0,0.0,0.0,0.0,0.0,0.0,0.0,5.684341886080802e-14,0.0,0.0,0.0,5.684341886080802e-14,0.0,0.0,0.0,0.0
-71.64595962068961,0.009043665838646575,1.5634782357665244e-09,0.0,0.0,0.0,0.0,0.0,0.0,0.0,0.0,0.0,0.0,0.0,0.0,0.0,0.0,0.0,0.0,0.0
-53.083266183577564,0.35051172666055663,4.369678663351806e-08,5.684341886080802e-14,0.0,0.0,0.0,0.0,0.0,0.0,0.0,0.0,0.0,0.0,0.0,0.0,0.0,0.0,0.0,0.0
-80.76371283372686,0.17227152616493413,4.472303771763109e-08,0.0,1.1368683772161603e-13,0.0,0.0,0.0,0.0,0.0,0.0,0.0,0.0,0.0,0.0,0.0,0.0,0.0,0.0,0.0
-42.59120283900381,7.7674873217958975,0.00016867018297261893,3.5981884138891473e-11,0.0,0.0,5.684341886080802e-14,0.0,0.0,0.0,0.0,0.0,0.0,0.0,0.0,0.0,0.0,0.0,0.0,0.0
-75.72530036030935,0.10854816991650296,8.732058631721884e-09,1.1368683772161603e-13,0.0,0.0,0.0,0.0,0.0,0.0,0.0,0.0,0.0,0.0,0.0,0.0,0.0,0.0,0.0,0.0
-74.68743020953752,0.06562191988138011,6.193374701979337e-09,0.0,5.684341886080802e-14,0.0,0.0,0.0,0.0,0.0,0.0,0.0,0.0,0.0,0.0,0.0,0.0,0.0,0.0,0.0
-97.71701603248266,1.2061361281514564,1.4078906360737165e-06,1.8189894035458565e-12,0.0,0.0,0.0,0.0,0.0,0.0,0.0,0.0,0.0,0.0,0.0,0.0,0.0,0.0,0.0,0.0
-86.9171775831154,9.310580124187027,3.8588081793022866e-05,3.751665644813329e-12,0.0,0.0,0.0,0.0,0.0,0.0,0.0,0.0,0.0,0.0,0.0,0.0,0.0,0.0,0.0,0.0
-117.00054088411895,5.565935175306038,3.337150360493979e-06,3.410605131648481e-13,0.0,0.0,0.0,0.0,0.0,0.0,0.0,0.0,0.0,0.0,0.0,0.0,0.0,0.0,0.0,0.0
-80.62874615000214,1.0322233251784496,4.275187848179485e-08,4.547473508864641e-13,0.0,0.0,0.0,0.0,0.0,0.0,0.0,0.0,0.0,0.0,0.0,0.0,0.0,0.0,0.0,0.0
-74.63979923424415,0.018021264797880576,3.7742893255199306e-09,0.0,0.0,0.0,0.0,0.0,0.0,0.0,0.0,0.0,0.0,0.0,0.0,0.0,0.0,0.0,0.0,0.0
-72.99905395561007,1.3621226198903287,2.2353680151354638e-07,5.684341886080802e-14,0.0,0.0,0.0,0.0,0.0,0.0,0.0,0.0,0.0,0.0,0.0,0.0,0.0,0.0,0.0,0.0
-88.75340638341004,0.20249047935908493,1.7036938970704796e-07,3.410605131648481e-13,0.0,0.0,0.0,0.0,0.0,0.0,0.0,5.684341886080802e-14,0.0,0.0,0.0,0.0,0.0,0.0,0.0,0.0
-82.63571374779355,0.054369412708126674,1.1695510693243705e-07,3.410605131648481e-13,0.0,0.0,0.0,0.0,0.0,0.0,0.0,0.0,0.0,0.0,0.0,0.0,0.0,0.0,0.0,0.0
-81.6016371588376,0.01535389123978348,9.25302856558119e-09,0.0,0.0,0.0,0.0,0.0,0.0,0.0,0.0,0.0,0.0,0.0,0.0,0.0,0.0,0.0,0.0,0.0
-88.9256658363048,0.3746072078869247,5.986152018522262e-07,6.821210263296962e-13,0.0,0.0,0.0,0.0,0.0,0.0,0.0,0.0,0.0,0.0,0.0,0.0,0.0,0.0,0.0,0.0
-33.93486012823678,0.10627731016887765,6.599128710149671e-08,5.684341886080802e-14,0.0,0.0,0.0,0.0,0.0,0.0,0.0,0.0,0.0,0.0,0.0,0.0,0.0,0.0,0.0,0.0
-110.48076534101068,0.04106123933820527,1.4063175513001624e-08,5.684341886080802e-14,0.0,0.0,0.0,0.0,0.0,0.0,0.0,0.0,0.0,0.0,0.0,0.0,0.0,0.0,0.0,0.0
-103.34974762711107,0.8696299318506249,5.682358050762559e-08,5.684341886080802e-14,0.0,0.0,0.0,0.0,0.0,0.0,0.0,0.0,0.0,0.0,0.0,0.0,0.0,0.0,0.0,0.0
-76.18059161774318,0.563856007959771,3.624836608651094e-06,5.684341886080801e-13,0.0,0.0,0.0,0.0,0.0,0.0,0.0,0.0,0.0,0.0,0.0,0.0,0.0,0.0,0.0,0.0
-56.00575550428346,2.278036903793975,9.235685638486757e-08,1.1368683772161603e-13,0.0,0.0,0.0,0.0,0.0,0.0,0.0,0.0,0.0,0.0,0.0,0.0,0.0,0.0,0.0,0.0
-48.079258348160806,1.3162447304187026,3.4714428238658e-06,6.821210263296962e-13,0.0,5.684341886080802e-14,0.0,0.0,0.0,0.0,0.0,0.0,0.0,0.0,0.0,0.0,0.0,0.0,0.0,0.0
-72.80387044419729,0.172076327256093,8.954383903123471,0.00021741451251955368,1.6621015674900264e-10,5.684341886080802e-14,0.0,0.0,0.0,0.0,0.0,0.0,0.0,0.0,0.0,0.0,0.0,0.0,0.0,0.0
-64.97230879607497,16.219392419910662,3.274571668043791e-06,2.8421709430404007e-12,0.0,0.0,0.0,0.0,0.0,0.0,0.0,0.0,0.0,0.0,0.0,0.0,0.0,0.0,0.0,0.0
-78.63049846799692,0.029097413580927878,5.170136319065932e-09,0.0,0.0,0.0,0.0,0.0,0.0,0.0,0.0,0.0,0.0,0.0,0.0,0.0,0.0,0.0,0.0,0.0
-71.6933703759384,0.05653538376355982,8.642132343084086e-09,0.0,0.0,0.0,0.0,0.0,0.0,0.0,0.0,0.0,0.0,0.0,0.0,0.0,0.0,0.0,0.0,0.0
-55.411246958273296,3.6734246765112744,1.6911000102481921e-06,1.5347723092418164e-12,0.0,0.0,0.0,0.0,0.0,0.0,0.0,0.0,0.0,0.0,0.0,0.0,0.0,0.0,0.0,0.0
-75.68603654935777,1.0643228381946415,1.556347228870436e-06,3.296918293926865e-12,0.0,0.0,0.0,0.0,0.0,0.0,0.0,0.0,0.0,0.0,0.0,0.0,0.0,0.0,0.0,0.0
-104.53918102297325,0.06897581896453175,6.37210177956149e-08,0.0,0.0,0.0,0.0,0.0,0.0,0.0,0.0,0.0,0.0,0.0,0.0,0.0,0.0,0.0,0.0,0.0
-79.03853257383366,0.437070743039385,1.9140486529067857e-07,1.1368683772161603e-13,0.0,0.0,0.0,0.0,0.0,1.1368683772161603e-13,0.0,0.0,0.0,0.0,0.0,0.0,0.0,0.0,0.0,0.0
-59.10690688689601,0.4044570993174261,1.621941862595122e-06,1.7053025658242404e-13,0.0,0.0,0.0,0.0,0.0,0.0,0.0,0.0,0.0,0.0,0.0,0.0,0.0,0.0,0.0,0.0
-64.74205052605703,1.0648512027009929,1.4863977071399859e-06,2.2737367544323206e-13,5.684341886080802e-14,0.0,0.0,0.0,0.0,0.0,0.0,0.0,0.0,0.0,0.0,0.0,0.0,0.0,0.0,0.0
-98.29873653904866,0.7932194916635922,7.221683517855126e-08,5.684341886080802e-14,0.0,0.0,0.0,0.0,0.0,0.0,0.0,0.0,0.0,0.0,0.0,0.0,0.0,0.0,0.0,0.0
-51.09498397697115,0.35215767584026025,1.2317349273871514e-07,5.684341886080802e-14,0.0,0.0,0.0,5.684341886080802e-14,0.0,0.0,0.0,0.0,0.0,0.0,0.0,0.0,0.0,0.0,0.0,0.0
-102.51861121903914,8.992913296190409,7.100414904925856e-06,6.821210263296962e-13,0.0,0.0,0.0,0.0,0.0,0.0,0.0,0.0,0.0,0.0,0.0,0.0,0.0,0.0,0.0,0.0
-55.7228689937229,0.005272764469168578,3.6351366361486726e-10,0.0,0.0,0.0,0.0,0.0,0.0,0.0,0.0,0.0,0.0,0.0,0.0,0.0,0.0,0.0,0.0,0.0
-83.89442701699005,0.3181590498718947,1.8496348275220953e-07,1.1368683772161603e-13,0.0,0.0,0.0,0.0,0.0,0.0,0.0,0.0,0.0,0.0,0.0,0.0,0.0,0.0,0.0,0.0
-99.74133698233442,0.2456881502549777,1.048717308549385e-07,1.1368683772161603e-13,0.0,0.0,0.0,0.0,0.0,0.0,0.0,0.0,0.0,0.0,0.0,0.0,0.0,0.0,0.0,0.0
-49.79745747846022,0.04963092882712772,5.094932475913083e-09,5.684341886080802e-14,0.0,0.0,5.684341886080802e-14,0.0,0.0,0.0,0.0,0.0,0.0,0.0,0.0,0.0,0.0,0.0,0.0,0.0
-132.41422668104764,1.0803126070662188,1.1596409535741259e-05,8.526512829121202e-12,0.0,0.0,0.0,0.0,0.0,0.0,0.0,0.0,0.0,0.0,0.0,0.0,0.0,0.0,0.0,0.0
-84.70626905834536,1.1299807058156262,1.55325486161928e-05,7.503331289626658e-12,0.0,0.0,0.0,0.0,0.0,0.0,0.0,0.0,0.0,0.0,0.0,0.0,0.0,0.0,0.0,0.0
-102.6287704686672,0.1483057159213672,7.491399856007774e-08,1.1368683772161603e-13,0.0,0.0,0.0,0.0,0.0,0.0,0.0,0.0,0.0,0.0,0.0,0.0,0.0,0.0,0.0,0.0
-58.604570071031674,0.8969077015080416,1.9945332496718038e-07,1.1368683772161603e-13,0.0,0.0,0.0,0.0,0.0,0.0,0.0,0.0,0.0,0.0,0.0,0.0,0.0,0.0,0.0,0.0
-78.62521764930534,25.892091849027338,0.0004269392781566239,1.0396661309641786e-10,0.0,0.0,0.0,0.0,0.0,0.0,0.0,0.0,0.0,0.0,0.0,0.0,0.0,0.0,0.0,0.0
-84.54996848627877,6.012697348878703,0.00018920072989203618,2.6204816094832495e-11,0.0,0.0,0.0,0.0,0.0,0.0,0.0,0.0,0.0,0.0,0.0,0.0,0.0,0.0,0.0,0.0
-152.2381194875209,0.011049978147781303,3.240305090912443e-08,0.0,2.842170943040401e-14,0.0,0.0,0.0,0.0,0.0,0.0,0.0,0.0,0.0,0.0,0.0,0.0,0.0,0.0,0.0
-89.58161066437725,0.03556255287236354,7.630637810507324e-08,0.0,0.0,0.0,0.0,0.0,0.0,0.0,5.684341886080802e-14,5.684341886080802e-14,0.0,0.0,0.0,0.0,0.0,0.0,0.0,0.0
-82.80212995311558,0.22106025528694317,1.337604658147029e-07,3.979039320256561e-13,0.0,0.0,0.0,0.0,0.0,0.0,0.0,0.0,0.0,0.0,0.0,0.0,0.0,0.0,0.0,0.0
-83.70688734685098,0.1306960256166576,2.4341034077224322e-08,5.684341886080802e-14,0.0,0.0,0.0,0.0,0.0,0.0,0.0,0.0,0.0,0.0,0.0,0.0,0.0,0.0,0.0,0.0
-87.62829148257731,3.056730896082172,0.0001199264779643272,1.944044925039634e-11,0.0,0.0,0.0,0.0,0.0,0.0,0.0,0.0,0.0,0.0,0.0,0.0,0.0,0.0,0.0,0.0
-81.59895841434911,0.012482156977569048,5.5037503443600144e-09,0.0,0.0,0.0,0.0,0.0,0.0,0.0,0.0,0.0,0.0,0.0,0.0,0.0,0.0,0.0,0.0,0.0
-70.53162586444228,1.8795804155295741,1.6290858297907107e-06,1.7053025658242404e-13,5.684341886080802e-14,0.0,0.0,0.0,0.0,0.0,0.0,0.0,0.0,0.0,0.0,0.0,0.0,0.0,0.0,0.0
-114.55265101497866,0.1327076641071585,7.737588703093934e-08,0.0,0.0,0.0,0.0,0.0,0.0,0.0,0.0,0.0,0.0,0.0,0.0,0.0,0.0,0.0,0.0,0.0
-65.78321278987232,1.1109847886119724,2.130922780452238e-07,5.684341886080802e-14,5.684341886080802e-14,0.0,0.0,0.0,0.0,0.0,0.0,0.0,0.0,0.0,0.0,0.0,0.0,0.0,0.0,0.0
-110.73101861712638,0.29105883304129065,1.1834049473691266e-07,1.1368683772161603e-13,0.0,0.0,0.0,0.0,0.0,0.0,0.0,0.0,0.0,0.0,0.0,0.0,0.0,0.0,0.0,0.0
-80.03533231495555,0.4388904096757642,2.7586014539338066e-07,5.684341886080802e-14,0.0,0.0,0.0,0.0,0.0,0.0,0.0,0.0,0.0,0.0,0.0,0.0,0.0,0.0,0.0,0.0
-92.55815575396542,1.0221927746570145,2.360791654609784e-06,4.376943252282217e-12,0.0,0.0,0.0,0.0,0.0,0.0,0.0,0.0,0.0,0.0,0.0,0.0,0.0,0.0,0.0,0.0
-78.9705935290491,4.348855493708129,5.683808581125049e-06,5.343281372915953e-12,0.0,0.0,0.0,0.0,0.0,0.0,0.0,0.0,0.0,0.0,0.0,0.0,0.0,0.0,0.0,0.0
-179.2365181950705,1.1434108745936555,3.4495568002057553e-07,2.8421709430404007e-13,0.0,0.0,0.0,0.0,0.0,0.0,0.0,0.0,0.0,0.0,0.0,0.0,0.0,0.0,0.0,0.0
-98.62055684582754,0.12024512737832538,3.603281584219076e-08,1.1368683772161603e-13,0.0,0.0,0.0,0.0,0.0,0.0,0.0,0.0,0.0,0.0,0.0,0.0,0.0,0.0,0.0,0.0
-45.86398455821467,0.09592839819998744,3.299021500424715e-08,1.1368683772161603e-13,0.0,0.0,0.0,0.0,0.0,0.0,0.0,0.0,0.0,0.0,0.0,0.0,0.0,0.0,0.0,0.0
-64.79350846740448,0.12129052324820577,2.770644869087846e-07,1.1368683772161603e-13,0.0,0.0,0.0,0.0,0.0,0.0,0.0,0.0,0.0,0.0,0.0,0.0,0.0,0.0,0.0,0.0
-142.32283917118457,1.040139306571632,7.352624606937752e-07,1.1368683772161603e-12,5.684341886080802e-14,5.684341886080802e-14,0.0,0.0,0.0,0.0,0.0,0.0,0.0,0.0,0.0,0.0,0.0,0.0,0.0,0.0
-146.4988091704735,0.24273745729834673,1.9170914526966953e-06,9.094947017729282e-13,0.0,0.0,0.0,0.0,0.0,0.0,0.0,0.0,0.0,0.0,0.0,0.0,0.0,0.0,0.0,0.0
-87.55746468282177,0.0014777333738607012,5.073843567515723e-10,5.684341886080802e-14,0.0,0.0,0.0,0.0,0.0,0.0,0.0,0.0,0.0,0.0,0.0,0.0,0.0,0.0,0.0,0.0
-129.5624074829368,15.143208954771353,3.406035881425851e-05,7.389644451905042e-13,0.0,0.0,0.0,0.0,0.0,0.0,0.0,0.0,0.0,0.0,0.0,0.0,0.0,0.0,0.0,0.0
-98.64269679443584,4.122031151235319,6.047781084816961e-07,5.684341886080801e-13,0.0,0.0,0.0,0.0,0.0,0.0,0.0,0.0,0.0,0.0,0.0,0.0,0.0,0.0,0.0,0.0
-109.33965827066567,2.87136631630176,0.008194115112246436,2.207855231972644e-09,0.0,5.684341886080802e-14,0.0,0.0,5.684341886080802e-14,0.0,0.0,0.0,0.0,0.0,0.0,0.0,0.0,0.0,0.0,0.0
-74.904394318448,4.261770046500885,0.0007483448684979521,6.392042450897861e-10,0.0,0.0,0.0,0.0,0.0,0.0,0.0,0.0,0.0,0.0,0.0,0.0,0.0,0.0,0.0,0.0
-52.61600313318627,5.852937289362842,7.085636821102526e-05,5.2011728257639334e-11,0.0,0.0,0.0,0.0,0.0,0.0,0.0,0.0,0.0,0.0,0.0,0.0,0.0,0.0,0.0,0.0
-123.47784289762444,1.0984602156728442,4.7612013531761477e-07,2.2737367544323206e-13,0.0,0.0,0.0,0.0,0.0,0.0,0.0,0.0,0.0,0.0,0.0,0.0,0.0,0.0,0.0,0.0
-97.51741851433036,0.07624027757668728,5.709016477339901e-07,1.1368683772161603e-13,5.684341886080802e-14,0.0,0.0,0.0,0.0,0.0,0.0,0.0,0.0,0.0,0.0,0.0,0.0,0.0,0.0,0.0
-103.68954913818743,4.194023224294824,5.5468888206178235e-05,3.97335497837048e-11,5.684341886080802e-14,0.0,5.684341886080802e-14,0.0,0.0,0.0,0.0,0.0,0.0,0.0,0.0,0.0,0.0,0.0,0.0,0.0
-73.20955358454165,0.5778809340245061,7.092974669831165e-07,0.0,0.0,0.0,0.0,0.0,0.0,0.0,0.0,0.0,0.0,5.684341886080802e-14,0.0,5.684341886080802e-14,0.0,0.0,0.0,0.0
-108.67905956026789,1.223843798780024,1.229437089023122e-06,5.115907697472721e-13,5.684341886080802e-14,5.684341886080802e-14,0.0,0.0,0.0,0.0,0.0,0.0,0.0,0.0,0.0,0.0,0.0,0.0,0.0,0.0
-93.00561146160612,0.4747169456857705,2.577450572971429e-07,2.2737367544323206e-13,0.0,0.0,0.0,0.0,0.0,0.0,0.0,0.0,0.0,0.0,0.0,0.0,0.0,0.0,0.0,0.0
-114.48504155376202,0.06526095185688519,4.1417251850361936e-09,0.0,0.0,0.0,0.0,0.0,0.0,0.0,0.0,0.0,0.0,0.0,0.0,0.0,0.0,0.0,0.0,0.0
-129.87669561540554,0.5348846579124711,4.784004715929768e-06,7.389644451905042e-13,0.0,0.0,0.0,0.0,0.0,0.0,0.0,0.0,0.0,0.0,0.0,0.0,0.0,0.0,0.0,0.0
-101.49176494337132,1.996295741540962,1.8953565813717432e-05,1.4381384971784428e-11,5.684341886080802e-14,0.0,0.0,0.0,0.0,0.0,0.0,0.0,0.0,0.0,0.0,0.0,0.0,0.0,0.0,0.0
-78.28886944788042,0.6823255205880514,2.1534481220442103e-07,1.1368683772161603e-13,0.0,0.0,0.0,0.0,0.0,0.0,0.0,0.0,0.0,0.0,0.0,0.0,0.0,0.0,0.0,0.0
-67.76192029475868,0.1048456442537713,8.847734989103628e-09,5.684341886080802e-14,0.0,0.0,0.0,0.0,0.0,0.0,0.0,0.0,0.0,0.0,0.0,0.0,0.0,0.0,0.0,0.0
-114.4574277037051,0.03770786578820662,1.3193812264944427e-08,1.1368683772161603e-13,0.0,0.0,0.0,0.0,0.0,0.0,0.0,0.0,0.0,0.0,0.0,0.0,0.0,0.0,0.0,0.0
-93.65214963757103,0.12646380041110206,5.2545829021255486e-08,0.0,0.0,0.0,0.0,0.0,0.0,0.0,0.0,0.0,0.0,0.0,0.0,0.0,0.0,0.0,0.0,0.0
-92.55204467449198,0.021084414394863416,8.165557119355071e-09,0.0,0.0,0.0,0.0,0.0,0.0,0.0,0.0,0.0,0.0,0.0,0.0,0.0,0.0,0.0,0.0,0.0
-60.05217899821923,17.268997822300946,2.220173712430551e-06,5.684341886080802e-14,5.684341886080802e-14,0.0,0.0,0.0,0.0,0.0,0.0,0.0,0.0,0.0,0.0,0.0,0.0,0.0,0.0,0.0
-85.25044426383153,0.6791256800873953,5.162062279850943e-07,5.684341886080802e-14,0.0,0.0,0.0,0.0,0.0,0.0,0.0,0.0,0.0,0.0,0.0,0.0,0.0,0.0,0.0,0.0
-93.53371701162735,0.008642314763051218,4.388539309729822e-09,0.0,0.0,0.0,0.0,0.0,0.0,0.0,0.0,0.0,0.0,0.0,0.0,0.0,0.0,0.0,0.0,0.0
-121.41347286453168,1.0252857034183194,1.6560857716285682e-06,5.684341886080802e-14,0.0,0.0,5.684341886080802e-14,0.0,0.0,5.684341886080802e-14,0.0,0.0,0.0,0.0,0.0,0.0,0.0,0.0,0.0,0.0
-115.9224124985542,0.002825285696417268,1.314901965088211e-09,1.1368683772161603e-13,0.0,0.0,0.0,0.0,0.0,0.0,0.0,0.0,0.0,0.0,0.0,0.0,0.0,0.0,0.0,0.0
-76.99769368741715,0.3860684262447194,2.999229309352813e-08,1.1368683772161603e-13,0.0,0.0,0.0,0.0,0.0,0.0,0.0,0.0,0.0,0.0,0.0,0.0,0.0,0.0,0.0,0.0
-77.67796061496347,0.07133572528982768,2.5074314180528745e-08,0.0,0.0,0.0,0.0,0.0,0.0,0.0,0.0,0.0,1.1368683772161603e-13,0.0,0.0,0.0,0.0,0.0,0.0,0.0
-57.93631942139393,4.20863660209136,4.704598381977121e-06,5.684341886080801e-13,0.0,0.0,0.0,0.0,0.0,0.0,0.0,0.0,0.0,0.0,0.0,0.0,0.0,0.0,0.0,0.0
-80.66168325267114,0.0701609439027493,7.617450137331616e-08,2.2737367544323206e-13,1.1368683772161603e-13,0.0,0.0,0.0,0.0,0.0,0.0,0.0,0.0,0.0,0.0,0.0,0.0,0.0,0.0,0.0
-93.94166320878179,0.4158806957634056,4.642845397029305e-08,0.0,0.0,0.0,0.0,0.0,0.0,0.0,0.0,5.684341886080802e-14,0.0,0.0,0.0,0.0,0.0,0.0,0.0,0.0
-141.30633342102556,0.02356829196395438,5.95576921114116e-09,1.1368683772161603e-13,0.0,0.0,0.0,0.0,0.0,0.0,0.0,0.0,0.0,0.0,0.0,0.0,0.0,0.0,0.0,0.0
-83.6584928585869,0.08222486576022447,2.7775001854024595e-08,1.1368683772161603e-13,0.0,0.0,0.0,0.0,0.0,0.0,0.0,0.0,0.0,0.0,0.0,0.0,0.0,0.0,0.0,0.0
-94.73776175526996,9.171881656434607,8.484598197355808e-07,3.979039320256561e-13,0.0,0.0,0.0,0.0,0.0,0.0,0.0,0.0,0.0,0.0,0.0,0.0,0.0,0.0,0.0,0.0
-59.59354692479707,0.8910988104882449,1.3156920886103762e-07,5.684341886080802e-14,0.0,0.0,0.0,0.0,0.0,0.0,0.0,0.0,0.0,0.0,0.0,0.0,0.0,0.0,0.0,0.0
-53.842226830119046,0.1145231077233575,3.7315845702323713e-07,5.684341886080802e-14,0.0,0.0,0.0,0.0,0.0,0.0,0.0,0.0,0.0,0.0,0.0,0.0,0.0,0.0,0.0,0.0
-107.53837300031614,0.0832347027370588,0.9949579333027714,1.374580392621283e-06,3.410605131648481e-13,0.0,0.0,0.0,0.0,0.0,0.0,0.0,0.0,0.0,0.0,0.0,0.0,0.0,0.0,0.0
-66.92964445185754,11.212013283267709,1.4742983751148131e-05,1.4210854715202004e-12,0.0,0.0,0.0,0.0,0.0,0.0,0.0,0.0,0.0,0.0,0.0,0.0,0.0,0.0,0.0,0.0
-45.90174823012643,0.13367173392828136,1.724591811580467e-07,1.7053025658242404e-13,0.0,0.0,0.0,0.0,0.0,0.0,0.0,0.0,0.0,0.0,0.0,0.0,0.0,0.0,0.0,0.0
-61.354213453536886,10.611420171804014,1.2717918821181229e-05,1.7621459846850485e-12,0.0,0.0,0.0,0.0,0.0,0.0,0.0,0.0,0.0,0.0,0.0,0.0,0.0,0.0,0.0,0.0
-85.67928010595324,0.113099084001135,1.6342988828910165e-07,1.1368683772161603e-13,0.0,0.0,0.0,0.0,0.0,0.0,0.0,0.0,0.0,0.0,0.0,0.0,0.0,0.0,0.0,5.684341886080802e-14
-89.6952302807116,4.128982356149834,1.072282941549929e-06,2.2737367544323206e-13,5.684341886080802e-14,5.684341886080802e-14,0.0,0.0,0.0,0.0,0.0,0.0,0.0,0.0,0.0,0.0,0.0,0.0,0.0,0.0
-63.72067071982008,0.04339189983755887,1.3269584542285884e-08,5.684341886080802e-14,0.0,0.0,0.0,0.0,0.0,5.684341886080802e-14,0.0,0.0,0.0,0.0,0.0,0.0,0.0,0.0,0.0,0.0
-156.32716116126898,4.100441104635877,1.169640455600529e-06,1.4210854715202004e-13,0.0,0.0,0.0,0.0,0.0,0.0,2.842170943040401e-14,0.0,0.0,0.0,0.0,0.0,0.0,0.0,0.0,0.0
-67.14741120192338,0.485340797854235,4.336502570367884e-07,0.0,0.0,0.0,0.0,5.684341886080802e-14,0.0,0.0,0.0,0.0,0.0,0.0,0.0,0.0,0.0,0.0,0.0,0.0
-71.5860907071849,0.013712089170894615,5.384833912103204e-09,5.684341886080802e-14,0.0,0.0,0.0,0.0,0.0,0.0,0.0,0.0,0.0,0.0,0.0,0.0,0.0,0.0,0.0,0.0
-92.70006924615575,0.16915448063400618,1.277350065720384e-07,1.1368683772161603e-13,0.0,0.0,0.0,0.0,5.684341886080802e-14,0.0,0.0,0.0,0.0,0.0,0.0,0.0,0.0,0.0,0.0,0.0
-85.15261430080591,4.561217085982207,1.5661285033274908e-06,1.3642420526593924e-12,0.0,0.0,0.0,0.0,0.0,0.0,0.0,0.0,0.0,0.0,0.0,0.0,0.0,0.0,0.0,0.0
-95.90021140519428,1.3794004866348928,3.584013711588341e-06,3.069544618483633e-12,0.0,0.0,0.0,0.0,0.0,0.0,0.0,0.0,0.0,0.0,0.0,0.0,0.0,0.0,0.0,0.0
-86.75072630426519,2.179524947252503,0.9950100330313489,2.708804913709173e-08,0.0,0.0,0.0,0.0,0.0,0.0,0.0,0.0,0.0,0.0,0.0,0.0,0.0,0.0,0.0,0.0
-77.84612326627342,14.168872367274275,1.2485713170917734e-05,2.0463630789890885e-12,0.0,0.0,0.0,0.0,0.0,0.0,0.0,0.0,0.0,0.0,0.0,0.0,0.0,0.0,0.0,0.0
-95.82067837151232,1.2999771772143163,6.173690962896217e-07,2.2737367544323206e-13,0.0,0.0,0.0,0.0,0.0,0.0,0.0,0.0,0.0,0.0,0.0,0.0,0.0,0.0,0.0,0.0
-79.96143669777649,0.3649434985298967,8.724236408852448e-07,1.1368683772161603e-12,0.0,5.684341886080802e-14,0.0,0.0,0.0,0.0,0.0,0.0,0.0,0.0,0.0,0.0,0.0,0.0,0.0,0.0
-111.86014552223781,5.154152701307282,0.000651243035463267,7.006519808783196e-10,0.0,5.684341886080802e-14,0.0,0.0,0.0,0.0,0.0,0.0,0.0,0.0,0.0,0.0,0.0,0.0,0.0,0.0
-90.93446869408263,1.3883706972971481,4.9779543473960075e-06,1.1368683772161603e-13,5.684341886080802e-14,0.0,5.684341886080802e-14,0.0,0.0,0.0,0.0,0.0,0.0,0.0,0.0,0.0,0.0,0.0,0.0,0.0
-64.68887020674424,0.016693114121324015,1.8571313376014587e-09,0.0,0.0,0.0,0.0,0.0,0.0,0.0,0.0,0.0,0.0,0.0,0.0,0.0,0.0,0.0,0.0,0.0
-121.44437167595754,0.05984211497190017,2.5062320219149115e-08,0.0,0.0,0.0,0.0,0.0,5.684341886080802e-14,0.0,5.684341886080802e-14,0.0,0.0,0.0,0.0,0.0,0.0,0.0,0.0,0.0
-116.43213848989672,0.022399191468878143,1.0151950391446007e-08,0.0,0.0,0.0,0.0,0.0,0.0,0.0,0.0,0.0,0.0,0.0,0.0,0.0,0.0,0.0,0.0,0.0
-90.67665748715393,1.1306532669311764,7.330037476549478e-06,4.433786671143025e-12,5.684341886080802e-14,0.0,5.684341886080802e-14,0.0,0.0,0.0,0.0,0.0,0.0,0.0,0.0,0.0,0.0,0.0,0.0,0.0
-91.55659144890024,0.020630820348571888,1.0039286735263886e-08,0.0,0.0,0.0,0.0,0.0,0.0,0.0,0.0,0.0,0.0,0.0,0.0,0.0,0.0,0.0,0.0,0.0
-94.90441612628251,0.3835477901060358,4.5696481265622424e-08,5.684341886080802e-14,0.0,0.0,0.0,0.0,0.0,0.0,0.0,0.0,0.0,0.0,0.0,0.0,0.0,0.0,0.0,0.0
-89.5734020758087,3.871046575799994,1.8642758391251846e-05,4.547473508864641e-12,0.0,0.0,0.0,0.0,0.0,0.0,0.0,0.0,0.0,0.0,0.0,0.0,0.0,0.0,0.0,0.0
-94.54159770762362,0.020876340140148386,4.0514692045690026e-08,0.0,5.684341886080802e-14,0.0,0.0,0.0,0.0,0.0,0.0,0.0,0.0,0.0,0.0,0.0,0.0,0.0,0.0,0.0
-92.0107400909967,0.4748878461707591,3.6046431546310487e-06,5.115907697472721e-13,0.0,0.0,0.0,0.0,0.0,0.0,0.0,0.0,0.0,0.0,0.0,0.0,0.0,0.0,0.0,0.0
-44.44056597748096,0.6624073599610938,4.079674340573547e-07,1.7053025658242404e-13,0.0,0.0,0.0,0.0,0.0,0.0,0.0,0.0,0.0,5.684341886080802e-14,0.0,0.0,0.0,0.0,0.0,0.0
-152.006114838987,33.6055006114637,0.0010783709604424985,1.8104628907167353e-10,1.1368683772161603e-13,0.0,0.0,0.0,0.0,0.0,0.0,0.0,0.0,0.0,0.0,0.0,0.0,0.0,0.0,0.0
-99.50601201570635,0.010454821473615539,5.471576969284797e-09,5.684341886080802e-14,5.684341886080802e-14,0.0,0.0,0.0,0.0,0.0,0.0,0.0,0.0,0.0,0.0,0.0,0.0,0.0,0.0,0.0
-100.50794907467747,0.01735689547626862,1.4110241863818374e-09,5.684341886080802e-14,0.0,5.684341886080802e-14,0.0,0.0,0.0,0.0,0.0,0.0,0.0,0.0,0.0,0.0,0.0,0.0,0.0,0.0
-78.8072131035376,0.20566969342377206,6.474709834947134e-08,0.0,0.0,0.0,0.0,0.0,1.1368683772161603e-13,0.0,0.0,0.0,0.0,0.0,0.0,0.0,0.0,0.0,0.0,0.0
-87.63742187163268,0.08207628144850787,5.734705155191477e-09,0.0,0.0,0.0,0.0,0.0,0.0,0.0,0.0,0.0,0.0,0.0,0.0,0.0,0.0,0.0,0.0,0.0
-94.64099409589357,0.12014617553023754,0.9949583092387115,7.573485731882101e-07,7.389644451905042e-13,0.0,0.0,0.0,0.0,5.684341886080802e-14,5.684341886080802e-14,0.0,0.0,0.0,0.0,0.0,0.0,0.0,0.0,0.0
-151.3122286017143,0.08047899472879294,3.562146844160452e-08,2.842170943040401e-14,0.0,2.842170943040401e-14,0.0,0.0,0.0,0.0,0.0,0.0,0.0,0.0,0.0,0.0,0.0,0.0,0.0,0.0
-62.929577514715334,3.2321286409091385,1.2576472272485262e-06,2.2737367544323206e-13,0.0,0.0,0.0,0.0,0.0,0.0,0.0,0.0,0.0,0.0,0.0,0.0,0.0,0.0,0.0,0.0
-182.08842398087293,1.0072420038421228,3.018046612623948e-06,6.821210263296962e-13,0.0,0.0,0.0,0.0,0.0,0.0,0.0,0.0,0.0,0.0,0.0,0.0,0.0,0.0,0.0,0.0
-92.83818333618905,0.30728866079522277,2.3432130547007546e-07,3.979039320256561e-13,5.684341886080802e-14,0.0,0.0,0.0,0.0,0.0,0.0,0.0,0.0,0.0,0.0,0.0,0.0,0.0,0.0,0.0
-107.77986876251987,5.261218214186556,0.00018930837870811956,1.7587353795534e-10,0.0,0.0,0.0,0.0,0.0,0.0,0.0,0.0,0.0,0.0,0.0,0.0,0.0,0.0,0.0,0.0
-64.6188042334145,8.90120084067945,7.1638403369433945e-06,4.490630090003833e-12,0.0,0.0,0.0,0.0,0.0,0.0,0.0,0.0,0.0,0.0,0.0,0.0,0.0,0.0,0.0,0.0
-79.60412494061438,0.007566801323150685,1.6100329958135262e-09,0.0,0.0,0.0,0.0,0.0,0.0,0.0,0.0,0.0,0.0,0.0,0.0,0.0,0.0,0.0,0.0,0.0
-69.92150118796053,0.27455886334729485,2.2073351146900677e-07,1.1368683772161603e-13,0.0,0.0,0.0,0.0,0.0,0.0,0.0,0.0,0.0,0.0,0.0,0.0,0.0,0.0,0.0,0.0
-98.5052178242309,0.005332685722464703,1.6709122974134516e-09,0.0,0.0,0.0,0.0,0.0,0.0,0.0,0.0,0.0,0.0,0.0,0.0,0.0,0.0,0.0,0.0,0.0
-74.75940044310823,0.13770840488245994,8.01276200945722e-08,5.684341886080802e-14,0.0,0.0,5.684341886080802e-14,0.0,0.0,0.0,0.0,0.0,0.0,0.0,0.0,0.0,0.0,0.0,0.0,0.0
-66.2256223451883,0.5584911731424427,6.200576763149002e-08,5.684341886080802e-14,0.0,0.0,0.0,0.0,0.0,0.0,0.0,0.0,0.0,0.0,0.0,0.0,0.0,0.0,0.0,0.0
-93.53163996365345,0.005766268603792923,1.6979129213723354e-10,0.0,0.0,5.684341886080802e-14,0.0,0.0,0.0,0.0,0.0,0.0,0.0,0.0,0.0,0.0,0.0,0.0,0.0,0.0
-108.53307707126697,0.0830710673866406,1.2828809303755406e-07,5.684341886080802e-14,0.0,0.0,0.0,0.0,0.0,0.0,0.0,0.0,0.0,0.0,0.0,0.0,0.0,0.0,0.0,0.0
-87.26706766726295,0.705728938229754,3.344599690535688e-07,3.410605131648481e-13,0.0,0.0,0.0,0.0,0.0,0.0,0.0,0.0,0.0,0.0,0.0,0.0,0.0,0.0,0.0,0.0
-121.38382248810956,13.927915206704142,0.0007129454953656023,5.742890607507434e-10,0.0,0.0,5.684341886080802e-14,0.0,0.0,0.0,0.0,0.0,0.0,0.0,0.0,0.0,0.0,0.0,0.0,0.0
-60.73290400209538,3.0253036296063556,8.602940522450808e-05,6.991740519879386e-12,0.0,0.0,0.0,0.0,0.0,0.0,0.0,0.0,0.0,0.0,0.0,0.0,0.0,0.0,0.0,0.0
-84.13822527529254,9.516341844461692,0.00011572361802336673,7.594280759803951e-11,0.0,0.0,0.0,0.0,0.0,0.0,0.0,0.0,0.0,0.0,0.0,0.0,0.0,0.0,0.0,0.0
-77.6098264786603,0.0032676067673378384,1.0501253200345673e-09,0.0,0.0,0.0,0.0,0.0,0.0,0.0,0.0,0.0,0.0,0.0,5.684341886080802e-14,0.0,0.0,0.0,0.0,0.0
-95.56570473943827,1.04489727682909,1.2806646054741577e-07,1.1368683772161603e-13,0.0,0.0,0.0,0.0,0.0,0.0,0.0,0.0,0.0,0.0,0.0,0.0,0.0,0.0,0.0,0.0
-56.801403056598815,4.068627758035461,1.584752277494772e-05,1.3073986337985843e-12,0.0,0.0,0.0,0.0,0.0,0.0,0.0,0.0,0.0,0.0,0.0,0.0,0.0,0.0,0.0,0.0
-72.63918313321341,0.007170406135116991,1.078035438695224e-08,0.0,0.0,0.0,0.0,0.0,0.0,0.0,0.0,0.0,0.0,0.0,0.0,0.0,0.0,0.0,0.0,0.0
-165.46433696558125,4.497270177150057,1.618106148271181e-05,5.115907697472721e-13,0.0,0.0,0.0,0.0,0.0,0.0,0.0,0.0,0.0,0.0,0.0,0.0,0.0,0.0,0.0,0.0
-71.3030560620092,1.6561286045682664,5.550266678255866e-06,9.094947017729282e-12,0.0,0.0,0.0,0.0,0.0,0.0,0.0,0.0,0.0,0.0,0.0,0.0,0.0,0.0,0.0,0.0
-84.66000356246712,1.083873267008073,4.809423558072012e-06,1.7053025658242404e-12,0.0,0.0,0.0,0.0,0.0,0.0,0.0,0.0,0.0,0.0,0.0,0.0,0.0,0.0,0.0,0.0
-138.59858464373258,0.300250075822305,5.668812264048029e-08,0.0,0.0,0.0,0.0,0.0,0.0,0.0,0.0,0.0,0.0,0.0,0.0,0.0,0.0,0.0,0.0,0.0
-51.81299338224187,1.0701721642287225,7.787491540511837e-08,5.684341886080802e-14,0.0,0.0,0.0,0.0,0.0,0.0,0.0,0.0,0.0,0.0,0.0,0.0,0.0,0.0,0.0,0.0
-79.87208245710099,0.2755798099697131,2.4467124148941366e-07,1.1368683772161603e-13,0.0,0.0,0.0,0.0,0.0,0.0,0.0,0.0,0.0,0.0,0.0,0.0,0.0,0.0,0.0,0.0
-130.43653611979232,0.09845294810156702,7.999074114195537e-08,1.1368683772161603e-13,0.0,0.0,0.0,0.0,0.0,0.0,0.0,0.0,0.0,0.0,0.0,0.0,0.0,0.0,0.0,0.0
-50.88474361181488,1.1369079033834169,4.126074145460734e-06,1.1368683772161603e-13,0.0,0.0,5.684341886080802e-14,0.0,0.0,0.0,0.0,0.0,0.0,0.0,0.0,0.0,0.0,0.0,0.0,0.0
-78.7666070875859,1.160079830432153,3.7419132468130556e-06,7.503331289626658e-12,0.0,0.0,0.0,0.0,0.0,0.0,0.0,0.0,0.0,0.0,0.0,0.0,0.0,0.0,0.0,0.0
-74.63793213003589,0.08066117620558089,1.102591795643093e-08,0.0,0.0,0.0,0.0,0.0,0.0,0.0,0.0,0.0,0.0,0.0,0.0,0.0,0.0,0.0,0.0,0.0
-74.7180900076221,0.09635761918076469,3.691428673846531e-08,0.0,0.0,0.0,0.0,0.0,0.0,0.0,0.0,0.0,0.0,0.0,0.0,0.0,0.0,0.0,0.0,0.0
-64.68311098563532,0.010933880122820483,1.474666078138398e-08,5.684341886080802e-14,0.0,0.0,0.0,0.0,0.0,0.0,0.0,0.0,0.0,0.0,0.0,0.0,0.0,0.0,0.0,0.0
-116.90075482362118,1.240831435170719,7.664834242859797e-07,5.684341886080802e-14,0.0,0.0,0.0,0.0,0.0,0.0,0.0,5.684341886080802e-14,0.0,0.0,0.0,0.0,0.0,0.0,0.0,0.0
-46.53341082479409,0.7653578149778468,1.920532383792306e-06,7.855760486563668e-11,5.684341886080802e-14,0.0,0.0,0.0,0.0,0.0,0.0,0.0,0.0,0.0,0.0,0.0,0.0,0.0,0.0,0.0
-98.86903009158323,0.43303045050521405,1.764344119692396e-07,1.1368683772161603e-13,0.0,0.0,0.0,0.0,0.0,0.0,0.0,0.0,0.0,0.0,0.0,0.0,0.0,0.0,0.0,0.0
-72.90257851522381,0.025698368346127154,4.014225396531401e-09,0.0,0.0,0.0,0.0,0.0,0.0,0.0,0.0,0.0,0.0,0.0,0.0,0.0,0.0,0.0,0.0,0.0
-94.76102098905051,0.24031362650760002,1.747794840412098e-06,2.8421709430404007e-13,0.0,5.684341886080802e-14,0.0,0.0,0.0,0.0,0.0,0.0,0.0,0.0,0.0,0.0,0.0,0.0,0.0,0.0
-118.76558754643679,4.209666075003668,5.25455590150159e-06,1.5916157281026244e-12,0.0,0.0,0.0,0.0,0.0,0.0,0.0,0.0,0.0,0.0,0.0,0.0,0.0,0.0,0.0,0.0
-73.14612989162765,2.568613262024371,3.1263191431207815e-05,1.659827830735594e-11,0.0,0.0,0.0,0.0,0.0,0.0,0.0,0.0,0.0,0.0,0.0,0.0,0.0,0.0,0.0,0.0
-113.4563302773729,0.03131529059953664,4.964817890140694e-09,0.0,0.0,0.0,0.0,0.0,0.0,0.0,0.0,0.0,5.684341886080802e-14,0.0,0.0,0.0,0.0,0.0,0.0,0.0
-62.70694289627386,0.024623136277739377,1.037653873936506e-08,5.684341886080802e-14,0.0,0.0,0.0,0.0,0.0,0.0,0.0,0.0,0.0,0.0,0.0,0.0,0.0,0.0,0.0,0.0
-95.75737312890033,0.24163188863940377,8.315839750139276e-08,1.1368683772161603e-13,0.0,0.0,0.0,0.0,0.0,0.0,0.0,0.0,0.0,0.0,0.0,0.0,0.0,0.0,0.0,0.0
-137.59035893310988,0.15037322512478113,2.7522662549017696e-07,1.1368683772161603e-13,0.0,0.0,0.0,0.0,0.0,0.0,0.0,0.0,0.0,0.0,0.0,0.0,0.0,0.0,0.0,0.0
-73.97314633209635,1.3411089416331947,9.515268800441845e-06,1.0231815394945443e-12,0.0,0.0,0.0,0.0,0.0,0.0,0.0,0.0,0.0,0.0,0.0,0.0,0.0,0.0,0.0,0.0
-63.699819509217434,0.022560777865805903,1.2135308224969776e-07,1.7053025658242404e-13,0.0,0.0,0.0,0.0,0.0,0.0,0.0,0.0,0.0,0.0,0.0,0.0,0.0,0.0,0.0,0.0
-68.60105506504726,0.01345239411671173,6.31119974059402e-08,5.684341886080802e-14,5.684341886080802e-14,0.0,0.0,0.0,0.0,0.0,0.0,0.0,0.0,0.0,0.0,0.0,0.0,0.0,0.0,0.0
