-280.46896,133.07495,35.598335,5.365347,1.8583156,0.0,0.0,0.0,0.0,0.0,0.0,0.0,0.0,0.0,0.0,0.0,0.0,0.0,0.0,0.0
-844.98267,272.82272,177.67215,89.83186,62.439846,55.363716,21.214386,14.169707,64.152466,19.256361,10.776828,2.8373535,1.2655004,0.92958665,0.5838688,0.23050646,0.11207979,0.10565477,0.069470756,0.0026849234
-780.0835,270.19717,158.44293,104.32557,65.60506,35.90268,23.613253,16.021889,14.146324,3.809985,7.4581456,3.9428656,4.486585,2.3798325,1.7335081,0.6188728,3.1582892,4.11045,0.2798872,1.3523831
-869.56274,346.1155,161.25539,95.09799,67.08958,34.26261,19.350742,14.80357,11.295216,9.005981,3.7007794,3.1214924,0.8735842,0.72900015,5.1255455,5.094814,2.7581325,0.61500514,0.21073611,0.17723693
-773.5768,233.49034,140.27266,103.415245,50.31714,36.349594,37.252773,28.600227,13.803054,8.80067,16.6219,7.8913364,3.6861386,3.7024574,1.5801122,0.85584617,0.9801687,0.5369534,0.5306136,0.23295319
-893.04504,336.70404,209.11195,118.51465,34.246452,39.759197,3.5930982,0.0,0.09550012,0.0,0.0,0.0,0.0,0.0,0.0,0.0,0.0,0.0,0.0,0.0
-927.198,317.34113,173.81725,95.64328,67.14183,58.298595,31.440212,30.808065,9.581345,6.944504,12.013456,4.64553,2.6023285,2.0571518,6.755931,2.7691247,2.9649067,23.250551,6.3242655,7.5212173
-767.47546,385.52145,103.510086,58.57747,36.959015,27.222893,23.895054,17.401777,4.2986445,3.8805482,3.628865,3.5417707,1.0598813,0.9749536,0.27956787,2.1150782,1.7260593,1.2638049,1.1375251,2.3363779
-734.9767,262.6168,98.55055,79.50067,62.602837,53.56113,16.78693,0.0,0.0,4.1818285,9.084605,0.0,0.0,0.8623036,0.2767387,21.608557,0.0,0.21815725,0.07589926,2.5633793
-805.2237,421.2443,101.251366,61.232227,37.7727,40.062725,16.834461,15.499148,11.835005,15.369193,6.9081306,4.735866,4.217024,2.3505256,9.719084,4.3129983,4.1141195,2.3591042,4.9107094,3.842572
-918.2747,362.09106,135.56694,93.43863,63.099297,54.009823,29.807413,31.932407,23.310276,16.841677,10.165122,8.395811,7.7485385,8.918733,9.465182,5.7858605,4.0772815,3.1362293,1.1302403,0.44599342
-720.48126,284.74744,128.43272,84.74222,42.910057,29.022991,33.887676,20.753843,9.15496,7.2888727,8.433195,5.5206327,3.0082164,1.2989652,8.754753,2.502546,1.5357018,16.533987,0.82706887,0.5735678
-624.6815,205.88243,65.8561,43.2686,29.634666,39.592533,31.374199,25.323238,20.530163,15.486903,9.36543,7.84523,6.3128166,5.069918,6.106467,5.5467753,4.294561,1.2040515,7.9313307,1.681638
-897.4012,367.76535,127.25567,66.9456,61.51933,32.404865,28.321016,29.877918,21.461992,9.184853,18.115942,24.360353,9.172004,10.810635,4.1345353,1.9545568,0.85233563,1.1262814,0.03747719,0.02502789
-663.8704,293.03174,87.52497,85.19122,64.08873,22.60103,13.965031,9.345692,15.380328,8.072878,3.0545573,1.9566728,4.320992,3.627682,2.4484217,1.318066,1.3611144,1.0200251,0.79502934,1.0315158
-814.1824,318.96918,163.10896,77.773056,39.457035,33.971825,23.268913,21.142431,19.733948,13.706623,13.878204,5.4304347,6.004174,3.9395504,1.3211709,3.8890193,1.9465544,0.99361414,0.9846601,0.6769755
-720.1017,219.23782,134.39038,64.26656,50.48967,45.293392,24.501379,12.791824,8.237829,9.396117,9.381612,27.213993,11.4365,8.049489,2.3943172,5.0481954,3.044237,5.444018,7.5319366,1.683931
-833.24554,332.15485,160.27675,114.07136,52.719982,37.984802,20.666273,9.615177,15.72801,11.512868,10.281323,10.9922695,4.623877,5.0546365,2.1582983,2.0807936,1.5385306,1.522791,1.1046059,1.1443975
-637.9615,229.61111,108.24227,70.95309,63.50849,26.21986,25.798342,16.595884,15.3028755,7.192081,4.1164584,3.9955485,8.502309,4.1303973,4.5326943,4.0266323,0.73620147,1.1681305,4.034123,1.3572875
-748.4668,233.18071,133.10782,56.581703,26.404758,35.41928,84.923164,21.389715,16.597187,10.3110895,9.813812,9.239784,1.5378282,1.0478988,1.0450021,0.9342564,0.27158198,0.039507758,0.00017481504,0.00011130829
-799.98627,288.22467,114.00109,64.8856,60.62885,30.397577,31.04694,19.594793,17.57396,10.717068,10.6773815,6.20562,7.529765,9.952377,10.016583,4.3405485,4.452135,3.655613,7.24601,28.499933
-793.2651,294.0878,115.996994,80.379074,91.39867,32.349686,24.971918,22.2137,19.275087,8.890323,6.8560696,6.1848955,4.821481,3.5782006,3.1529012,1.791944,7.8889394,1.9223157,1.082857,0.8520356
-798.9731,245.16705,127.348564,134.5141,57.994534,31.23528,25.939178,23.207018,11.463164,16.292582,8.4003725,26.907743,10.639899,3.9109256,2.307986,7.2199826,3.2221327,1.796559,4.0903387,3.4449031
-737.312,200.44208,128.39389,55.020313,38.748493,32.31788,23.561117,19.014149,82.90071,23.158567,15.586989,21.374262,15.229758,12.142385,9.515494,6.380894,7.1795487,4.6801624,3.1071393,3.727087
-583.046,135.64983,102.08464,69.570984,97.906944,18.79958,18.428333,24.4305,27.805553,7.7238383,10.132202,1.9289925,2.3424692,0.41945073,0.39106962,0.053313997,0.19317201,0.018363778,0.0054387283,0.0023335367
-962.0892,283.8958,165.77992,171.49684,90.519,55.268703,15.987781,16.99564,14.118784,21.777508,12.107638,6.2603927,10.730116,4.4645386,9.636601,3.9849644,4.0777407,1.362773,1.4356835,1.3467185
-814.38324,354.52032,152.62482,78.49184,37.06321,25.989769,22.093195,16.440647,11.073747,15.896482,9.46692,4.774856,2.8349962,1.8601179,8.260489,33.948578,2.2683034,2.6078024,2.3383849,1.4103185
-648.3006,164.21461,139.01595,32.457718,26.49792,21.555,15.79894,11.369823,6.575809,12.396273,5.013181,6.462516,4.071124,4.00279,9.223158,6.1624384,5.909718,3.0401807,2.0362656,1.9394016
-999.76385,369.13483,208.75032,160.56462,63.113132,42.293427,34.891422,20.036636,21.444754,9.162059,6.5610485,4.387798,4.153726,3.370349,2.2901587,1.0115379,1.3312858,1.0156034,0.5201318,0.2460091
-790.34125,292.00284,112.80546,77.76712,67.37038,28.40615,23.599558,13.631439,12.891666,10.96962,8.79741,3.325841,1.2307413,0.8339969,0.660752,0.34374374,0.0038807888,0.0026611453,0.0020353126,0.0012547409
-720.936,208.75092,117.96905,85.34074,89.08875,38.321384,36.014835,25.194414,22.823248,12.36886,6.1532936,3.63655,4.681218,2.883904,1.2985247,1.0993956,1.5754137,3.5354297,1.0474453,0.5277557
-814.2244,389.2586,137.86888,60.296856,38.378685,46.40191,14.583579,10.154747,10.722137,6.1152973,4.8509893,5.515479,6.9565015,4.4570403,7.371556,9.518348,1.572179,0.592119,0.43445686,0.12972146
-966.78815,449.39444,112.4236,113.7071,56.234013,41.646885,35.65019,21.090517,13.050724,10.562673,7.5842175,6.3253355,4.9081326,4.045985,0.67780346,0.14767858,0.3172109,0.692616,0.021360587,2.2937303
-987.7014,390.60632,145.08228,99.89665,83.29456,40.0942,32.587948,22.62279,16.871244,14.860995,17.454466,19.751936,10.508144,9.342369,4.9282446,8.406474,4.910593,4.871989,4.0967216,1.2242362
-1009.3369,348.45877,192.34634,110.00428,54.115814,59.72217,24.729168,24.91779,22.762104,25.084234,7.4607897,11.216593,12.301853,2.895259,8.887228,1.1787531,0.33512238,0.30886564,0.1650735,0.032516617
-755.8254,253.33412,105.64956,86.48508,63.84696,41.85786,24.486036,12.573622,8.390978,7.087394,5.0989494,6.436073,2.713936,1.3044121,1.0932189,3.540559,3.1254158,2.1748717,0.599888,0.16013213
-549.29156,149.10497,77.12655,65.99682,45.826504,49.28573,18.831247,22.313635,10.95014,12.184935,7.633064,4.9331093,4.801652,6.766401,3.052878,3.2373304,2.1681643,1.1271613,1.1785609,8.188697
-652.7195,183.00972,145.98332,105.41006,49.092003,38.481815,31.48414,17.148468,8.754301,7.8682194,5.6363645,9.469514,6.7943506,2.988259,1.198825,0.8089995,0.08106934,3.0884259,2.5819242,2.1442575
-738.13574,220.23637,146.57562,76.9245,61.065662,26.323772,17.25614,12.443893,13.75053,13.998023,5.9179583,5.7764587,8.023023,6.8608875,7.8218627,2.632819,1.473412,3.8214679,4.208654,0.6874112
-694.9408,208.46732,109.466415,82.10686,59.341297,27.689068,38.098816,13.212565,11.058816,8.772774,5.239335,5.1493683,8.1182785,4.7488155,8.620107,29.076027,9.281924,9.892809,9.259505,1.2958937
-961.97595,358.74008,164.7329,127.14221,66.81098,51.155643,34.75145,20.646772,35.3528,21.936031,12.992311,6.624131,4.3638883,9.113509,4.0656114,1.9742963,1.1718931,3.9470413,4.181515,1.2919202
-612.3324,182.39635,116.556526,78.38814,43.889072,31.949045,23.216421,15.006069,17.756977,8.216568,8.144222,8.276858,5.3629503,7.399111,5.177144,3.2672713,1.4080691,1.4020503,2.1955993,4.3355803
-756.4153,237.46938,186.26755,95.36799,44.702564,37.73435,27.778383,22.983734,14.309932,9.371683,11.6731205,6.9290767,7.060194,4.6003156,3.208772,2.24904,1.4495872,1.0781595,1.303821,8.073615
-822.01184,272.2592,153.85158,100.48703,79.03617,28.900755,20.332355,17.494751,10.687408,9.069597,7.319288,5.101146,0.69948363,0.0,2.3216991,1.8386728,0.0,2.2861223,0.8812583,0.5043785
-666.3975,236.53648,101.72415,69.88075,66.89951,41.060093,23.515388,16.65763,11.182235,5.8461146,6.515755,4.2706013,5.251004,5.7857976,1.3058969,1.4952592,3.9582968,3.610173,1.3935798,0.58691496
-573.8814,181.79405,101.76165,63.41458,49.17723,29.211864,22.853447,14.599862,9.074642,6.563488,7.6696644,4.6202416,6.6791015,4.0162697,5.6890926,1.7164787,1.0148162,4.050165,0.89988273,3.7588637
-833.72943,305.00107,167.94989,83.18339,66.056274,45.77743,23.218115,13.64436,13.608054,9.212386,12.440324,5.7808323,2.7796142,10.576745,4.2209506,6.0352244,3.8523393,1.7880344,0.895859,0.98179984
-1034.8678,425.94257,186.92018,98.256485,64.83885,58.758785,34.10762,22.6863,18.116781,9.988239,5.756118,7.229332,4.337377,3.630082,2.797372,1.5484803,1.6357791,1.1202182,1.0036647,0.99836266
-753.27905,223.24446,112.227615,107.43199,80.05784,60.54734,33.12929,18.825739,24.635693,10.400024,10.987854,6.566784,2.288634,2.2285454,4.0328465,3.383996,5.664506,1.8905797,0.47005373,0.33661732
-707.88007,227.24963,146.91237,82.78651,55.067772,50.265858,30.6618,12.979471,17.899008,17.89087,7.0840554,5.1160016,2.7162774,3.6001804,1.852048,0.97783464,4.3244224,3.4147882,4.397001,3.2600574
-630.55005,142.21478,121.27663,72.65105,40.09124,33.783085,22.14745,26.384102,14.161693,10.730072,6.6732273,8.223331,8.541565,10.6037445,5.499756,4.6330194,4.443362,4.4793158,1.9374967,1.3581284
-825.255,331.6409,124.27835,104.991104,61.322735,38.778675,24.314165,12.320166,10.03394,6.3575664,2.527391,3.0160089,1.6113403,1.996734,1.7023777,3.3371353,1.1364073,1.0565007,1.0140051,1.3607382
-754.05554,218.6322,122.85418,104.94592,55.27102,52.97719,28.719528,20.646618,13.603553,12.584739,10.095885,22.354607,8.170759,5.976651,9.626546,3.9236102,9.963202,10.382365,1.6978617,2.149014
-752.3975,249.81102,144.75551,122.482056,34.2752,25.451927,23.070072,5.2466106,13.414025,7.225962,9.39844,8.979247,5.5611744,11.835378,2.3140957,2.0112624,1.6604283,2.0144787,1.0244758,10.529202
-623.31165,259.34265,109.726494,82.74627,37.980167,18.210299,8.419639,9.283388,14.614007,10.405204,9.153246,4.3058424,8.779946,3.87243,2.5523782,2.770107,3.3952584,1.8136302,1.0884371,1.0163021
-471.79135,138.86203,73.72732,68.14023,31.408794,16.973715,13.068478,19.495115,5.4882646,6.316842,6.0258803,3.7680678,4.3400154,5.2785125,6.2880783,3.3492196,2.2240105,1.0143157,0.49023575,0.21071213
-638.04395,193.52994,108.59071,79.86778,76.06012,21.671076,20.315226,11.72258,9.050633,10.20237,10.327265,5.801475,5.30374,10.746918,16.87262,3.5704138,3.982388,0.74497473,0.42896593,0.29493707
-742.5051,190.01482,144.24603,90.95182,49.681545,45.67729,27.845999,23.059618,18.409508,18.363255,16.625816,18.546602,16.440926,9.701922,3.156292,5.486312,2.1740475,2.9776332,2.9608452,2.0195467
-840.85803,282.31992,138.26929,99.390144,60.050888,52.150097,28.863935,8.910846,3.0176885,11.314238,8.649543,18.064514,14.838412,20.251518,6.658386,6.6285467,7.4860315,5.6473665,2.1765895,3.4374979
-745.60956,222.84036,79.350494,70.83357,52.431675,45.51438,29.36505,33.67105,47.287315,21.93292,19.811485,18.928732,16.616203,11.480687,11.32173,2.1491063,4.6378007,3.8995547,4.801821,3.458554
-606.5522,207.32826,129.55206,52.500546,35.970024,31.84519,31.312029,14.35153,10.649205,7.686527,6.114832,4.542773,6.337826,1.9558069,2.09554,0.3694511,6.4170876,3.304652,1.1903263,0.98567444
-763.9886,332.93817,90.482475,72.32614,50.23602,45.38803,23.357216,16.916164,11.285339,19.048143,5.0208974,4.4318175,5.122452,5.879716,6.6995587,1.3951987,1.1531096,1.0397005,1.0246998,0.77023935
-892.1434,331.15372,134.49184,55.42547,59.513275,46.312008,27.696795,11.689743,17.236725,14.782874,10.564299,12.34716,3.6875854,19.814293,47.425953,21.673048,15.153532,8.185609,2.856384,5.2053585
-899.9971,336.78702,148.72218,131.73355,52.247665,14.9255905,51.47202,35.406082,12.282419,16.868622,9.885267,7.207266,6.7724357,4.4389668,4.887426,2.0294316,3.3205743,2.0943425,1.0614924,1.0058782
-796.1249,306.88684,139.53497,78.30973,55.012325,52.07315,15.4724655,8.140927,5.4584413,4.463709,2.683647,8.958201,1.4415768,0.97718865,3.3465886,2.8329222,1.278573,8.948497,0.9168098,1.44401
-908.8623,310.79553,173.0314,93.56649,89.82574,45.334465,44.521652,21.40654,20.213182,19.799294,15.236793,6.478055,4.5207806,4.61618,4.291351,3.701318,5.6932263,4.636048,2.1807928,3.9932482
-695.66974,207.27258,126.91495,74.25562,44.148384,30.892471,23.858118,45.196686,24.736862,11.494477,13.08053,6.788683,3.433399,3.9457238,2.9544394,2.8085191,5.066029,1.3044416,4.0177336,1.1619134
-877.233,279.29446,195.6968,110.32995,59.260204,40.200035,41.55547,21.47217,11.805228,13.310082,10.187014,13.4721775,4.636036,4.3018246,4.4093895,9.068057,4.9698634,4.076799,1.310538,1.3385936
-605.04175,219.92441,94.72389,71.14163,51.160416,25.3086,29.993145,16.520096,9.831698,4.922495,6.2649603,4.2107472,3.6144857,5.2410727,1.6458304,1.5081822,1.0088749,2.4133575,1.4220585,3.8775632
-868.38367,340.68317,169.3486,86.64557,74.927475,28.973413,23.357422,14.086477,9.979166,6.9907084,4.9637647,4.4005733,4.8505087,9.66958,2.8344789,5.728851,5.3313713,2.6156492,1.5813,1.4405416
-623.83234,186.26408,88.569145,74.03209,24.828295,39.6482,25.939018,16.769503,14.78886,13.258232,6.69143,4.093774,2.8695447,4.7313538,3.6736171,2.4476795,1.6475055,1.1716378,0.9278329,0.870749
-717.2179,198.05028,155.54759,56.03382,48.969643,61.433067,52.50788,21.310293,14.767231,12.01089,13.628685,8.788619,8.096309,8.168421,6.268437,2.310013,2.336925,1.9372258,1.3792415,0.19311546
-896.60114,352.33023,139.45387,129.23471,43.34424,35.714676,25.654167,23.574587,16.841393,13.015707,7.593709,6.2462273,9.635284,13.431449,6.945392,7.4249024,4.2406974,4.003592,1.2714617,1.0060862
-714.5347,236.33502,123.26281,94.33751,46.365814,30.451721,24.831226,15.8991585,11.2011385,5.2644067,17.529747,11.998808,8.781902,8.262559,6.1376543,6.5653276,2.6234753,0.8693136,2.2691057,8.50662
-645.9423,215.05319,113.51076,66.91738,45.832073,39.80727,20.424822,15.885122,18.03914,17.736685,10.339868,11.225174,11.050266,5.8655634,5.084862,4.551582,1.6579033,3.7831635,3.5845463,4.9606595
-914.3727,272.80637,166.19853,137.8429,72.40258,57.012142,34.966473,19.846601,13.032143,10.332449,10.0539,6.1361156,7.6391745,7.1532917,5.6860456,4.675019,3.9009387,4.817542,4.123881,1.8817649
-805.3808,262.907,121.410126,75.936615,49.17088,45.74905,16.741089,9.101181,7.071768,12.1717205,25.292772,6.3663325,4.6282797,1.2420505,0.9643002,0.9163606,0.8884281,3.9986694,6.3666043,3.2916868
-738.5073,266.00058,155.44594,83.86079,52.4604,36.12906,22.833227,15.211122,9.672054,7.116947,8.640625,8.741734,10.400447,5.944415,4.223029,3.9606607,2.992174,1.2908783,3.0057971,2.510021
-901.0328,345.5124,161.45805,97.1036,60.26605,46.352753,32.962505,26.688253,10.877256,10.495907,6.244593,6.101016,3.9620295,10.4322605,1.7234132,1.6750227,1.436439,1.3672683,1.2583256,0.68346566
-825.2294,241.37897,165.50662,111.86372,88.980545,27.418488,43.044018,15.305971,25.514456,5.7916327,3.980702,3.380744,1.7172775,0.90990937,0.6740314,0.6080607,0.42653343,0.087800145,0.050662585,0.03979582
-414.48108,132.80684,74.41612,54.866364,17.470089,21.174002,15.294851,12.255113,5.0492887,5.2277117,5.584714,4.273865,3.280541,1.9061342,1.0604286,0.6984059,0.30882508,0.2009513,0.09292109,0.05493543
-643.3845,192.73326,84.697655,76.320526,80.29549,32.875706,20.9147,18.682823,16.780819,7.363024,9.205389,16.608553,14.427523,6.3406477,10.382923,5.616359,4.954069,4.1422687,1.8589386,2.0585744
-797.1093,252.88248,162.95143,95.666046,73.817314,41.56783,39.425087,34.898098,25.114359,19.416794,4.964224,3.5453892,4.4875035,9.419642,1.8073103,1.1014454,0.26306948,0.09507053,0.06875627,0.06840671
-760.6254,285.2011,140.22467,70.93405,63.029488,36.500732,22.103033,17.535631,13.257083,9.172373,6.6946554,6.3662157,4.7729416,1.9281462,4.4432726,1.6899114,1.5605816,1.026565,4.0614233,1.5803906
-731.1028,282.04993,143.12552,64.09757,65.8821,32.831867,17.899235,18.970453,12.117904,8.911393,5.5628324,6.4191437,5.6151896,3.4528246,1.3087064,0.75575,0.34425652,0.120949924,0.76035017,4.222476
-775.1304,214.52539,144.86049,111.39706,86.854126,48.930992,29.067831,27.369009,17.894066,13.999769,4.950711,3.5144672,5.7393236,4.7951317,10.969392,4.6792326,1.337482,2.0425477,9.000156,1.2679263
-642.4794,220.52682,119.14181,66.240074,57.719154,40.783466,27.959976,18.842009,20.660082,10.815769,7.3607388,4.2831283,3.1594946,3.2220342,1.5928918,0.5511181,0.94697446,0.8599284,0.577994,6.583205
-915.06946,315.5222,181.75052,108.891205,69.13036,55.79491,40.20953,15.947089,15.719632,8.174331,8.147596,4.973051,4.0751057,13.496652,3.1963735,2.840589,4.1065116,23.838581,1.6720682,0.55510247
-797.9173,313.9182,174.77808,79.62983,58.201794,36.986546,17.157711,13.817092,15.939703,9.24645,8.823156,7.16667,4.902663,4.8899035,1.9710487,3.2623794,1.0774475,0.877068,0.66026103,0.5981124
-971.282,315.36362,174.69518,95.702,102.14438,92.93793,28.272533,19.603878,15.822125,20.428593,12.163204,10.17433,9.346558,9.082169,4.225229,4.5033545,2.0770447,1.0458506,4.7495217,0.7554461
-785.14166,259.34174,102.68198,75.83402,41.842476,33.3574,24.612839,29.125723,23.752441,19.352861,21.157345,6.7013884,5.7957816,80.027794,4.3753757,4.9268603,3.6437185,1.2608501,1.1307867,1.1607776
-639.0706,178.2698,105.769745,71.99838,45.376507,40.761574,28.396776,27.618162,10.047292,12.732716,10.850677,5.27491,9.295851,14.882617,13.626702,3.6765606,4.5119963,9.787594,2.3358028,2.2362976
-884.76324,342.60147,183.35689,101.494484,75.911674,39.8175,28.488647,14.162846,9.614147,11.1002245,8.091656,5.1956725,4.4927464,4.6078897,2.0327418,0.77534294,3.3535492,2.2897394,0.6039079,0.4051028
-645.63153,173.83922,108.07739,106.78342,66.38342,31.168474,21.916307,12.978503,17.202381,14.781855,8.343891,17.16101,6.5814896,5.1691546,3.4862702,3.2143326,1.8316591,7.1377587,4.040711,3.10885
-599.911,200.28412,130.28928,78.044975,41.387726,27.10983,18.080349,13.403565,12.118518,9.038991,5.44078,5.605244,5.1261506,3.9256437,3.1532586,2.3868775,4.416894,1.8089232,1.0990306,1.1580719
-420.65686,129.5134,78.57686,45.687466,47.210285,24.96613,17.354755,10.672872,7.644222,5.69382,4.591301,4.2235355,4.2425227,1.4935081,0.7966913,0.64102256,0.63228524,0.4240597,0.35331067,0.27019346
-564.58856,178.33514,85.42176,69.75213,32.34489,29.599962,27.430664,7.8084764,9.004984,6.8687663,5.019788,7.4898915,9.193867,5.0171266,2.5371287,6.4567785,4.244066,3.406311,24.957554,2.5972395
-919.9225,374.15646,177.84221,57.83764,41.407322,43.505276,40.04173,29.254833,38.43833,17.259747,11.118701,10.063728,10.413702,4.5660567,4.934627,5.367209,3.5824523,3.866421,4.6436663,2.1394289
-1078.8976,363.83334,129.20354,107.893585,74.91275,49.89199,31.81066,35.42587,37.0099,28.741459,13.028378,17.43747,7.7400613,3.7607887,3.95591,3.478743,3.6857834,17.835257,6.1382966,22.170034
-633.11365,212.71756,141.2819,73.56958,38.778965,11.661459,26.736977,35.35046,16.460419,9.008748,4.228453,3.292754,2.5107467,2.156075,2.0680192,2.8524995,2.0578315,1.088623,1.3940016,0.71831393
-633.4068,313.5708,67.70244,41.78181,49.934875,25.931496,13.569964,12.991946,7.520494,5.869365,6.274135,12.478638,6.138242,5.105706,4.3015504,2.060329,7.0900955,5.5759616,1.6020671,4.101923
-573.3353,162.84714,90.971,65.90942,47.848373,40.790318,21.168415,18.620575,19.691736,12.284718,9.054807,10.241826,5.0111575,5.3243923,4.4007998,4.48596,5.2419767,8.600683,3.313742,2.307508
-966.81366,397.49957,153.33545,106.26411,61.019375,43.920155,31.602869,44.690598,28.40114,12.757863,7.3049793,6.222695,5.3567724,5.184108,3.3999045,4.1426706,4.702664,3.9962332,4.7851696,2.754476
-797.91455,286.04602,114.192116,91.45848,57.946262,29.670668,13.988678,43.56256,2.520061,19.44257,13.109759,11.963648,7.06521,7.408934,6.004283,3.619595,7.263977,10.502289,7.4126096,4.4179606
-920.71814,333.0695,176.32532,88.82458,68.61698,53.55161,26.639093,21.087048,12.028799,10.021286,9.585515,9.149078,10.930461,4.307595,8.559775,9.303925,6.1180916,4.934076,8.125422,3.1811109
-555.57587,155.87889,111.37224,85.28749,41.5518,21.3214,15.886757,6.99089,9.397627,22.547602,6.736241,4.720699,6.1942596,4.0657053,4.495095,3.0640342,1.8372223,4.3911505,1.3824807,0.4181201
-804.35754,251.37619,163.91342,104.45962,52.34257,47.293774,23.253048,15.2273445,18.342953,8.15139,3.4105272,4.313615,4.216829,2.9808884,3.985814,1.7415339,2.0698268,6.847065,4.1854734,0.83814806
-797.50287,216.8211,192.91386,88.54882,39.742672,20.77751,24.99039,22.898478,8.810288,10.871293,6.2664065,5.194602,5.599826,3.9838355,3.004853,4.358189,16.041073,3.2299232,1.3761499,1.872987
-602.83624,190.10355,159.44427,69.87047,42.837345,15.346939,16.074543,12.228614,11.759722,11.672295,8.160978,2.3993785,1.405337,1.9626124,2.6017077,3.557879,0.7005062,0.86002904,0.43847787,1.1308957
-849.85895,458.3188,123.445206,75.690796,39.93482,32.98381,14.33487,15.040413,11.782871,10.52551,7.549794,4.016675,4.5010047,2.1013138,3.9880872,1.9690914,2.0328472,1.3679246,1.1136516,0.9905611
-733.6419,243.03185,149.86403,95.19036,59.32275,38.51863,32.305843,13.300816,9.412664,6.859282,7.125856,8.760644,2.6184258,5.406332,2.4856713,8.660258,8.845976,4.1402636,3.7662306,4.680091
-971.8226,432.69638,155.70702,111.42639,77.31956,53.79202,29.11331,15.300791,14.433465,14.441979,9.064577,6.6407595,4.186308,3.7630649,4.2694845,3.8643525,2.109573,2.0977373,4.173794,2.1969092
-644.0661,216.88843,94.09407,82.90938,45.419903,42.691067,31.21175,15.489374,9.213819,8.679931,15.777566,8.490543,4.0323405,5.4868183,4.3325887,4.3243656,4.1786747,3.991488,1.6922991,1.4721044
-748.1228,310.8748,109.803474,91.69002,43.89788,28.245127,20.349918,22.454365,14.075352,10.675303,5.168452,3.3662114,24.950655,4.981494,9.102455,4.430199,4.3133082,4.272951,3.76522,1.229788
-748.1783,216.58357,118.16813,100.53445,61.732784,43.61971,54.41295,25.257786,27.061855,9.958158,19.204018,7.4077563,6.0906043,5.3075514,5.739415,5.6654534,2.9918528,2.0211997,0.98631465,1.39049
-612.58765,138.22517,78.979744,88.982254,52.45431,61.575752,34.278324,16.743254,12.193034,9.698709,7.315455,10.064519,10.71335,7.27575,8.743898,10.045336,8.969328,12.04547,7.6912255,1.6493411
-723.1297,275.67935,112.42031,77.248405,56.333324,24.607359,26.82455,19.512562,22.422749,21.516499,14.855911,9.975475,6.408987,5.301828,5.451559,5.4680047,4.5226016,1.7229668,1.6406293,1.4674454
-872.3646,363.51544,153.67241,72.11838,68.960045,39.40804,20.771906,20.309593,20.888445,21.182655,9.7004,11.122029,9.381091,7.669873,4.988249,4.517325,2.090987,1.3538916,1.1205153,1.0581847
-757.59735,291.21594,114.5826,77.84909,53.611336,40.544228,33.440117,25.004694,21.052498,16.442839,12.548444,9.553053,6.630237,4.121627,5.01894,5.0986195,4.5212426,2.9431672,1.1161282,0.87693685
-702.92487,330.06116,129.06657,63.541615,35.360783,22.919592,18.150711,9.947064,7.3823633,5.763067,20.41147,5.973673,5.09333,3.1819904,2.3591874,1.485908,1.4756037,0.540715,0.8488938,1.5312611
-552.70337,225.79723,79.22465,58.297096,49.86922,22.635824,18.762808,10.635664,13.899115,9.041822,5.3194847,5.288161,5.2235823,8.264927,4.913544,2.602159,2.1438792,1.3792754,2.9308379,0.9618292
-699.60364,224.03062,155.72307,56.776096,43.45077,39.705067,31.293926,30.67458,15.63028,11.087633,11.942015,8.520019,3.4845736,4.0068603,3.4508774,2.6439621,1.0970696,0.51120913,3.9307778,2.0947406
-950.2301,322.0223,170.92767,111.030464,105.61076,41.244995,31.404015,20.277182,13.393875,9.221896,11.644524,19.476467,13.41333,5.0115333,4.9552956,6.4930654,5.0564632,3.6537068,3.2413237,4.707516
-728.3775,221.8163,133.13724,78.40131,57.948692,31.283016,33.31145,23.834583,10.612468,15.535169,20.219095,17.224648,15.617453,12.603439,7.564041,3.703085,4.299518,2.0225198,5.0273504,1.8774724
-537.14966,139.79626,94.03628,62.703598,46.161777,22.146492,27.633999,14.436436,23.785597,9.565826,14.304028,10.40312,4.7434373,6.3463626,2.710694,3.2564566,5.8437757,5.2518682,3.862973,4.227449
-848.30054,235.98813,155.91362,143.17076,65.43227,43.46027,46.141376,30.442993,12.740987,12.312344,8.790086,6.7644043,6.5673747,6.7182646,6.0396886,4.060729,3.874602,3.1709468,2.5712693,4.1019435
-785.4494,359.458,153.15848,79.9008,56.20989,35.789803,18.219847,18.596392,6.8968716,10.151029,5.8605237,3.0005922,2.8259802,3.1596694,1.6001773,0.84813124,1.1073275,9.395133,1.2095863,0.26326743
-705.00507,232.95505,101.57733,61.535133,82.210655,39.36426,23.740534,12.406274,22.247234,13.456771,17.019089,9.290359,7.8094707,4.2037306,4.363403,8.638577,6.355522,7.1785603,1.1673803,1.7486471
-792.1177,280.1157,131.85143,74.047,39.630383,79.78964,44.092545,17.817719,16.443617,12.563506,11.616638,10.877771,4.581322,3.7433054,5.0314913,2.1135306,2.624374,2.199494,0.97900873,1.6874812
-795.2026,287.20074,113.7283,118.383804,55.238934,20.53555,20.827684,32.377502,16.074553,13.877168,12.059991,8.2116375,7.097485,5.4000835,4.6159697,5.1832075,3.4732265,5.432378,7.1999197,4.173272
-859.8913,326.53976,176.53674,91.0275,43.5701,28.340868,29.136114,19.575758,17.511543,16.512825,10.0549,11.336124,6.461375,3.9716358,3.812891,2.2654276,1.1880008,0.7176694,0.6666313,0.4238688
-895.077,320.83466,195.01227,96.6265,79.33561,27.223478,31.445673,20.293736,14.632967,16.529545,19.03422,13.81096,11.680198,3.8086674,4.007785,4.86246,2.5384786,3.7960894,2.3202415,0.73618925
-946.0021,334.9024,242.61635,115.02389,74.92243,50.61448,26.773947,11.545201,8.255512,12.609177,4.141888,4.0453024,4.778888,2.2827117,1.2999501,1.4396262,2.1861641,3.9380662,0.83898604,1.0471225
-920.1398,298.761,206.27385,118.07674,54.153618,45.456352,26.67695,19.202377,17.369015,19.66044,11.815083,7.2339025,8.896498,4.031265,1.9547958,1.3509028,1.329646,2.9680405,1.5742614,0.8683015
-791.66315,281.95197,163.13734,110.65197,70.914894,20.478493,25.694977,19.41653,10.463504,9.596372,6.0016193,6.6814127,8.761746,8.460063,2.7988114,2.9550378,2.3033051,8.693577,2.0091414,3.2058241
-551.70953,156.44783,136.3939,65.714485,39.602867,32.83444,17.46566,13.990737,11.585203,8.04302,8.054382,6.155213,4.72746,5.973267,2.2995193,2.4383976,1.4286124,3.4653418,2.087283,0.7779794
-906.10425,284.24225,188.91386,120.960396,58.41629,45.910973,43.502365,37.601715,17.447212,10.306382,8.290578,8.913777,11.328856,5.8336215,5.976003,5.5538287,4.3741703,3.9057395,1.700864,3.7184317
-925.17126,347.80344,167.70744,87.670204,93.04042,50.580456,41.62849,33.726578,17.032717,9.202342,12.163781,8.118322,7.5175505,4.253803,2.7602687,3.6323981,3.9061124,5.622512,1.4114555,1.2575233
-775.4905,300.91754,133.85608,69.08511,63.845623,30.03627,21.353369,17.693962,24.612705,14.776328,7.702737,6.2399135,10.882193,4.247699,3.8568192,3.6074698,1.5333536,8.28377,9.597726,4.030285
-740.5937,229.28566,174.73277,85.14653,56.806725,40.657043,12.555257,18.841911,12.548414,23.40915,13.216097,6.0950546,4.801689,3.9665,2.64312,1.7390094,2.3900273,4.7859607,1.7512861,0.8738194
-754.3642,253.38667,170.27629,88.72575,56.651398,27.905825,18.729168,26.371178,18.628983,18.719858,14.534395,6.6414485,4.3466296,4.4227486,1.8417236,3.371812,3.001024,2.8871732,2.0862057,1.3909758
-692.3171,179.16689,100.58077,97.49869,28.47283,91.25701,42.17316,17.951265,10.564782,16.346392,6.7516375,4.531563,6.721562,9.190967,9.308575,5.3455634,7.231375,5.1371946,1.5430065,1.4578032
-798.7911,255.63875,115.465195,77.69902,68.54751,48.53648,24.819662,24.069777,20.652075,14.10947,13.408911,7.453923,6.8439717,5.346149,4.9269037,4.3941326,4.902646,4.5941224,1.4868714,1.1920558
-691.4001,222.43149,106.99359,60.987934,29.375969,33.631367,30.4447,14.55799,10.327052,8.030676,5.4212904,3.8556764,8.732601,4.648653,1.5670607,1.1006994,0.8317956,0.78946495,4.1221557,0.37643474
-1075.0839,465.7721,148.59525,96.7555,134.24847,63.564568,31.571163,6.080759,13.072915,12.403495,6.620133,11.669402,5.581129,8.558315,9.561026,8.850602,6.1148767,3.1038103,3.4575274,3.1293802
-782.80316,301.67456,133.59454,88.223434,41.814667,49.53739,18.893555,27.568958,19.90074,10.342489,5.348404,6.4713883,4.900863,5.213574,1.8800486,3.1154509,1.5258698,0.9499357,1.024138,3.2122147
-731.51807,226.9816,150.91786,85.09672,60.50883,38.46466,38.641254,17.65079,10.461673,27.062103,12.391631,6.240591,2.2287762,4.974233,4.9137807,5.0584235,4.7710524,4.3940063,1.0244122,1.2194803
-726.7304,220.5019,104.77444,75.74942,54.92059,25.285986,58.296364,35.34844,22.152706,14.823896,15.16042,10.558857,5.4968123,4.6005077,2.8871794,4.2040095,1.7688854,1.0469617,0.35451823,0.94103485
-777.3519,273.6347,158.24786,111.54679,47.513546,41.13499,21.441399,27.336786,13.894999,13.595504,7.4155807,5.0857887,6.171318,5.2255793,4.0727735,2.459899,3.0274312,2.4770074,1.5876878,1.2381263
-555.1093,186.8419,80.800705,63.38088,39.283127,45.27551,19.067535,11.687352,10.585204,5.7233806,9.701758,10.953757,4.5049143,4.5808764,3.7382488,4.074963,2.5406096,2.2081192,8.90375,6.861412
-727.38544,301.04092,96.937904,115.17954,66.793304,33.200455,18.985504,20.585138,6.3005824,8.077373,7.421916,2.4377754,1.8437401,2.0956726,1.1755106,3.415141,1.633966,3.6113522,1.6050059,4.461985
-1019.2908,395.0819,162.56653,118.744446,84.21967,53.01286,22.329056,10.615346,10.488517,15.433107,9.057589,7.398933,6.8402877,4.986405,3.080883,4.273887,3.687922,8.912959,4.098398,1.4207864
-811.00616,223.69385,152.65948,100.036026,82.22279,43.878017,32.966763,33.04647,38.50101,14.944272,14.937656,12.2358885,5.656089,7.2730517,6.9054165,5.6733303,4.4742103,2.104321,3.5077868,2.25307
-934.3526,258.88077,258.90717,111.36828,60.19915,50.880936,27.687845,18.443352,12.033042,14.212004,14.264066,8.652576,6.4075956,3.8153088,1.9560447,1.1031742,1.5970036,1.0369554,0.42041436,1.006649
-796.5887,312.79178,101.5423,96.01993,62.5577,43.44645,28.443083,25.071125,18.090572,13.102204,18.467823,6.3730717,9.803836,6.1187096,4.5734115,3.7004044,6.0908237,6.93889,5.499067,2.051136
-902.0335,325.6171,178.89952,102.83592,54.54177,52.94639,45.67272,21.588915,20.728458,12.051565,10.11552,8.391576,5.837034,5.147001,6.608527,3.8658817,3.5659668,4.7941103,4.182636,2.976387
-908.7009,316.22092,161.45369,124.97287,92.69294,35.756744,24.386482,21.147284,19.958244,21.481651,12.73184,9.497836,7.0092025,5.5847597,4.328331,2.952272,2.57705,8.588363,3.6324944,5.1625376
-779.6561,256.08508,153.29675,121.247505,42.34921,30.411522,20.652124,16.53155,12.891335,8.805464,7.5915513,6.3865104,3.405421,7.8924303,5.6673717,6.0413804,1.1046234,1.9927435,2.4370866,1.1983123
-854.6913,264.52692,142.43594,63.923183,50.34251,34.143105,24.484732,19.848637,98.13284,14.070641,19.387892,20.445826,11.099392,32.518307,10.232048,6.022296,2.5977309,3.1515863,1.6973547,1.4681484
-666.7421,239.11693,113.50401,62.305447,45.71158,46.69033,24.4809,20.975029,20.508156,13.619985,7.4723315,10.276516,5.7570305,4.244978,7.0338454,4.3930945,2.5152853,4.7781844,3.6263497,3.4017413
-914.28284,298.30405,171.51674,111.446075,91.574295,68.27123,23.74569,17.308031,11.023044,17.062752,14.901268,13.116844,11.258168,10.066411,4.711319,4.4441257,2.62052,8.757112,4.309644,2.140075
-827.19977,361.2371,96.91712,93.288185,33.985744,34.282272,12.089797,11.893018,12.63297,9.812545,11.097341,8.759024,5.7150135,5.3184547,3.2657645,5.977896,5.3364124,35.955265,0.77367485,0.7604115
-1179.2838,420.60297,228.2117,124.69515,69.9941,67.89164,66.85545,47.49509,30.280975,17.267042,10.52033,11.476308,11.180255,6.873195,6.052461,9.369101,3.6173344,3.7756882,3.7028494,1.9798579
-668.4836,229.12317,103.90363,66.13425,30.197813,50.695812,35.14788,21.681978,16.66687,11.07544,9.150934,5.1035895,1.6760947,9.014495,9.766658,4.5492773,4.067012,1.8940897,2.2116418,3.4509063
-630.6051,202.94887,106.62397,72.471855,57.17844,25.531778,16.473541,28.703018,17.156551,14.942131,10.675866,5.877938,4.7503543,3.8688104,4.821421,4.743175,5.6672225,2.1923862,2.7999606,2.220633
-878.31085,228.35463,190.7891,165.40877,64.87047,50.785522,33.16235,25.718384,23.205828,10.647872,9.634234,7.99447,6.3859777,5.075681,5.3429813,1.9823357,2.2053742,7.177208,4.192974,3.8003943
-981.917,345.90405,179.98607,76.988,85.97319,44.86469,31.651878,17.62764,13.791993,17.89606,17.013145,10.524008,12.107756,48.503143,6.700693,4.942448,3.1926522,1.6758282,2.03403,1.1869125
-788.67316,237.15588,142.23077,124.34298,62.24827,26.76794,22.544184,18.117292,13.057071,18.933334,5.5827584,6.6828837,3.7529788,2.8895495,1.9813521,3.225937,3.9879603,3.6948397,8.608313,0.8014235
-862.6747,210.36496,124.32374,135.00426,87.34165,24.255106,40.124954,46.167862,9.172691,7.572913,10.364966,10.014056,9.347964,9.911707,9.611053,4.356118,6.4450064,3.519849,1.9762063,1.086887
-663.5086,291.34863,111.20402,77.40022,39.538296,18.442396,16.313591,14.690996,10.570823,9.085166,5.100599,6.6165657,4.832173,4.886697,3.8177378,3.1156607,2.2406769,2.8770757,1.5620484,1.8024489
-724.46814,216.79036,164.04443,103.038,52.33794,30.114418,34.323578,20.988047,19.274282,12.341726,10.950956,9.644674,5.7754216,5.205823,3.4851506,4.0152826,3.4872603,2.6153178,1.3749375,1.0945623
-836.37244,290.96536,197.82893,71.83563,63.284775,49.221786,19.876898,25.557066,14.914484,13.001976,26.122477,10.957958,10.71883,4.815579,4.382707,3.0665019,4.04211,3.7469797,2.5472124,3.9523072
-654.8032,213.06866,106.59199,89.81945,48.008877,26.41352,21.76539,17.075333,11.856414,8.515791,10.151167,6.413322,7.7752743,5.5754,3.9344778,7.7512712,2.9445539,1.0439984,1.2755064,1.0110855
-780.9196,282.1583,154.19264,63.86896,52.44313,39.27942,35.72209,24.406685,19.457422,14.0820265,14.147049,16.53591,8.427936,6.4711695,4.4935017,4.885295,4.0825715,2.0039468,1.518698,1.1691585
-882.25745,281.348,152.53142,110.21004,77.97099,57.150127,46.233074,18.57889,19.480635,21.976423,8.727735,15.005517,2.6691368,4.428532,13.887209,3.9984305,6.102286,5.3886633,1.3789492,3.377632
-758.79834,210.03214,179.77574,82.725975,43.035046,38.35208,39.12319,20.625553,21.003542,13.7901,7.087721,17.058445,8.6368475,18.048975,10.455399,6.0667233,4.271224,4.044479,2.2643993,1.9288473
-818.7435,251.25775,138.09526,86.36581,46.537235,35.622463,19.782524,28.9786,13.843095,13.717935,17.231804,10.950618,84.79309,7.0559754,9.771264,4.1965275,7.755943,3.0693812,1.9993709,2.809215
-604.2806,198.91103,97.05291,78.10404,50.894905,19.620735,21.758024,15.570648,14.508282,13.32366,13.806017,10.475587,6.3812304,5.664378,7.0075655,4.019675,2.099638,1.616659,1.042657,1.0236412
-575.7628,150.59343,99.66511,63.16537,55.7857,31.589735,25.89137,41.627182,21.062689,12.505113,8.438874,4.4798546,5.9491067,2.924108,2.4656487,8.799402,3.583693,3.1829767,3.2151802,2.2893333
-886.2581,339.07666,173.85751,84.12163,51.002537,41.023834,35.660366,25.812798,14.901996,27.048904,15.08686,6.5238576,4.1725154,9.456495,2.2653341,2.006684,2.7423837,2.799034,1.205921,0.5569822
-619.5261,244.80637,57.583218,59.422905,25.043015,30.301073,30.042068,20.455608,12.8593855,16.885778,8.555211,8.792256,6.972147,6.39691,2.4483957,4.6310844,4.0990367,2.407869,2.0482845,0.53221214
-735.8962,257.737,113.73701,89.35241,91.161255,41.264397,18.201496,19.23127,19.317299,14.754239,14.661547,4.215123,4.3520446,3.092526,7.579483,2.9110131,2.368951,1.802789,1.0737768,4.322927
-835.05835,325.37466,142.86403,91.62675,66.97397,38.016983,31.660625,36.50249,24.966927,12.392057,7.960531,2.024082,3.390221,2.125858,2.7889338,6.1775393,5.05709,2.6427271,1.7824918,1.4110008
-765.29004,268.67758,127.24875,79.41747,52.22598,33.504227,47.975685,20.446495,16.503592,13.14089,11.729628,6.4887753,7.765808,4.9009504,4.7499413,1.8211573,4.8112483,1.1790353,0.99306816,2.2634149
-903.5479,374.73834,170.21936,73.91857,40.416054,28.96629,34.54435,21.141508,16.541445,11.433269,17.54921,10.078684,9.653623,10.220674,10.256,7.0850825,9.592597,5.542719,5.896362,3.9788084
-630.28656,181.18852,118.66617,72.923325,35.968143,31.73507,20.597406,21.789759,28.963057,18.025492,12.7864275,11.376991,9.657145,9.003135,4.5218925,4.7091107,3.903915,2.305366,1.4532026,4.45425
-769.4061,256.36444,144.60452,83.66961,42.4345,41.052113,32.474903,27.102951,18.640442,8.367513,19.285492,8.816664,15.391125,9.970612,9.906966,5.6438017,2.5037923,1.8596338,1.8650411,2.0699527
-830.80865,319.1671,162.21227,99.43668,73.56761,35.96757,31.662643,15.735618,10.441023,10.805654,7.6939516,11.603213,3.8246474,4.046989,2.5474916,4.34949,3.0915787,0.88559717,0.5207187,3.785572
-803.0722,295.53827,126.674034,97.66892,55.504738,24.398254,26.578007,25.337427,12.035396,17.618778,17.904127,24.357584,10.3383465,8.095299,3.517142,3.0297685,4.274703,4.5887837,5.0605006,1.6285038
-612.9028,207.7552,150.29672,54.31462,38.525978,25.722536,19.288174,19.69023,10.679009,7.8992653,5.3418145,9.7995405,4.7691054,2.792849,2.6472752,2.6861217,2.8686662,4.062408,1.714919,1.5195597
-895.0762,412.70236,108.02066,78.33525,45.44109,46.36645,41.896572,22.551992,12.704914,7.7064667,12.657484,7.972788,8.905406,3.7880797,3.623486,1.3408294,3.3509042,1.4705676,3.9060175,4.0264597
-806.38153,278.67056,167.90204,96.92799,50.35184,61.504276,25.944897,34.11266,10.307984,6.3909087,8.244537,6.190506,9.048458,4.219774,2.752687,3.0876293,1.7749465,1.7992868,0.96453035,1.3724891
-684.5392,224.69966,134.38802,112.56699,53.417698,19.457499,18.791452,15.7817745,11.162134,9.8171835,8.828903,5.9838433,5.417456,3.418318,2.1591702,8.314372,1.8522775,1.4996276,1.087964,1.0617623
-840.04364,280.81885,124.43579,86.02035,68.241844,41.16627,64.93009,26.934742,14.267325,11.258496,10.914167,12.238509,6.4563365,8.452657,5.064922,4.4818487,2.610397,2.831646,1.4780899,1.3444475
-746.5249,274.5586,111.12465,68.349945,64.8058,32.242455,23.622696,17.630684,15.130456,14.706129,13.724885,10.476548,7.247736,5.745036,6.222866,6.123768,7.1118855,4.4174013,4.79685,4.211068
-935.0934,268.18463,153.73242,128.66519,95.859825,86.160484,54.440273,28.074947,15.242264,12.364315,11.843311,6.923914,5.1730337,8.078261,10.34383,2.6250408,2.1551244,1.7934047,5.3881826,6.7513533
-817.3664,316.8534,133.32158,78.84369,58.186813,35.03459,25.010733,19.186743,29.712778,16.420229,10.852331,13.1779,10.85134,7.954339,5.41199,4.6209927,4.213297,4.775516,4.2098446,4.4601803
-677.6542,191.9079,145.23013,61.640076,34.47948,42.873314,26.01763,19.328293,15.134766,12.83404,11.149695,4.9454937,4.2833996,2.983542,4.873494,3.6412883,7.314185,3.9417956,2.1136937,3.202089
-849.0538,276.615,134.3712,123.99427,55.215252,41.890114,31.469416,32.308144,24.458462,19.19139,9.868558,9.746532,11.484277,16.209978,9.272335,8.145938,5.865304,5.588965,2.52726,2.2163982
-723.9496,231.22935,146.22084,83.452896,52.996956,14.394149,26.469898,16.1536,6.622447,12.409563,9.420967,5.2196884,6.1909785,3.915872,5.669427,4.764305,3.18015,2.5369158,2.313509,1.5434664
-514.9534,162.24394,56.46146,63.897614,42.48781,31.631313,20.073727,18.520674,9.882514,9.195293,10.415308,9.320584,10.368352,4.057554,2.0758746,2.854117,2.8784132,4.146998,7.522991,6.8917236
-446.91666,118.47297,99.41953,59.177635,29.446726,19.613708,13.219883,10.1918,11.815294,10.825415,11.767122,4.5594244,3.5711408,9.034506,5.989335,3.8129733,5.1387124,2.354637,1.6885585,7.7987223
-772.6544,270.02103,147.50229,84.19857,60.75805,42.774143,25.536226,23.235052,14.79817,10.053042,5.7825675,5.1226606,11.071591,9.32676,6.200934,5.763426,5.978553,4.7062087,1.5439107,4.2646203
-955.77655,400.48154,171.65298,103.38932,49.972725,41.89729,23.497538,16.052368,13.445106,12.710317,14.466873,16.354147,12.347589,9.207452,6.7445498,4.411416,4.078602,2.828718,8.040603,3.7886899
-772.0931,260.96136,176.96527,66.24391,56.340427,38.42426,20.09932,22.368,16.889286,16.792389,14.839727,10.764076,5.7726455,4.4885674,6.149422,4.007437,1.7188329,2.0776403,2.2347856,2.058686
-661.1742,271.5354,72.56384,56.956886,73.41969,60.3447,19.373558,23.075201,15.968903,10.229696,9.123319,7.2782607,4.183582,4.1959844,2.4664288,1.7397414,1.380732,1.5140758,2.4328804,1.0960838
-776.9885,373.7943,101.48247,78.40723,37.12253,46.919083,28.602718,9.615028,11.017145,9.34264,5.025012,6.0467935,7.5290666,5.222301,4.2147217,4.056021,3.6555939,4.233731,1.294152,1.4465489
-720.5942,263.59375,144.59184,65.44074,50.308945,54.38438,11.451776,15.488609,14.098451,7.019377,11.726935,6.1644273,6.246341,4.808357,6.5679994,3.034008,2.550296,2.163749,2.5537095,2.2365363
-761.8485,274.37604,136.70609,67.89097,49.87161,39.63749,27.264153,20.650759,18.020824,12.007885,7.350025,9.758756,9.440724,8.001366,14.545887,11.252162,4.5627813,4.2909555,3.5280008,4.2623053
-779.306,258.69968,121.462,94.534096,73.60638,46.822426,22.598602,25.396578,23.399326,17.006542,14.8111105,5.616783,9.46429,3.832809,3.924964,7.41872,5.6812344,4.0132685,8.491366,4.4888787
-794.32416,339.24512,146.707,83.25806,63.67793,30.210884,26.596191,15.409762,11.109303,7.148287,4.943118,4.818846,7.364541,4.0347147,3.4170282,6.255242,1.7207701,2.6700215,3.639379,1.9467522
-629.85815,216.47137,147.9252,52.632915,38.813976,34.921078,24.35671,23.708132,17.904854,11.88929,8.19865,7.3116097,6.034525,5.832966,4.294554,3.3009405,4.4909883,3.1354775,2.7647893,1.3668873
-760.0319,251.72261,132.54247,98.00541,41.615734,45.95911,19.343296,22.993982,22.310314,9.369002,9.714744,9.068806,5.734857,4.393301,6.379838,5.294601,2.998374,3.898911,3.0392566,2.7249262
-819.27264,258.75977,164.62967,96.43685,87.40283,39.72136,30.47483,15.9172125,13.862001,5.705754,10.553738,5.152539,24.469955,3.0220995,1.8890431,1.7857547,0.85168463,7.6346292,1.9430872,0.6669626
-1048.7811,347.63983,165.05142,81.12003,76.4456,100.90945,50.620785,24.478106,16.775854,8.931443,10.555608,8.094852,7.937885,4.8208766,4.0707445,2.6278822,2.3062828,3.739575,3.8242044,2.4870877
-718.5317,217.74583,128.08311,107.59395,73.22352,32.519707,32.739388,16.554186,8.702841,10.572032,7.261843,6.2269645,5.9239497,5.0804687,15.8856,9.786777,2.2391515,3.65207,2.7524421,2.2366269
-695.4817,157.89166,158.08186,142.87778,62.457333,33.04191,21.83262,21.402668,20.742416,8.247759,7.575776,10.394104,5.2074976,3.4931433,3.3270664,3.6408608,4.133635,4.094782,1.3515798,1.0030098
-719.0302,214.04034,125.318634,87.13189,41.425945,35.480537,43.98801,27.00561,21.428534,12.594678,11.354641,4.7354693,7.5888014,3.8068323,5.227599,4.2993183,2.2452056,4.3460903,2.0852458,2.4948883
-692.4486,221.90768,99.66529,83.4542,46.330063,38.08185,35.093334,23.05058,16.7043,13.314455,11.284814,5.3590508,5.3692174,5.853917,6.6625648,4.563345,6.024723,4.1418858,3.6644094,5.982202
-858.8791,310.03067,150.43947,97.97746,103.56373,49.01712,23.36275,16.680374,4.8866005,5.7261515,4.4250984,3.4285266,4.5169134,4.02513,4.563248,4.735723,1.8846424,1.4055995,0.9230966,23.68034
-887.7177,313.02545,173.47125,111.50957,38.92419,44.165657,27.166122,28.822533,9.7792635,23.600164,11.293956,9.626101,10.417622,5.4578648,4.9023848,4.119745,1.7036227,1.6878796,1.4800695,2.08439
-827.04767,308.5173,132.39673,113.01437,55.697792,35.356037,23.053919,19.314404,15.530906,24.225187,14.852081,7.9513793,10.495003,20.837864,4.8067503,5.581662,4.1158366,2.5158184,2.0711546,1.3082433
-767.39996,205.26283,160.77036,121.17473,61.213703,49.897995,41.89093,10.088382,13.44595,12.328229,10.176712,6.9653287,9.429371,9.501123,5.5943975,5.948394,6.8169284,5.7565455,2.2841036,1.9961897
-708.61084,204.33775,143.16035,84.902985,58.62811,42.953377,16.636465,25.502357,26.41901,10.065016,9.544209,6.0412884,3.8825877,5.1218925,3.6455529,5.0844164,4.5146546,4.7379956,4.0887837,4.795072
-879.10535,265.398,162.17535,79.08147,52.55206,32.742897,29.622524,19.099846,14.534908,98.86927,16.345255,11.587678,9.456515,5.8381786,7.1979837,4.8065085,3.9406228,2.7060037,3.7973835,2.263344
-584.0002,274.41504,76.815765,55.261192,40.461163,23.084217,15.358975,16.56543,9.465218,9.015424,12.167403,4.713757,3.4876347,2.8213809,2.5573452,1.8773888,4.2617164,1.0298907,0.7868341,1.0957495
-703.9571,216.434,120.62838,121.14173,32.771152,32.600838,29.745804,16.91421,14.23472,7.368155,8.586243,5.4066486,7.5880666,8.189542,7.5807405,3.1833868,3.897986,6.26899,5.0471544,1.8988299
-719.2198,247.50768,152.8578,88.98032,40.367065,28.16571,43.68612,13.585853,11.49125,8.165477,5.8471246,9.246878,4.5970097,4.5134254,3.2321522,2.4440258,1.3341808,9.042092,9.163179,3.6266673
-809.5338,274.07953,153.03181,98.40352,51.12086,39.167137,32.523144,15.122802,14.161124,13.241481,9.931141,8.675815,5.8325233,2.4968474,4.171611,5.68551,4.080343,3.3648467,1.4834256,3.807028
-615.2978,171.61969,131.68466,78.45965,47.641018,20.539885,22.628662,7.4257226,17.652138,13.713042,13.291996,6.793176,8.77384,3.3449259,8.491958,4.4959636,7.3717904,6.5762525,3.651891,3.1620677
-768.6214,254.46967,133.88458,79.80742,60.452374,34.461716,37.255585,34.811367,12.176155,10.984488,8.222172,8.736713,9.466245,9.932459,5.5518303,5.5736623,3.2382205,5.0260725,3.6441507,3.39762
-585.51953,168.99738,121.93487,75.22853,47.155716,23.940008,23.206926,15.480855,20.800264,16.93557,11.198039,9.582957,9.747944,6.542779,4.085067,2.3960283,2.3809607,3.6022928,1.2532103,1.2862399
-847.8125,247.96243,187.6991,142.32042,61.053757,53.063976,44.043407,20.910631,6.786417,6.4884877,10.152272,6.872032,2.512471,10.48572,4.7245336,2.10298,1.4573369,9.071953,1.0233636,1.5925803
-794.32263,301.90457,103.03986,99.744225,79.7959,40.52387,20.404394,15.18747,9.65191,7.4336886,4.9363923,4.3334603,5.694604,4.8490796,2.7233639,15.488179,5.402955,5.2133284,3.0067818,3.3923154
-667.9888,176.32536,126.3609,89.43027,43.79033,37.756756,22.739506,11.172961,12.204899,6.231458,6.6902504,35.69815,10.119405,4.8450856,5.5886545,9.1928835,9.254785,3.7651477,4.8812647,3.7763948
-687.0757,274.4945,84.55006,44.903687,22.415277,15.310713,9.15312,8.278808,14.008553,5.5210648,5.3947153,4.522796,7.4545875,4.5450253,4.406128,3.0555382,1.1150286,0.9433681,0.9299377,0.6432349
-703.0976,200.9011,133.0622,96.7394,53.897266,29.059788,15.630324,35.442467,15.339255,13.287145,15.426912,15.764212,8.362252,5.135159,8.144323,7.7161,4.471892,5.7461762,4.3627453,1.7685373
-783.4982,304.55237,122.06354,117.769325,63.61479,32.704727,16.903805,15.498666,14.575858,12.825492,9.082542,5.392553,8.073731,6.1374373,5.234252,4.036234,2.631857,1.1680398,1.3844919,1.1649259
-670.29987,229.95209,113.083015,81.25216,56.13852,27.177004,26.216892,12.426524,6.634675,8.893773,7.532106,9.574535,4.4442406,2.6965492,3.0581067,2.448308,1.2603418,1.0649163,14.958494,3.5691812
-732.98425,245.02046,144.81781,47.760937,57.070057,43.941742,27.184425,19.083942,25.973646,11.70114,7.0149865,4.551697,8.4837,9.626483,4.1573696,8.1154175,9.862058,3.1422849,5.7792277,5.744759
-801.1379,285.4419,201.90863,80.98879,44.97202,20.263987,23.820782,19.006424,14.0235815,10.443881,11.170379,7.2878046,8.163197,7.288849,5.307643,2.6982877,15.244196,7.697287,5.525474,1.773043
-657.6148,195.77153,142.31158,89.849434,48.612026,39.34057,26.738586,14.590819,12.234473,11.940222,5.665086,5.311984,5.5924287,3.3282902,2.7909887,3.6986144,6.3600163,2.7576451,1.0971761,1.2901998
-837.9449,301.46112,124.39951,108.394966,62.405464,60.200268,49.652695,16.34865,9.713125,9.20959,5.708906,4.3177176,3.5774114,2.7421525,5.814018,4.3379717,3.1918452,1.9980859,1.0689985,1.1458763
-851.2366,250.14825,178.22675,91.130844,68.82029,43.542786,31.25526,37.47077,14.926911,12.029363,8.600141,16.901596,10.215343,6.671102,9.443383,6.5000367,4.5082545,3.556962,4.435225,3.9635844
-629.7471,206.25485,150.04721,70.929596,47.792603,38.373062,16.308052,12.200649,11.899706,7.0269046,12.384799,4.945906,4.1007223,3.8868706,2.9655213,4.7154903,4.3712354,4.6598597,1.9465005,2.2687926
-862.0102,257.76984,150.2512,94.37554,74.14728,37.634754,42.524185,27.432775,12.691626,11.656061,11.058579,7.9110184,5.5165935,5.813079,4.0535655,7.997938,4.7444425,4.208872,3.1145942,11.312798
-589.7628,182.57831,93.440346,51.981823,32.430763,33.176865,25.209843,23.161175,15.982826,5.9900303,5.410375,6.186504,5.2352586,6.0885878,2.964435,3.2750049,4.195557,1.922799,1.801216,1.5034295
-887.81824,283.07983,196.22092,106.60709,58.522926,44.88305,36.32213,20.594522,14.7484045,9.053414,11.133239,6.7975826,6.6629357,4.0759754,3.4018803,9.418725,9.110721,4.031398,2.5423646,3.85321
-617.12634,162.01303,117.43925,101.91242,43.635075,32.44336,24.4503,12.392423,11.640988,7.471263,14.206039,6.437781,6.337439,4.9355536,6.146062,2.0537384,1.2062595,0.94551545,4.101004,9.884692
-750.2482,272.66208,157.67435,81.5903,49.45258,32.377625,31.199474,20.06526,19.528708,9.650843,10.489048,6.5163774,5.2605424,4.867704,3.4603977,3.3006403,1.9536905,4.5307655,3.9356909,1.6369269
-659.74286,268.5902,80.872765,71.156105,38.99041,19.165667,29.548952,20.348162,16.857925,15.147376,9.743166,6.644785,5.1547856,7.4534345,2.5214803,3.0080457,3.861542,3.3289518,7.299163,4.9578843
-813.79865,261.91968,137.65288,83.08268,35.15371,31.10384,27.458202,25.006327,21.354816,36.25969,14.079892,5.679679,8.175062,6.1014695,4.646182,10.8746395,1.6768597,1.5657527,2.1183634,1.0677286
-715.5217,191.37367,163.99133,63.153255,45.184788,37.190884,26.678555,14.976215,6.8528075,80.96686,6.0857525,3.8875506,3.0498154,8.746713,1.6933378,4.0957527,3.454258,1.6835513,0.95569164,0.79477596
-729.3988,250.18507,159.71777,88.77143,66.552376,28.038351,26.032246,15.182816,8.824502,8.993064,7.1528606,3.3383353,3.36448,7.2446766,3.868976,1.7533208,3.8169644,2.1329122,1.1329949,1.6737229
-794.39075,337.8104,134.54982,93.23747,42.96384,41.222507,21.60658,23.755096,7.0785255,5.765434,4.779521,4.3022323,9.728,5.416749,5.0551972,4.1061506,3.4547849,3.5620437,7.960887,2.010915
-792.766,204.6801,127.93986,87.82067,33.702248,42.390568,43.193054,19.924212,21.580898,17.160215,12.849352,9.816285,6.937075,5.7202144,9.909991,4.503991,4.5749383,3.6975362,2.0885322,3.3459473
-643.90015,193.69814,110.86617,83.57871,53.138695,59.412098,27.442986,13.724179,12.804167,12.31256,10.405714,6.6006227,10.014142,2.7603414,2.7579372,4.024918,1.3708204,1.2936656,0.80422455,3.8859868
-582.80255,167.32578,100.86255,53.065224,52.26119,28.657715,13.161541,16.117695,18.847176,23.594881,21.935856,9.49972,6.8021564,7.951601,5.3422294,5.307727,4.4199805,3.6152978,3.69937,7.096957
-820.81134,277.48187,156.1468,47.34202,61.747982,20.502037,30.309935,13.678162,9.0866995,10.491721,77.40935,71.72112,6.6696734,4.135419,3.0777323,2.9337268,5.563984,4.9764633,2.0327985,1.0501695
-648.2481,239.60837,128.05106,66.185585,61.591133,18.740324,26.102888,10.998229,8.948205,15.864148,10.5768795,7.5610666,5.710439,3.750097,4.4108753,2.7180865,1.5029747,1.4084892,1.8374549,2.189077
-999.9022,390.09042,192.65501,124.07938,68.653786,26.49398,24.18707,23.146069,20.094288,14.204186,9.070242,7.9624486,6.7111382,4.769342,4.6793876,3.281593,5.404933,5.3767114,2.4966788,2.3283708
-551.4295,141.15613,115.93478,71.954735,68.87537,28.423887,17.949163,17.934044,7.609658,13.326236,8.989828,5.4680266,5.078416,4.9809637,3.4002402,2.028827,2.4131794,1.9382591,1.004032,0.94470215
-596.6577,180.76271,116.60783,83.956436,59.259914,29.127092,21.679276,17.260433,15.952717,7.1450973,9.4555,6.558533,5.184214,3.7787037,5.1453204,4.2989674,2.9009144,1.4229202,3.8724039,1.5477338
-733.4406,231.55362,154.28284,97.43355,53.909332,49.958324,32.068653,22.675098,13.4606085,9.49689,11.0187025,7.5811276,10.8449545,4.6933713,4.8838496,3.341102,2.0344214,1.506353,1.9342729,1.1631598
-800.77026,241.02448,149.46878,95.06157,47.6594,36.55642,38.299553,24.439856,20.111816,26.737713,17.771685,10.464898,15.538809,6.9237356,9.998676,3.3806765,3.2826207,2.260284,1.6221722,3.2041116
-888.11975,251.23102,122.642494,190.19249,56.89569,30.091888,23.645218,22.055977,29.458351,26.520008,33.477867,14.402467,8.785806,6.8775506,3.7237296,16.226244,6.295314,2.6963496,9.027747,3.1600647
-725.5095,298.0395,125.42592,61.863438,33.013508,32.006382,28.166122,20.28296,18.315187,12.43929,13.648249,5.1858654,17.337996,5.9384785,3.4274883,4.796662,3.8032255,1.1921746,0.8469791,3.4725473
-809.81714,228.84099,113.77338,62.06987,37.902214,26.777575,28.703753,18.01485,16.757336,18.704699,11.950171,12.12042,4.7861896,9.14418,2.5628066,9.397528,1.1198577,4.0233536,1.5274187,1.2889396
-835.04443,240.3561,145.6783,79.308395,75.91404,49.759125,23.102274,37.394196,14.876326,14.121865,8.158733,16.449015,10.149606,10.607178,5.6921024,3.8813386,8.535529,7.1365256,6.028801,4.4092793
-673.482,168.50221,119.303505,106.44233,68.0498,37.35086,19.920164,17.21066,14.653712,11.084127,8.316847,8.234264,6.8183894,6.3787594,4.7942586,3.906372,1.9141322,2.061525,2.2825959,3.7128649
-678.89514,271.06445,129.55916,54.223034,52.070618,19.191408,12.918619,9.354253,13.203325,7.705882,16.043701,12.037869,12.092284,7.9908648,8.016437,4.283293,2.8943725,3.4487612,3.1386652,3.3268282
-701.46063,253.74318,115.44204,76.64536,52.882362,30.63412,32.69797,19.162014,12.081549,12.740294,10.049563,9.460544,9.800856,2.7958066,2.5820985,3.5447974,4.013763,3.4921536,2.009076,4.2606263
-830.88324,323.80594,123.06213,102.3026,53.918297,44.01812,22.988163,18.384493,12.07971,10.12153,7.339933,7.892546,11.083692,8.799178,8.512282,10.711433,3.8740668,7.9105873,5.9213367,4.440789
-605.2081,255.16722,76.84878,48.23625,44.705826,27.226856,31.54658,20.707733,13.440977,9.688003,5.9304185,6.0405645,4.4261723,4.9913974,4.6989074,10.274373,2.6956878,2.5689242,2.3828063,2.2183254
-635.52985,161.08783,98.6318,84.96428,60.52128,42.05955,25.971113,36.707638,31.757284,12.108988,7.7826204,5.3314962,4.8276734,3.5102904,2.0681012,2.2328255,2.2992296,0.60924774,0.49833167,7.6061587
-1047.11,389.1301,195.85826,171.67464,78.61732,32.05411,23.86874,18.142408,8.747609,4.7833853,5.3929906,7.3944364,5.852548,3.3219597,6.0818877,25.849888,3.020199,4.963015,3.2902358,3.4441555
-852.1519,303.35596,149.1133,111.23828,71.3377,49.96806,22.76586,12.688216,12.621752,16.51417,10.451027,9.83943,7.5490484,5.9293423,5.0210304,5.835238,6.8395357,1.351253,0.67405915,0.5848783
-628.8429,197.1748,137.6229,96.71214,71.47523,18.77912,13.70095,11.689608,9.780307,7.291919,4.6845155,5.8613386,3.2358153,6.869597,4.4227443,2.8771994,1.8534393,2.9602375,2.6877174,1.6671166
-725.7874,284.27652,127.806725,67.21193,42.20111,33.725914,22.34695,20.789625,11.197153,24.862495,13.911863,12.039341,8.68782,9.077257,4.6125298,3.8626182,2.5718179,3.615845,2.8021615,2.4323704
-797.1191,262.8645,139.08427,95.90402,58.764767,53.108925,44.19547,19.828411,24.51016,12.498633,6.379925,8.137647,6.2580633,6.1744857,4.755246,4.3871603,1.7158686,4.0320635,1.7244091,0.9231231
-991.4524,373.62433,185.00624,130.32764,69.36702,45.648045,30.012022,26.900803,17.071005,11.901077,11.160462,15.057008,8.572681,5.685188,6.0068603,4.348191,4.149369,1.5185616,3.8158374,1.1596334
-797.94574,292.61432,133.62546,84.16652,41.180527,73.05045,23.989866,26.237362,25.877195,12.971416,8.941605,13.310799,9.117022,4.592291,4.0995545,5.9822235,4.1835475,3.6572177,3.02615,4.3325233
-860.9694,202.43733,219.39357,129.48985,99.65543,40.235092,21.25085,18.30489,14.517931,10.504807,7.0371056,5.8198905,6.0031786,5.3249927,3.7489302,2.494889,3.7786045,2.446034,3.6125875,1.7502698
-705.67505,316.58902,127.73921,57.055267,26.043867,27.626915,26.157555,11.078005,7.9924617,6.2179213,9.063478,6.177801,8.951058,6.7800627,5.551596,7.2852936,7.7841506,4.9125347,2.0378127,6.5798306
-631.67004,158.21793,118.46533,82.17832,55.908504,30.953861,22.43725,19.036657,13.955987,12.47631,14.77772,7.9511294,6.646356,5.2968197,4.248241,1.9528829,4.1146884,1.7643853,0.69300735,1.082721
-1046.5522,353.13208,171.3397,111.887146,109.55966,52.686295,42.092422,29.144463,28.553165,14.618585,11.003028,7.5053883,24.855179,6.426091,10.145975,9.863077,3.7397199,8.642143,3.7868178,4.0873637
-923.17554,384.8445,202.45297,93.610886,66.34213,34.356293,17.088846,12.158401,6.863888,8.821925,10.948849,5.0055685,2.1719909,6.29947,2.2148647,1.803766,2.6315956,1.6990396,3.898396,1.0206963
-1071.7948,292.34894,213.32024,138.06367,155.5842,86.099174,28.640772,29.44734,15.408832,15.686919,13.237297,10.390181,7.5284243,6.5159926,4.9384775,9.396294,5.1562886,4.8757095,3.0739608,4.976374
-725.87476,259.7918,156.24629,92.203,58.209156,29.159786,17.777836,13.000683,8.549011,8.538208,7.2863503,5.156896,7.9679294,8.690206,5.7169886,6.0028286,3.8899703,2.4269524,2.9238873,3.256392
-732.8673,230.16122,163.47066,97.31021,86.66265,28.259212,19.583212,15.455689,12.622298,14.010856,11.440089,4.064418,2.905873,1.9909804,9.499569,2.5916939,1.8766854,3.512792,4.2968264,1.1067172
-625.3484,191.80174,129.14313,88.609955,40.141315,33.179714,18.897728,10.932037,17.341406,11.555404,10.026587,12.4749155,4.813734,7.3653717,5.041339,3.7303998,3.624297,1.5369364,3.0256863,2.028223
-923.74603,382.43964,157.88797,109.07509,56.9292,30.454126,34.044384,18.878487,14.379257,15.986876,10.258649,5.979867,9.181065,6.2380033,7.6133184,5.2738056,9.0227375,11.33685,3.841249,2.9750583
-786.37024,349.85303,147.55309,54.866848,45.68384,31.669312,26.739492,25.481916,17.683386,16.7121,8.69024,6.8936505,5.1236134,9.956579,6.567463,4.5553923,2.6617525,1.1722347,1.0434107,0.6932469
-743.4025,326.95343,109.89377,90.07686,65.94317,31.335892,22.166887,12.712151,14.15654,6.2636857,7.0017176,6.3225694,6.7765145,3.9489892,3.1668282,3.2960916,3.1983905,1.9467565,1.0383952,0.83662915
-664.77625,203.76443,98.39586,63.16986,46.94293,29.591938,28.728878,18.75981,12.584353,22.842947,12.131481,6.430339,6.8831043,7.596821,5.3082824,4.431999,4.0843925,4.274643,3.427411,2.4918807
-940.2955,251.19847,160.72076,137.65974,76.139626,92.00538,51.25336,24.356102,21.906668,22.923246,11.760461,7.3055325,5.28392,4.6679044,5.8228693,7.6645303,4.524393,4.0194316,2.405547,3.3062418
-858.3494,334.5257,134.80727,95.43487,58.19239,44.89684,32.829563,24.78849,19.87331,9.919761,7.545322,6.591943,8.623148,6.660855,6.219665,3.1146822,4.7457113,10.21662,1.6975144,4.558908
-607.3471,191.23476,107.457794,47.83674,41.283775,29.643105,18.521126,12.43615,13.627864,11.402535,6.797696,8.278268,6.4888153,3.8049846,2.9888816,3.1621337,2.3419957,1.0240723,8.650183,1.2646267
-774.9243,331.14435,135.92491,94.51118,39.38608,25.917168,24.776215,18.874424,13.365965,9.421591,8.683815,5.937395,4.7884083,4.201602,4.1698008,5.163123,3.2434082,2.8021457,2.5839005,2.4351494
-753.64636,350.2799,131.25499,65.92508,49.285854,23.734083,19.741734,13.345318,10.320658,11.413772,6.495723,8.740592,6.6053243,6.8407106,6.9203763,5.2896237,2.8350394,2.019198,2.2927747,1.0483997
-618.21216,226.54805,79.36276,51.180405,44.221947,17.770906,25.99581,15.426036,8.434407,11.122828,8.902129,3.4334676,5.2730684,8.416327,9.234044,6.413642,2.5234828,2.8119082,2.0442703,4.1122174
-617.84467,208.43332,85.68573,86.21519,49.031857,44.355637,20.458515,13.471756,14.225576,14.607057,10.092128,4.906818,7.278157,4.294504,7.791071,4.714231,4.558803,3.6415756,3.113523,2.2890773
-599.80365,159.8807,147.32018,86.79349,38.0095,17.268116,17.842964,16.791105,17.577745,10.26818,11.557596,6.8306394,8.288156,6.4391847,11.485719,4.825809,6.5729804,3.5148268,4.062524,1.5261472
-928.25214,275.29816,227.75935,131.31674,67.77327,52.91564,42.305683,18.572615,13.444775,9.197908,8.223043,11.362802,5.229215,8.417188,5.1148562,3.3415537,3.4945154,5.535666,1.9138981,3.7231538
-829.891,292.34326,143.9992,123.37209,54.37177,30.629465,27.867558,24.050337,20.83521,9.639257,8.401009,5.1834297,8.435979,2.3467271,3.774937,3.8938572,4.628077,2.6630921,3.3732836,1.8214781
-837.65576,253.53854,161.88693,96.033424,60.815502,70.93628,56.94944,26.2315,16.051352,13.160455,8.213268,15.428167,11.270635,6.430522,7.7204447,3.023935,2.2915168,1.7994326,4.0962157,1.3962977
-741.276,263.22748,108.055916,63.181965,49.437992,25.67079,26.944647,23.943062,24.926067,21.762466,15.716076,11.432993,12.177851,8.249332,8.042978,10.001265,6.197078,5.190086,3.9561608,3.6347632
-785.29626,289.52985,145.19232,76.42964,58.306,38.48635,27.41078,19.986862,20.4936,15.822362,13.032539,6.7479315,4.4669,15.392205,8.505631,6.787852,3.814531,1.7481021,1.1941887,0.69859415
-750.85925,181.92543,151.51357,99.10252,40.414917,38.340416,20.578844,14.77762,14.058831,7.15388,4.006774,4.541988,3.065422,5.5472665,2.808457,4.012285,2.9602807,1.7480341,6.097893,3.8005426
