1,0.9976749969028903,-3717.769260389756,4617.769260389756,0.0,4479.974
2,0.9952335238547483,-2646.2641229240744,3546.2641229240744,0.0,1361.9938
3,0.9927980859807917,-4020.31630574072,4920.31630574072,0.0,878.8374
4,0.9903686683624335,-3962.4595520653666,4862.459552065367,0.0,74.26091
5,0.9879452561179651,-2833.1119721002974,3733.1119721002974,0.0,1836.2454
6,0.9855278344024643,-2555.365585108898,3455.365585108898,0.0,1136.5997
7,0.9831163884077043,-3540.598271667721,4440.598271667721,0.0,1699.3551
8,0.980710903362064,-4513.560836415475,5413.560836415475,0.0,2166.4814
9,0.9783113645304365,-3768.453715763877,4668.453715763877,0.0,2610.6484
10,0.9759177572141393,-3453.8020933342304,4353.80209333423,0.0,3170.0168
11,0.9735300667508239,-4159.268673664446,5059.268673664446,0.0,4354.3057
12,0.9711482785143866,-3682.726758005363,4582.726758005363,0.0,3396.1992
13,0.9687723779148782,-4738.1894517620985,5638.1894517620985,0.0,97.44794
14,0.9664023503984153,-4078.3037119657783,4978.303711965778,0.0,4012.4626
15,0.9640381814470907,-3446.7001781076597,4346.70017810766,0.0,100.58103
16,0.9616798565788847,-3386.1949380616898,4286.19493806169,0.0,3921.202
17,0.9593273613475758,-3344.687762109854,4244.687762109854,0.0,3825.324
18,0.9569806813426533,-3075.54942278633,3975.54942278633,0.0,4312.9326
19,0.9546398021892282,-3678.6978988082155,4578.6978988082155,0.0,2113.8262
20,0.9523047095479451,-4464.120129852077,5364.120129852077,0.0,1093.6016
21,0.949975389114895,-4032.820736960608,4932.820736960608,0.0,3684.0527
22,0.9476518266215271,-3809.182365792165,4709.182365792165,0.0,739.3587
23,0.9453340078345617,-2283.1582241906335,3183.1582241906335,0.0,5506.0596
24,0.9430219185559027,-4362.18101924176,5262.18101924176,0.0,2222.8064
25,0.940715544622551,-3561.7868746034474,4461.786874603447,0.0,2078.8293
26,0.9384148719065176,-4135.194783077781,5035.194783077781,0.0,2679.6895
27,0.9361198863147372,-3936.5795350241615,4836.5795350241615,0.0,563.3021
28,0.9338305737889813,-4099.771468631446,4999.771468631446,0.0,3321.6587
29,0.9315469203057726,-2874.436488230401,3774.436488230401,0.0,2292.1392
30,0.9292689118762992,-3974.9372551940105,4874.9372551940105,0.0,1989.2773
31,0.9269965345463288,-3607.566271116282,4507.566271116282,0.0,3581.5889
32,0.9247297743961226,-3163.432174689976,4063.432174689976,0.0,1557.4026
33,0.922468617540351,-2922.9191610248777,3822.9191610248777,0.0,4592.2437
34,0.920213050128008,-3774.314713379932,4674.314713379932,0.0,3833.4927
35,0.9179630583423264,-3303.579196188304,4203.579196188304,0.0,2169.9155
36,0.9157186284006931,-3420.640687917774,4320.640687917774,0.0,4020.434
37,0.913479746554565,-3288.3581127000452,4188.358112700045,0.0,263.89862
38,0.9112463990893847,-3615.6052993768517,4515.605299376852,0.0,1833.2478
39,0.9090185723244958,-3342.2578620967024,4242.257862096702,0.0,3276.9226
40,0.9067962526130602,-3554.1502132607093,4454.150213260709,0.0,4510.176
41,0.9045794263419737,-3362.4040935184876,4262.404093518488,0.0,4022.8933
42,0.9023680799317831,-3316.5677896401958,4216.567789640196,0.0,4298.307
43,0.9001621998366025,-2852.559298988217,3752.559298988217,0.0,5264.813
44,0.8979617725440308,-3716.806187152866,4616.806187152866,0.0,3815.8074
45,0.8957667845750684,-2981.4882748705777,3881.4882748705777,0.0,2511.2717
46,0.8935772224840357,-4052.091053287807,4952.091053287807,0.0,2747.436
47,0.8913930728584893,-3369.333279475971,4269.333279475971,0.0,2981.6501
48,0.889214322319141,-2692.0705999513093,3592.0705999513093,0.0,1513.7388
49,0.887040957519775,-3085.4576313968646,3985.4576313968646,0.0,99.48564
50,0.884872965147167,-3949.3890398477342,4849.389039847734,0.0,1508.0812
51,0.8827103319210017,-3916.8314684026845,4816.831468402685,0.0,2460.0273
52,0.8805530445937922,-3619.8495657543153,4519.849565754315,0.0,1010.8228
53,0.8784010899507988,-5717.924037687853,6617.924037687853,0.0,1071.308
54,0.8762544548099473,-3820.755365145962,4720.755365145962,0.0,725.1615
55,0.8741131260217495,-2439.682028776025,3339.682028776025,0.0,2596.195
56,0.8719770904692212,-3878.018148126621,4778.018148126621,0.0,3731.946
57,0.8698463350678032,-2774.252949832462,3674.252949832462,0.0,4748.597
58,0.8677208467652799,-3733.6954137640387,4633.695413764039,0.0,7.2839694
59,0.8656006125417007,-2797.885256174091,3697.885256174091,0.0,2290.8445
60,0.8634856194092991,-3367.9029884054235,4267.9029884054235,0.0,1405.47
61,0.8613758544124137,-2917.9836696505304,3817.9836696505304,0.0,4117.1816
62,0.8592713046274087,-3636.777621889494,4536.777621889494,0.0,1843.1986
63,0.8571719571625948,-3101.0330384135837,4001.0330384135837,0.0,4447.8164
64,0.85507779915815,-3314.8670215717866,4214.867021571787,0.0,3626.7827
65,0.8529888177860412,-3059.0262164117235,3959.0262164117235,0.0,1607.8336
66,0.8509050002499452,-3664.945155336274,4564.945155336274,0.0,1574.8396
67,0.8488263337851709,-3859.453616665087,4759.453616665087,0.0,1327.0107
68,0.8467528056585805,-3618.8375332515043,4518.837533251504,0.0,0.0
69,0.8446844031685118,-4106.574138170753,5006.574138170753,0.0,2053.4634
70,0.8426211136447,-3398.760624956303,4298.760624956303,0.0,882.00555
71,0.8405629244482012,-2719.394651697949,3619.394651697949,0.0,4815.5303
72,0.8385098229713137,-3426.396075621541,4326.396075621541,0.0,4853.349
73,0.8364617966375011,-3549.145199917135,4449.145199917135,0.0,3223.502
74,0.8344188329013158,-3645.770508262235,4545.770508262235,0.0,442.58112
75,0.8323809192483218,-4317.5001361189325,5217.5001361189325,0.0,1744.7491
76,0.8303480431950178,-3562.8211787741147,4462.821178774115,0.0,3510.39
77,0.828320192288761,-3578.8825114961955,4478.882511496196,0.0,184.3144
78,0.826297354107691,-3760.407013711222,4660.407013711222,0.0,776.22455
79,0.8242795162606532,-3451.51097589198,4351.51097589198,0.0,743.735
80,0.8222666663871234,-3918.092344830633,4818.092344830633,0.0,1809.0309
81,0.8202587921571318,-3686.164065685777,4586.164065685777,0.0,3240.476
82,0.8182558812711876,-2671.988999329086,3571.988999329086,0.0,4474.8867
83,0.8162579214602035,-5879.662230531197,6779.662230531197,0.0,2545.0225
84,0.8142649004854206,-3891.027701079527,4791.027701079527,0.0,2338.321
85,0.8122768061383336,-3990.324592300938,4890.324592300938,0.0,411.6681
86,0.810293626240616,-2964.9313230886414,3864.9313230886414,0.0,1205.2269
87,0.808315348644045,-3014.3290598889744,3914.3290598889744,0.0,4181.5894
88,0.8063419612304278,-3477.732614394965,4377.732614394965,0.0,3648.1987
89,0.804373451911527,-3216.88796222329,4116.88796222329,0.0,2693.6687
90,0.8024098086289865,-3519.292202492941,4419.292202492941,0.0,2034.4603
91,0.800451019354258,-2489.8396970845174,3389.8396970845174,0.0,2526.4365
92,0.7984970720885264,-4151.323254368716,5051.323254368716,0.0,1275.2188
93,0.7965479548626376,-4297.43670208698,5197.43670208698,0.0,3893.762
94,0.7946036557370243,-3811.4073297417435,4711.4073297417435,0.0,2112.8357
95,0.7926641628016332,-4564.031875963218,5464.031875963218,0.0,2150.6768
96,0.7907294641758517,-4165.62368963483,5065.62368963483,0.0,1313.1191
97,0.7887995480084354,-3206.4599453653946,4106.459945365395,0.0,109.44789
98,0.7868744024774357,-3934.581141431835,4834.581141431835,0.0,1982.1254
99,0.7849540157901269,-7345.575046264235,8245.575046264235,0.0,827.72485
100,0.7830383761829343,-3866.5276665013535,4766.527666501353,0.0,1721.5917
101,0.781127471921362,-3167.261453147852,4067.261453147852,0.0,1790.2992
102,0.7792212912999212,-3272.9103919807703,4172.91039198077,0.0,2880.861
103,0.7773198226420582,-4437.816577728514,5337.816577728514,0.0,2329.1345
104,0.7754230543000832,-4922.064289825645,5822.064289825645,0.0,1634.057
105,0.7735309746550986,-3594.9284473969947,4494.928447396995,0.0,2275.3687
106,0.7716435721169281,-4203.562994622521,5103.562994622521,0.0,4213.4224
107,0.7697608351240458,-3452.6500849036856,4352.650084903686,0.0,4305.174
108,0.7678827521435048,-4313.361519734401,5213.361519734401,0.0,1453.6495
109,0.766009311670867,-3244.6776901299118,4144.677690129912,0.0,1688.451
110,0.7641405022301334,-4410.695649517656,5310.695649517656,0.0,1260.9431
111,0.7622763123736717,-2970.146619168954,3870.146619168954,0.0,4735.9575
112,0.7604167306821484,-3607.9676464647273,4507.967646464727,0.0,1214.8458
113,0.7585617457644575,-4004.134367480812,4904.134367480812,0.0,552.8797
114,0.7567113462576512,-3781.0205427708506,4681.020542770851,0.0,1143.3247
115,0.7548655208268701,-3200.6949562752898,4100.69495627529,0.0,3938.0166
116,0.7530242581652744,-2914.52089533803,3814.52089533803,0.0,72.91687
117,0.7511875469939733,-4243.022311822646,5143.022311822646,0.0,1950.113
118,0.7493553760619575,-4095.7355275306363,4995.735527530636,0.0,1463.9827
119,0.7475277341460291,-4663.870120067569,5563.870120067569,0.0,3047.3176
120,0.7457046100507333,-3421.96520966564,4321.96520966564,0.0,4147.691
121,0.7438859926082901,-3566.816704398998,4466.816704398998,0.0,680.81683
122,0.7420718706785252,-7218.301862682057,8118.301862682057,0.0,673.32153
123,0.7402622331488021,-4746.901447950523,5646.901447950523,0.0,2286.8088
124,0.7384570689339546,-3271.0554581135802,4171.05545811358,0.0,4601.5806
125,0.7366563669762177,-4072.1229055318818,4972.122905531882,0.0,4100.1294
126,0.734860116245161,-3790.656052434737,4690.656052434737,0.0,1854.8301
127,0.7330683057376206,-3671.9648700112893,4571.964870011289,0.0,792.95105
128,0.7312809244776314,-4613.1773869259505,5513.1773869259505,0.0,3056.1333
129,0.7294979615163606,-6987.83294093536,7887.83294093536,0.0,1544.7126
130,0.7277194059320401,-4362.442341319311,5262.442341319311,0.0,1874.1931
131,0.7259452468298999,-4389.4768752999835,5289.4768752999835,0.0,3530.0757
132,0.724175473342101,-3982.289248371174,4882.289248371174,0.0,3.3529835
133,0.7224100746276692,-3691.746881318102,4591.746881318102,0.0,2238.7588
134,0.7206490398724285,-3491.2612674337433,4391.261267433743,0.0,628.565
135,0.7188923582889347,-3390.2871571191436,4290.287157119144,0.0,1029.3734
136,0.71714001911641,-3467.9573368673973,4367.957336867397,0.0,3791.367
137,0.7153920116206759,-4211.058504253352,5111.058504253352,0.0,168.8682
138,0.7136483250940887,-3043.2226781085355,3943.2226781085355,0.0,1868.0553
139,0.7119089488554733,-2437.3105806367334,3337.3105806367334,0.0,4947.791
140,0.7101738722500576,-5041.265675857203,5941.265675857203,0.0,452.36856
141,0.7084430846494073,-2500.688728484448,3400.688728484448,0.0,3896.9185
142,0.7067165754513615,-3842.289731147108,4742.289731147108,0.0,86.69265
143,0.7049943340799668,-2272.9990980027414,3172.9990980027414,0.0,4121.4355
144,0.703276349985413,-4134.808354636492,5034.808354636492,0.0,869.45886
145,0.7015626126439684,-3106.773302009651,4006.773302009651,0.0,1301.5034
146,0.6998531115579154,-3182.916019096581,4082.916019096581,0.0,4801.077
147,0.6981478362554859,-3226.9494402569926,4126.949440256993,0.0,3079.7405
148,0.6964467762907979,-2977.4625343415332,3877.4625343415332,0.0,3682.7173
149,0.6947499212437901,-3856.741358509422,4756.741358509422,0.0,3013.8503
150,0.6930572607201599,-3442.9809973472384,4342.980997347238,0.0,4169.3057
151,0.6913687843512983,-3170.7733470443413,4070.7733470443413,0.0,1768.4092
152,0.689684481794227,-3804.698139281283,4704.698139281283,0.0,3062.669
153,0.6880043427315348,-4167.240230129606,5067.240230129606,0.0,3277.3892
154,0.6863283568713145,-3359.0394346665225,4259.0394346665225,0.0,4824.922
155,0.6846565139471001,-2888.820690980523,3788.820690980523,0.0,2990.4114
156,0.6829888037178038,-4141.076190416194,5041.076190416194,0.0,4337.4434
157,0.6813252159676525,-4578.681686026179,5478.681686026179,0.0,3100.2292
158,0.6796657405061265,-4269.64613381428,5169.64613381428,0.0,898.182
159,0.6780103671678961,-3571.8491143008887,4471.849114300889,0.0,2984.259
160,0.67635908581276,-6184.226383831833,7084.226383831833,0.0,1031.9979
161,0.6747118863255825,-2969.4634282298257,3869.4634282298257,0.0,2712.0337
162,0.6730687586162324,-3316.079789433945,4216.079789433945,0.0,3970.2651
163,0.67142969261952,-4409.479046739616,5309.479046739616,0.0,119.32437
164,0.6697946782951367,-5553.460093842781,6453.460093842781,0.0,371.7217
165,0.6681637056275929,-6479.6527823167025,7379.6527823167025,0.0,787.6865
166,0.6665367646261563,-3789.4703335389486,4689.470333538949,0.0,540.52374
167,0.6649138453247915,-4273.468414697572,5173.468414697572,0.0,1909.3176
168,0.6632949377820984,-4948.88682707988,5848.88682707988,0.0,2808.1865
169,0.6616800320812514,-3293.2708496935866,4193.270849693587,0.0,1355.7546
170,0.6600691183299385,-3891.563276632587,4791.563276632587,0.0,3116.6387
171,0.6584621866603013,-4092.8208673200934,4992.820867320093,0.0,2301.4673
172,0.6568592272288741,-4757.819981965912,5657.819981965912,0.0,3281.3008
173,0.6552602302165234,-3214.8320142365656,4114.832014236566,0.0,3094.4314
174,0.653665185828388,-4032.3013643574795,4932.3013643574795,0.0,16.22381
175,0.6520740842938194,-7478.5766972455895,8378.57669724559,0.0,137.10374
176,0.6504869158663209,-3053.0760831456846,3953.0760831456846,0.0,2801.406
177,0.6489036708234893,-3310.1973654891453,4210.197365489145,0.0,4445.5234
178,0.6473243394669541,-3155.121082196095,4055.121082196095,0.0,4175.009
179,0.6457489121223188,-2474.100357475976,3374.100357475976,0.0,1982.8733
180,0.6441773791391011,-5637.4049443106405,6537.4049443106405,0.0,2137.1558
181,0.6426097308906747,-3275.149045301121,4175.149045301121,0.0,2295.762
182,0.6410459577742091,-3519.0336873747347,4419.033687374735,0.0,1126.8127
183,0.6394860502106119,-3820.404859627657,4720.404859627657,0.0,3696.2922
184,0.6379299986444693,-4153.335029735561,5053.335029735561,0.0,883.09796
185,0.6363777935439882,-4829.2294457675425,5729.2294457675425,0.0,3454.6807
186,0.6348294254009373,-4420.283918412131,5320.283918412131,0.0,3799.522
187,0.6332848847305893,-3743.0210862401464,4643.021086240146,0.0,2632.589
188,0.6317441620716622,-3044.4382059395825,3944.4382059395825,0.0,5122.925
189,0.630207247986262,-4919.869322262668,5819.869322262668,0.0,45.508907
190,0.6286741330598247,-4177.444025775077,5077.444025775077,0.0,3881.8882
191,0.6271448079010582,-5055.085950349559,5955.085950349559,0.0,558.00055
192,0.6256192631418854,-4222.8033357998775,5122.8033357998775,0.0,628.2724
193,0.6240974894373864,-3566.1081739963265,4466.1081739963265,0.0,511.85544
194,0.6225794774657414,-5909.639617660353,6809.639617660353,0.0,847.0996
195,0.6210652179281735,-4261.334601361816,5161.334601361816,0.0,814.94885
196,0.6195547015488919,-3519.0331475743687,4419.033147574369,0.0,3014.688
197,0.6180479190750351,-3718.2203747440926,4618.220374744093,0.0,598.3431
198,0.6165448612766139,-4343.268571087413,5243.268571087413,0.0,2079.6956
199,0.6150455189464552,-3731.0725464260395,4631.0725464260395,0.0,5066.643
200,0.6135498829001454,-3985.5283156017867,4885.528315601787,0.0,960.24274
201,0.6120579439759744,-3988.4613154337803,4888.46131543378,0.0,361.44458
202,0.610569693034879,-5310.692884116923,6210.692884116923,0.0,2183.0432
203,0.6090851209603874,-3717.7526449936922,4617.752644993692,0.0,868.03455
204,0.6076042186585632,-4022.421606640435,4922.421606640435,0.0,525.81177
205,0.6061269770579495,-2728.489803914031,3628.489803914031,0.0,3850.4304
206,0.6046533871095138,-3316.2303868978815,4216.2303868978815,0.0,4647.033
207,0.6031834397865921,-4776.5738445823235,5676.5738445823235,0.0,123.22319
208,0.6017171260848335,-3645.774339372969,4545.774339372969,0.0,481.27313
209,0.6002544370221455,-5266.165239214734,6166.165239214734,0.0,2731.7156
210,0.598795363638639,-4311.701105690845,5211.701105690845,0.0,2841.7896
211,0.5973398969965732,-4138.887870429224,5038.887870429224,0.0,1722.3875
212,0.5958880281803004,-3952.0956755826137,4852.095675582614,0.0,3782.052
213,0.5944397482962123,-3086.6904702771544,3986.6904702771544,0.0,4540.1787
214,0.5929950484726848,-6400.9979985886,7300.9979985886,0.0,939.7977
215,0.591553919860024,-2901.894287183414,3801.894287183414,0.0,3471.0261
216,0.5901163536304121,-4345.982577410186,5245.982577410186,0.0,2658.8838
217,0.5886823409778531,-6697.80008779403,7597.80008779403,0.0,123.57305
218,0.5872518731181184,-2641.028769173213,3541.028769173213,0.0,1845.5099
219,0.5858249412886939,-4671.479939896137,5571.479939896137,0.0,783.96326
220,0.5844015367487261,-4514.047393110363,5414.047393110363,0.0,817.8326
221,0.582981650778968,-6562.450327854813,7462.450327854813,0.0,875.598
222,0.581565274681726,-6201.707063151654,7101.707063151654,0.0,1234.0985
223,0.580152399780807,-3762.460327701622,4662.460327701622,0.0,4488.1123
224,0.5787430174214647,-7646.809436175543,8546.809436175543,0.0,6.861988
225,0.5773371189703471,-4462.941061631727,5362.941061631727,0.0,3457.7244
226,0.5759346958154428,-3001.8638113148068,3901.8638113148068,0.0,2121.2146
227,0.5745357393660292,-3093.17168513445,3993.17168513445,0.0,0.9682131
228,0.5731402410526193,-7773.119611943937,8673.119611943937,0.0,903.42413
229,0.5717481923269094,-4101.57145893694,5001.57145893694,0.0,2569.802
230,0.5703595846617268,-4100.040255318487,5000.040255318487,0.0,3626.5825
231,0.5689744095509771,-3122.386295708003,4022.386295708003,0.0,3822.047
232,0.5675926585095928,-3090.5797778050874,3990.5797778050874,0.0,1986.7886
233,0.5662143230734809,-3471.71469175726,4371.71469175726,0.0,1158.7772
234,0.564839394799471,-4114.615582352056,5014.615582352056,0.0,4344.6704
235,0.5634678652652637,-4187.240421714368,5087.240421714368,0.0,3194.0771
236,0.5620997260693793,-5499.620412370088,6399.620412370088,0.0,2204.6636
237,0.5607349688311059,-3576.0873887549496,4476.08738875495,0.0,2049.5603
238,0.5593735851904478,-4370.037906394676,5270.037906394676,0.0,3527.595
239,0.5580155668080755,-3007.6054367732445,3907.6054367732445,0.0,5190.5215
240,0.5566609053652732,-3544.702626546822,4444.702626546822,0.0,3404.794
241,0.5553095925638888,-3641.1247002628443,4541.124700262844,0.0,3942.0942
242,0.5539616201262825,-4399.800786659317,5299.800786659317,0.0,2662.5269
243,0.5526169797952764,-4337.568385167895,5237.568385167895,0.0,390.75494
244,0.5512756633341038,-5607.417455034709,6507.417455034709,0.0,1523.4288
245,0.549937662526359,-4386.65764748817,5286.65764748817,0.0,722.2401
246,0.5486029691759465,-3269.219996241978,4169.219996241978,0.0,11.092274
247,0.5472715751070314,-5793.545191827117,6693.545191827117,0.0,634.9054
248,0.5459434721639885,-2544.603102432066,3444.603102432066,0.0,3042.4163
249,0.5446186522113531,-7596.127919557104,8496.127919557104,0.0,176.49329
250,0.5432971071337709,-3862.6981513011688,4762.698151301169,0.0,2186.2275
251,0.5419788288359482,-4283.054999283011,5183.054999283011,0.0,2062.0652
252,0.5406638092426024,-4044.4078890884502,4944.40788908845,24236.012,1858.9878
253,0.5393520402984123,-3532.416825285035,4432.416825285035,24605.076,700.14514
254,0.5380435139679695,-3118.694033889146,4018.694033889146,29341.816,2323.5173
255,0.5367382222357279,-3557.789612951654,4457.789612951654,15734.53,1484.0635
256,0.535436157105956,-3909.3443822403415,4809.3443822403415,31541.9,44.436752
257,0.5341373106026871,-3077.0153047693702,3977.0153047693702,46279.36,2378.7744
258,0.5328416747696704,-3587.3041730095283,4487.304173009528,98862.16,4524.863
259,0.5315492416703226,-2381.7258912305256,3281.7258912305256,20627.775,3533.5347
260,0.530260003387679,-3408.5969833694,4308.5969833694,23250.023,1846.0724
261,0.5289739520243456,-2907.74935572983,3807.74935572983,22491.516,5417.3037
262,0.5276910797024499,-3266.9729771800457,4166.972977180046,21196.695,1470.085
263,0.526411378563593,-4011.6642924159696,4911.66429241597,27078.883,2904.2524
264,0.5251348407688017,-3728.2998956849096,4628.29989568491,43363.938,0.0
265,0.5238614584984803,-2641.4461376006466,3541.4461376006466,28826.574,5242.7476
266,0.5225912239523623,-3728.7023143291617,4628.702314329162,37850.547,0.0
267,0.5213241293494635,-3102.818315727703,4002.818315727703,35103.016,624.3982
268,0.5200601669280333,-3185.5727315808963,4085.5727315808963,32730.176,2580.541
269,0.5187993289455081,-3795.8698531840346,4695.869853184035,21745.434,3149.545
270,0.5175416076784632,-4084.719237275589,4984.719237275589,19394.102,773.8424
271,0.5162869954225661,-3403.9204717239736,4303.920471723974,14632.557,4346.4336
272,0.5150354844925282,-3566.365523125596,4466.365523125596,26999.998,2411.0957
273,0.5137870672220594,-3279.3217924437013,4179.321792443701,18861.57,4808.0903
274,0.5125417359638196,-3536.4977368108175,4436.4977368108175,16013.672,2988.4753
275,0.5112994830893725,-3740.702773249046,4640.702773249046,16400.3,4038.9072
276,0.5100603009891389,-2849.47366285143,3749.47366285143,31720.797,1172.5454
277,0.5088241820723504,-3836.9875002903536,4736.987500290354,20700.814,2764.232
278,0.5075911187670018,-3641.293707142162,4541.293707142162,17914.244,716.9296
279,0.5063611035198061,-4246.78785561748,5146.78785561748,26734.246,314.47028
280,0.5051341287961474,-3732.786414094482,4632.786414094482,16643.521,2926.0989
281,0.5039101870800345,-3538.201057878743,4438.201057878743,26502.047,0.0
282,0.5026892708740558,-4228.62759322601,5128.62759322601,14956.261,4665.353
283,0.5014713726993326,-2813.187721259817,3713.187721259817,22651.6,4361.197
284,0.5002564850954737,-3210.088163962366,4110.088163962366,21528.426,4326.3896
285,0.49904460062052924,-3286.127024905474,4186.127024905474,20267.508,3490.5488
286,0.49783571185094566,-2505.4158339761507,3405.4158339761507,21386.875,2680.8208
287,0.49662981138151996,-3881.3483000242486,4781.348300024249,68115.164,3951.4429
288,0.4954268918253542,-3666.680571731784,4566.680571731784,68126.55,4380.9233
289,0.4942269458138106,-3173.7716503850384,4073.7716503850384,35960.656,1055.231
290,0.49302996599646615,-3873.0874373422957,4773.087437342296,24026.816,0.0
291,0.49183594504106753,-3421.7371476742483,4321.737147674248,23600.695,4703.107
292,0.4906448756334864,-3481.408598377342,4381.408598377342,22688.355,4329.706
293,0.48945675047767456,-3105.42034412312,4005.42034412312,26137.998,4751.482
294,0.4882715622956191,-3108.138320133812,4008.138320133812,45168.383,4176.496
295,0.48708930382729787,-3306.187380603843,4206.187380603843,28777.04,2268.691
296,0.4859099678306353,-3108.796424125069,4008.796424125069,17661.223,968.49805
297,0.4847335470814576,-3294.710527748719,4194.710527748719,19625.045,4651.513
298,0.48356003437344863,-3810.728424436499,4710.728424436499,32915.88,28.956097
299,0.48238942251810607,-3822.561611442379,4722.561611442379,50938.85,1499.6494
300,0.4812217043446969,-2896.1456436821218,3796.1456436821218,43911.71,4256.89
301,0.4800568727002139,-3525.0065503483765,4425.006550348377,78637.13,1604.0615
302,0.4788949204493316,-1978.5197727171721,2878.519772717172,48720.305,0.0
303,0.47773584047436257,-3342.74119471387,4242.74119471387,38105.31,5296.472
304,0.47657962567521395,-4171.391487476059,5071.391487476059,38266.934,3739.4998
305,0.4754262689693438,-2761.887937191595,3661.887937191595,21619.441,5273.1807
306,0.4742757632917179,-3009.141313342069,3909.141313342069,35067.68,4523.9316
307,0.4731281015947662,-3758.715582710527,4658.715582710527,24728.9,2479.8838
308,0.47198327684834,-2606.92808610045,3506.92808610045,32859.066,4180.089
309,0.47084128203966874,-3306.606268936822,4206.606268936822,14942.759,4424.179
310,0.4697021101733168,-3119.881717957977,4019.881717957977,49150.758,4967.0205
311,0.46856575427114083,-3520.662377497789,4420.662377497789,25560.838,2291.3325
312,0.4674322073722474,-2733.8497231985552,3633.8497231985552,34596.168,5252.494
313,0.4663014625329495,-4942.629913186699,5842.629913186699,20487.701,3401.0393
314,0.465173512826725,-3359.5044366324382,4259.504436632438,19113.535,4969.8516
315,0.46404835134417316,-3196.6048668977664,4096.604866897766,7846.7124,3032.0935
316,0.46292597119297335,-3525.495642633933,4425.495642633933,24621.516,3039.8203
317,0.46180636549784215,-3469.7885796699074,4369.788579669907,39069.844,761.95844
318,0.46068952740049135,-3122.971435046483,4022.971435046483,34760.777,4216.6685
319,0.45957545005958617,-2232.8421446521515,3132.8421446521515,38547.695,5741.0273
320,0.458464126650703,-3148.586655382225,4048.586655382225,49604.535,1529.7648
321,0.457355550366288,-3336.9887592058494,4236.988759205849,89719.76,1912.9067
322,0.456249714415615,-3073.640064073436,3973.640064073436,68080.86,4310.0996
323,0.45514661202474427,-2726.7370643484774,3626.7370643484774,56361.195,5456.1885
324,0.4540462364364808,-3166.3119533491067,4066.3119533491067,54197.156,4625.122
325,0.4529485809103329,-4224.533315539219,5124.533315539219,61331.47,2225.4343
326,0.45185363872247103,-4503.344103720231,5403.344103720231,47525.33,3107.2734
327,0.4507614031656865,-2441.0044710804486,3341.0044710804486,74035.516,5449.262
328,0.44967186754935046,-3541.344616592736,4441.344616592736,37685.28,3200.427
329,0.44858502519937293,-3190.3356597147667,4090.3356597147667,44589.29,3831.2563
330,0.44750086945816175,-3208.3882213684146,4108.388221368415,60907.875,4242.765
331,0.44641939368458217,-3431.9404392971455,4331.9404392971455,49538.81,3944.991
332,0.4453405912539157,-3552.9358112865148,4452.935811286515,30335.81,2731.4316
333,0.44426445555781974,-3709.600305586954,4609.600305586954,27229.043,3944.8467
334,0.44319098000428725,-3028.291095053808,3928.291095053808,57209.01,4171.596
335,0.4421201580176063,-3281.432546863696,4181.432546863696,34258.766,4738.7217
336,0.44105198303831944,-3298.6216333177936,4198.621633317794,22473.805,4500.8975
337,0.43998644852318414,-3137.511614114436,4037.511614114436,57051.89,4761.403
338,0.43892354794513205,-3234.2782920155605,4134.2782920155605,20920.082,4534.1616
339,0.43786327479322956,-3893.343098805278,4793.343098805278,21345.812,4698.774
340,0.43680562257263766,-3977.7324499618435,4877.7324499618435,27665.41,3424.6482
341,0.4357505848045722,-2966.813080605367,3866.813080605367,38170.867,4001.6687
342,0.434698155026264,-3701.334103414679,4601.334103414679,47567.04,4083.7314
343,0.43364832679091964,-3716.3258136072573,4616.325813607257,61758.875,1292.2163
344,0.43260109366768185,-3473.1745825104563,4373.174582510456,30583.12,4014.5962
345,0.4315564492415899,-3765.146093292822,4665.146093292822,50371.375,4258.0054
346,0.4305143871135405,-3629.970660454681,4529.970660454681,79324.9,573.42365
347,0.42947490090024865,-2975.2514991024746,3875.2514991024746,40183.965,5337.6274
348,0.42843798423420826,-3145.6398336983557,4045.6398336983557,20803.979,4302.5996
349,0.42740363076365345,-4316.920773549211,5216.920773549211,74782.914,3214.6187
350,0.4263718341525196,-2793.2665355556305,3693.2665355556305,40221.883,3566.3315
351,0.42534258808040426,-3753.478738123358,4653.478738123358,81905.17,3122.8662
352,0.42431588624252875,-3770.9994790317996,4670.9994790318,39507.305,4420.13
353,0.4232917223496995,-3846.801383425668,4746.801383425668,41245.426,1499.8867
354,0.42227009012826927,-2833.407517809117,3733.407517809117,35654.367,671.9975
355,0.421250983320099,-3877.7740815695634,4777.774081569563,20788.186,685.2466
356,0.4202343956825194,-3653.768380144362,4553.768380144362,56939.44,3882.0605
357,0.4192203209882927,-2294.0565714916943,3194.0565714916943,43101.53,1877.6929
358,0.41820875302557436,-3220.6910837256737,4120.691083725674,106489.39,2918.2017
359,0.4171996855978752,-2619.264770057293,3519.264770057293,41272.29,4831.367
360,0.41619311252402336,-3072.596676822177,3972.596676822177,24301.97,3594.1294
361,0.4151890276381266,-3885.5008244126193,4785.500824412619,35330.918,3097.6619
362,0.41418742478953424,-3471.1941897915694,4371.194189791569,102503.44,835.6551
363,0.4131882978427998,-3827.2950414371717,4727.295041437172,69714.63,3579.6726
364,0.4121916406776431,-4008.6829927229555,4908.6829927229555,26003.348,2689.6956
365,0.4111974471889128,-2837.8741294704864,3737.8741294704864,50452.26,3733.3118
366,0.4102057112865496,-3149.734028831182,4049.734028831182,33805.254,4658.465
367,0.40921642689554794,-3359.0866731731203,4259.08667317312,105311.87,4775.336
368,0.4082295879559196,-3432.724688288742,4332.724688288742,57257.56,1528.7216
369,0.40724518842265633,-4350.922546688505,5250.922546688505,35540.633,2949.643
370,0.40626322226569245,-2715.7559232854023,3615.7559232854023,73608.734,2238.8135
371,0.4052836834698686,-3764.7404236807706,4664.740423680771,40054.664,2985.1033
372,0.4043065660348943,-3312.874190166971,4212.874190166971,20764.344,3054.6177
373,0.40333186397531157,-3959.5036224420437,4859.503622442044,39120.17,3424.2456
374,0.402359571320458,-4181.806760624963,5081.806760624963,39305.477,2161.7058
375,0.40138968211443043,-3251.314824338202,4151.314824338202,17284.941,3124.204
376,0.4004221904160482,-2507.316943009534,3407.316943009534,38589.016,4652.5977
377,0.39945709029881693,-3629.965281847117,4529.965281847117,60906.953,813.2218
378,0.39849437585089226,-3338.641146809323,4238.641146809323,51887.133,4302.8506
379,0.3975340411750435,-3925.297407141442,4825.297407141442,65284.04,3428.156
380,0.3965760803886174,-3668.3403271592088,4568.340327159209,91400.86,4563.29
381,0.3956204876235026,-3514.043005046615,4414.043005046615,84316.42,4578.8125
382,0.3946672570260931,-3140.2658239263956,4040.2658239263956,37891.406,5800.3843
383,0.39371638275725274,-3941.8445315491317,4841.844531549132,97753.56,4841.9185
384,0.39276785899227945,-3504.8866452823413,4404.886645282341,65060.547,4107.7134
385,0.3918216799208692,-4548.244784241602,5448.244784241602,28107.984,3388.1826
386,0.390877839747081,-3240.4231047770572,4140.423104777057,25169.984,1259.1006
387,0.38993633268930084,-3750.215708221971,4650.215708221971,14243.728,3703.173
388,0.3889971529802067,-3717.633216030833,4617.633216030833,15324.642,622.9765
389,0.3880602948667328,-2958.551173990709,3858.551173990709,21567.006,4363.5938
390,0.3871257526100349,-4747.121876463965,5647.121876463965,20004.613,696.7003
391,0.3861935204854545,-3329.552538723542,4229.552538723542,56703.508,858.3998
392,0.38526359278248445,-3261.9092068849704,4161.90920688497,17560.89,4788.625
393,0.38433596380473334,-3144.996945349103,4044.996945349103,66526.22,1791.8385
394,0.383410627869891,-3331.1137906834647,4231.113790683465,373200.25,4388.4956
395,0.3824875793096937,-3366.8417627255685,4266.8417627255685,36214.727,2618.948
396,0.3815668124698891,-3417.594024692192,4317.594024692192,58671.7,895.20984
397,0.38064832171020196,-4274.265362654817,5174.265362654817,43210.953,2934.9304
398,0.3797321014042996,-3206.5287070448985,4106.5287070448985,102779.2,2104.9297
399,0.378818145939757,-3013.4317815337076,3913.4317815337076,79339.2,5536.3945
400,0.37790644971802284,-3930.781626408969,4830.781626408969,16878.498,1202.8906
401,0.3769970071543852,-2678.989182894071,3578.989182894071,46522.844,4513.2427
402,0.37608981267793706,-3020.619458722472,3920.619458722472,53638.227,4192.3887
403,0.3751848607315425,-3275.2416941576703,4175.24169415767,49070.562,3598.9902
404,0.37428214577180235,-4046.2477903119925,4946.2477903119925,41096.305,903.7369
405,0.3733816622690205,-3026.200205763044,3926.200205763044,68383.516,3712.692
406,0.37248340470716984,-3460.7535084275696,4360.75350842757,32459.61,4466.8057
407,0.3715873675838586,-3474.3543644051206,4374.354364405121,21001.516,4106.8584
408,0.3706935454102965,-3326.7662500747892,4226.766250074789,45703.727,4450.452
409,0.3698019327112615,-3579.1745160304245,4479.1745160304245,37159.363,1160.0139
410,0.3689125240250656,-4119.572088178622,5019.572088178622,49657.04,642.75494
411,0.36802531390352194,-3484.3274474865066,4384.327447486507,42804.11,4779.3774
412,0.36714029691191125,-4326.134874480602,5226.134874480602,28509.238,3365.4844
413,0.3662574676289487,-2775.10386732296,3675.10386732296,31785.36,4094.4539
414,0.36537682064675026,-3292.006352170194,4192.006352170194,146999.25,4178.456
415,0.3644983505708,-3410.4524744488417,4310.452474448842,54490.56,5127.347
416,0.363622052019917,-3789.4884702587387,4689.488470258739,27446.164,3597.5122
417,0.3627479196262221,-3628.132874867597,4528.132874867597,38733.82,4991.17
418,0.36187594803510537,-3352.8119288471316,4252.811928847132,20617.207,3708.378
419,0.36100613190519326,-3660.2966144280163,4560.296614428016,31519.371,4565.5947
420,0.3601384659083154,-3328.5362856377524,4228.536285637752,83296.586,3354.158
421,0.3592729447294726,-3243.6921180794498,4143.69211807945,36746.23,4572.63
422,0.358409563066804,-3419.0221804518214,4319.022180451821,17063.621,4124.629
423,0.35754831563155465,-4000.8499063640757,4900.849906364076,28091.707,1528.8376
424,0.356689197148043,-3782.631791303077,4682.631791303077,34591.35,4005.7678
425,0.35583220235362867,-3432.0732931727016,4332.073293172702,36098.055,1859.1727
426,0.3549773259986803,-2777.731823276097,3677.731823276097,30715.754,5219.0015
427,0.3541245628465432,-2909.385450232182,3809.385450232182,27711.844,2171.4204
428,0.35327390767350747,-3033.175361554313,3933.175361554313,18126.96,3731.2576
429,0.3524253552687759,-3245.698211270248,4145.698211270248,49437.043,4506.4146
430,0.35157890043443185,-4029.9384723215753,4929.938472321575,45100.97,3276.0012
431,0.3507345379854079,-2660.743347408756,3560.743347408756,18273.107,3643.0261
432,0.3498922627494537,-3108.95177906793,4008.95177906793,32588.979,3953.5786
433,0.3490520695671042,-3414.009625936974,4314.009625936974,16472.53,2649.9233
434,0.3482139532916486,-2730.3805622246696,3630.3805622246696,50205.188,1594.1748
435,0.34737790878909824,-3103.8654230536313,4003.8654230536313,107409.7,4777.633
436,0.3465439309381554,-3750.636840787938,4650.636840787938,31612.484,2436.1904
437,0.3457120146301818,-4218.4733652424775,5118.4733652424775,33056.74,3830.9592
438,0.34488215476916756,-2923.342572682124,3823.342572682124,39309.793,2539.5288
439,0.34405434627169984,-3471.84320127685,4371.84320127685,32064.102,2693.6206
440,0.34322858406693146,-3831.881464239372,4731.881464239372,24553.791,2455.6516
441,0.34240486309655044,-2538.4192955899575,3438.4192955899575,37248.098,4807.128
442,0.3415831783147484,-3732.496811324093,4632.496811324093,28223.879,4650.8145
443,0.3407635246881897,-3927.8026168039623,4827.802616803962,23023.32,3268.9878
444,0.3399458971959813,-3283.8786039520874,4183.878603952087,14512.674,5082.5396
445,0.33913029082964113,-2710.7439451965047,3610.7439451965047,18606.979,3837.438
446,0.33831670059306784,-3310.1535955044583,4210.153595504458,42936.93,4060.387
447,0.33750512150251033,-2966.715144733279,3866.715144733279,17752.336,1532.8181
448,0.3366955485865367,-2723.7635603273293,3623.7635603273293,36927.2,5002.05
449,0.3358879768860046,-2385.4166354498243,3285.4166354498243,19408.895,5421.1113
450,0.33508240145402984,-3518.6453537161515,4418.6453537161515,20625.945,4547.075
451,0.33427881735595694,-4696.513629127998,5596.513629127998,38037.92,2198.9536
452,0.3334772196693287,-3686.634966124955,4586.634966124955,14741.783,3911.7131
453,0.33267760348385567,-4493.101729381822,5393.101729381822,28109.938,2024.2089
454,0.33187996390138647,-4128.5840789482245,5028.5840789482245,24443.934,2126.8328
455,0.33108429603587763,-3550.6088001350163,4450.608800135016,42613.445,4113.9453
456,0.3302905950133637,-4064.2964681430058,4964.296468143006,46494.047,1189.0973
457,0.3294988559719274,-4129.662076704466,5029.662076704466,25922.71,3753.0896
458,0.32870907406166977,-4216.0361793839675,5116.0361793839675,34237.113,3361.6338
459,0.3279212444446805,-2956.7038734873486,3856.7038734873486,21909.158,4955.457
460,0.32713536229500845,-3311.8244246318463,4211.824424631846,11334.131,3990.9512
461,0.3263514227986316,-3286.323200015442,4186.323200015442,36131.156,3376.618
462,0.3255694211534283,-4347.956440954638,5247.956440954638,21937.469,2143.1907
463,0.3247893525691472,-2682.9080608136615,3582.9080608136615,30887.215,4111.7227
464,0.3240112122673783,-3115.0644025888746,4015.0644025888746,56494.125,3300.8198
465,0.32323499548152346,-2665.408396102276,3565.408396102276,50919.445,4777.471
466,0.3224606974567672,-3197.4233927126115,4097.4233927126115,25514.648,1719.2812
467,0.3216883134500479,-3700.580678785169,4600.580678785169,41174.87,3831.5173
468,0.32091783873002827,-3978.2618385331843,4878.261838533184,22827.07,2858.582
469,0.3201492685770667,-4304.662929158851,5204.662929158851,15162.704,3298.9375
470,0.3193825982831883,-3882.3398300038243,4782.339830003824,15872.942,2872.5498
471,0.318617823152056,-3255.3382829705697,4155.33828297057,22975.879,3820.4739
472,0.31785493849894164,-3657.682192530264,4557.682192530264,25165.9,3166.2957
473,0.31709393965069754,-3227.577224498841,4127.577224498841,22761.852,4626.562
474,0.31633482194572776,-2816.6377932348446,3716.6377932348446,12225.019,4986.2744
475,0.3155775807339596,-2849.8835170605585,3749.8835170605585,16510.17,5575.3105
476,0.31482221137681493,-3314.2022570934496,4214.20225709345,12223.203,5093.3555
477,0.314068709247182,-2787.919163489898,3687.919163489898,28744.828,4745.1865
478,0.3133170697293869,-3069.8142187105955,3969.8142187105955,26950.479,3179.7605
479,0.3125672882191656,-3713.4357260905035,4613.4357260905035,20672.59,4410.779
480,0.3118193601236352,-4145.821097626044,5045.821097626044,18626.664,3122.4714
481,0.31107328086126657,-3252.511272893843,4152.511272893843,21022.21,4554.4893
482,0.31032904586185533,-3268.17162224354,4168.17162224354,23650.355,5217.2085
483,0.3095866505664948,-3049.3211625503245,3949.3211625503245,60047.324,5099.572
484,0.30884609042754746,-2898.034881549669,3798.034881549669,33195.773,1862.1477
485,0.30810736090861723,-3130.326371069252,4030.326371069252,35019.527,2445.8452
486,0.30737045748452185,-3363.930482294483,4263.930482294483,26785.69,4659.9854
487,0.306635375641265,-4577.016165613333,5477.016165613333,18051.885,3228.4714
488,0.30590211087600855,-2480.199561562854,3380.199561562854,32655.932,1415.519
489,0.30517065869704535,-2583.435699336206,3483.435699336206,37792.664,5015.993
490,0.3044410146237713,-3092.778496711272,3992.778496711272,19545.0,4668.9814
491,0.30371317418665816,-2164.8918879874846,3064.8918879874846,26261.896,2684.4473
492,0.302987132927226,-3600.7110680755286,4500.711068075529,21717.299,3569.0942
493,0.30226288639801624,-3573.6834564421642,4473.683456442164,18847.578,4558.687
494,0.3015404301625638,-4604.607760981594,5504.607760981594,17361.057,2726.0605
495,0.3008197597953705,-2370.3173408234543,3270.3173408234543,41107.4,2656.3206
496,0.3001008708818777,-3465.334509807757,4365.334509807757,17934.963,1997.2571
497,0.2993837590184392,-2869.1880627928927,3769.1880627928927,41814.0,4502.826
498,0.29866841981229447,-2771.9867912061577,3671.9867912061577,29151.568,4381.43
499,0.2979548488815415,-3075.6571552024666,3975.6571552024666,18052.354,4366.598
500,0.2972430418551101,-3608.323362202247,4508.323362202247,75281.92,3060.1504
501,0.2965329943727351,-3888.233421779716,4788.233421779716,25082.406,3717.4192
502,0.29582470208492984,-2737.323459521289,3637.323459521289,26788.86,5223.17
503,0.2951181606529589,-3194.289324229027,4094.289324229027,26288.723,1860.2639
504,0.2944133657488125,-3396.833080955279,4296.833080955279,21564.188,2862.397
505,0.293710313055179,-3322.535749922772,4222.535749922772,31263.715,2860.6345
506,0.29300899826541893,-2796.982084475506,3696.982084475506,18648.805,5121.9526
507,0.2923094170835389,-2565.838975045165,3465.838975045165,22360.445,5326.333
508,0.2916115652241647,-4377.376312506678,5277.376312506678,24112.426,3280.1433
509,0.2909154384125153,-2840.449256914338,3740.449256914338,33969.34,1852.306
510,0.2902210323843767,-3056.7987261352823,3956.7987261352823,29467.238,3119.8445
511,0.2895283428860758,-2750.2337454406443,3650.2337454406443,143920.67,5025.689
512,0.28883736567445434,-3432.6182740005006,4332.618274000501,32506.238,863.8142
513,0.2881480965168429,-2643.8011509533117,3543.8011509533117,23373.258,1700.448
514,0.28746053119103504,-2389.31582513221,3289.31582513221,24703.06,5378.4785
515,0.28677466548526115,-5014.98698457292,5914.98698457292,24678.594,1691.379
516,0.2860904951981629,-3020.5794741192585,3920.5794741192585,26550.652,5221.131
517,0.28540801613876765,-3548.82986519565,4448.82986519565,23040.445,3611.9443
518,0.2847272241264624,-3130.593696699957,4030.593696699957,21475.098,3889.0317
519,0.28404811499096855,-3642.9483187977776,4542.948318797778,14122.156,3258.0884
520,0.283370684572316,-3566.2299203302146,4466.229920330215,15180.312,4453.497
521,0.282694928720818,-3756.526187476202,4656.526187476202,17590.652,3236.8083
522,0.28202084329704535,-3202.7726476300822,4102.772647630082,23668.78,4963.7305
523,0.28134842417180156,-4000.5868647105544,4900.586864710554,19691.77,3971.2637
524,0.2806776672260971,-3042.9134963896927,3942.9134963896927,12061.6,5372.943
525,0.2800085683511243,-2926.810674649108,3826.810674649108,30951.152,5000.103
526,0.27934112344823236,-3406.8335271672677,4306.833527167268,22178.232,4749.784
527,0.2786753284289019,-3533.948843620292,4433.948843620292,14127.934,3779.1885
528,0.2780111792147203,-2629.4882409526067,3529.4882409526067,23623.797,5544.5767
529,0.27734867173735644,-3246.8240226852904,4146.82402268529,20460.188,4630.513
530,0.27668780193853587,-3051.955675930542,3951.955675930542,16591.094,3982.9717
531,0.27602856577001594,-3836.759139015833,4736.759139015833,28468.697,3651.7607
532,0.2753709591935611,-2675.857766711568,3575.857766711568,13045.227,4755.123
533,0.27471497818091795,-2492.801671953779,3392.801671953779,14856.265,5294.381
534,0.2740606187137908,-4245.617776137327,5145.617776137327,13712.291,2492.7212
535,0.27340787678381684,-3505.6953236687286,4405.695323668729,16171.188,4175.4487
536,0.27275674839254177,-3580.032131487251,4480.032131487251,15526.822,3998.9724
537,0.2721072295513951,-4233.971213972339,5133.971213972339,10690.841,3732.936
538,0.2714593162816662,-3057.7224643247246,3957.7224643247246,26674.344,4128.522
539,0.2708130046144791,-3546.5661809805906,4446.566180980591,20418.328,1143.6338
540,0.2701682905907689,-1815.2673194391814,2715.2673194391814,19246.275,5891.9834
541,0.26952517026125733,-2843.4373536577186,3743.4373536577186,15860.949,5124.241
542,0.2688836396864283,-2572.08431356631,3472.08431356631,18952.88,5185.802
543,0.2682436949365042,-3772.979863471797,4672.979863471797,17266.344,3604.6033
544,0.2676053320914214,-2585.000845204575,3485.000845204575,14889.725,5241.8613
545,0.2669685472408065,-3033.568083020726,3933.568083020726,41468.69,4482.24
546,0.2663333364839523,-1776.2924362230187,2676.2924362230187,43104.094,5981.3013
547,0.265699695929794,-3131.5144713532745,4031.5144713532745,32937.72,4979.423
548,0.2650676216968851,-3358.842632717313,4258.842632717313,17325.354,4432.3525
549,0.26443710991337394,-3595.0793825230157,4495.079382523016,12281.076,2970.5576
550,0.26380815671697977,-3222.245143647988,4122.245143647988,10144.342,4247.603
551,0.2631807582549692,-2910.5802610771366,3810.5802610771366,16612.895,3542.8342
552,0.26255491068413267,-2871.273257941372,3771.273257941372,14430.25,5633.3687
553,0.2619306101707607,-2683.8179163925815,3583.8179163925815,14819.832,5085.3174
554,0.2613078528906203,-2487.4579695182956,3387.4579695182956,16312.105,5218.7783
555,0.26068663502893213,-2700.9511007028104,3600.9511007028104,12455.388,3787.0952
556,0.2600669527803466,-3364.871767130986,4264.871767130986,19085.531,3049.246
557,0.25944880234892054,-6825.433765601774,7725.433765601774,25002.512,1292.5344
558,0.25883217994809443,-3143.763965031811,4043.763965031811,43837.664,5010.776
559,0.25821708180066866,-4048.879843816394,4948.879843816394,52479.84,2079.025
560,0.2576035041387808,-3324.5710917233664,4224.571091723366,9563.123,2173.1714
561,0.2569914432038822,-4653.059076506495,5553.059076506495,34415.637,3801.285
562,0.2563808952467152,-3980.515012681706,4880.515012681706,22325.688,1570.0955
563,0.25577185652729006,-3382.864172989437,4282.864172989437,16716.242,5124.2305
564,0.25516432331486205,-2674.6069958683856,3574.6069958683856,16513.379,4336.194
565,0.25455829188790874,-3461.628455504003,4361.628455504003,15824.346,2944.602
566,0.25395375853410684,-3662.385759606268,4562.385759606268,12536.256,4177.4175
567,0.25335071955030986,-3306.370704744898,4206.370704744898,8624.745,3042.673
568,0.25274917124252533,-3859.9930480387184,4759.993048038718,26234.945,3963.2522
569,0.2521491099258919,-2922.1501016590537,3822.1501016590537,23730.773,4279.071
570,0.2515505319246572,-3221.9840437837047,4121.984043783705,22581.004,4342.0303
571,0.25095343357215494,-2313.461132876002,3213.461132876002,34916.633,3557.5786
572,0.2503578112107826,-2687.6873106683483,3587.6873106683483,35579.85,3755.042
573,0.2497636611919792,-3391.858120429022,4291.858120429022,35769.645,4756.59
574,0.24917097987620257,-5372.96154593733,6272.96154593733,27884.082,851.46735
575,0.24857976363290743,-2868.047941982566,3768.047941982566,30932.781,5498.163
576,0.2479900088405229,-4057.121796247133,4957.121796247133,44700.35,3021.3887
577,0.24740171188643048,-7005.548140894257,7905.548140894257,27933.36,3.3312159
578,0.24681486916694179,-5200.039866625569,6100.039866625569,21912.926,2785.5305
579,0.24622947708727652,-3539.753512717227,4439.753512717227,22057.498,4672.5347
580,0.24564553206154052,-3855.97991518082,4755.97991518082,17417.55,4451.249
581,0.2450630305127037,-3840.5171087639865,4740.5171087639865,23060.309,3536.0642
582,0.24448196887257817,-3736.514188985894,4636.514188985894,14179.112,4020.9768
583,0.24390234358179647,-2977.4362063336175,3877.4362063336175,16297.625,3914.5923
584,0.24332415108978955,-3025.051353580969,3925.051353580969,17009.307,4939.6533
585,0.24274738785476524,-3946.5289992482576,4846.528999248258,17106.096,4421.85
586,0.24217205034368644,-2657.1828068873383,3557.1828068873383,16278.484,2696.4893
587,0.2415981350322495,-3123.462489722152,4023.462489722152,9655.176,1191.5613
588,0.2410256384048627,-3317.3376296061633,4217.337629606163,26682.021,3617.5852
589,0.24045455695462453,-2805.3589977098004,3705.3589977098004,17881.305,4014.7705
590,0.23988488718330245,-3271.138106776387,4171.138106776387,9271.581,2632.8528
591,0.23931662560131123,-3641.586907209683,4541.586907209683,18724.309,3638.701
592,0.2387497687276918,-3199.0428585558184,4099.042858555818,14170.895,4424.5986
593,0.23818431309008967,-3227.103234899625,4127.103234899625,31100.36,4722.1123
594,0.23762025522473396,-3368.4008251559835,4268.4008251559835,17831.16,3926.6694
595,0.2370575916764159,-3158.1292138122426,4058.1292138122426,7305.282,4437.663
596,0.23649631899846787,-3185.126308727994,4085.126308727994,26587.64,5352.9766
597,0.2359364337527422,-3672.1060506752883,4572.106050675288,15578.663,1667.7966
598,0.23537793250958997,-3549.1264072981994,4449.126407298199,13650.117,4488.399
599,0.2348208118478403,-3089.7870045995583,3989.7870045995583,18552.75,3117.3745
600,0.23426506835477923,-3601.925901721447,4501.925901721447,18852.176,4339.6587
601,0.23371069862612873,-3544.7797940336095,4444.7797940336095,18111.3,2582.1162
602,0.23315769926602606,-3388.595114812064,4288.595114812064,36892.594,4901.8145
603,0.23260606688700275,-3197.3748411626984,4097.374841162698,37505.863,4539.583
604,0.23205579810996396,-2936.334070408232,3836.334070408232,14151.382,4725.6313
605,0.23150688956416787,-3576.5952392030886,4476.595239203089,35619.59,4861.4033
606,0.2309593378872048,-2653.0257860469283,3553.0257860469283,29891.92,5481.75
607,0.2304131397249768,-3851.9290391348914,4751.929039134891,27348.66,491.89398
608,0.22986829173167703,-4124.258003769654,5024.258003769654,31012.37,2586.9277
609,0.2293247905697693,-3860.2867820549973,4760.286782054997,11596.698,1535.4614
610,0.22878263290996764,-4329.73388562096,5229.73388562096,9843.646,3274.9336
611,0.22824181543121583,-3021.1049485152075,3921.1049485152075,23398.71,4095.7178
612,0.22770233482066707,-3599.418403758127,4499.418403758127,18235.668,1529.5219
613,0.22716418777366382,-3205.4050892192317,4105.405089219232,14987.053,4389.1074
614,0.22662737099371735,-3376.7945618859385,4276.7945618859385,28080.195,4028.92
615,0.2260918811924877,-5065.5615843307605,5965.5615843307605,20866.348,3721.8652
616,0.2255577150897635,-3585.110005136504,4485.110005136504,18581.814,4661.8394
617,0.2250248694134418,-3312.060864516314,4212.060864516314,35691.67,4752.094
618,0.2244933408995082,-2125.9183828078912,3025.9183828078912,22558.857,2310.0396
619,0.22396312629201665,-3278.5903224301246,4178.590322430125,17488.43,4278.755
620,0.22343422234306964,-2684.1831436381003,3584.1831436381003,41402.555,1820.7219
621,0.22290662581279827,-3492.004400670411,4392.004400670411,35866.008,4154.5967
622,0.22238033346934238,-2837.31804643581,3737.31804643581,29018.082,1390.1622
623,0.2218553420888308,-2460.7239599603204,3360.7239599603204,11503.917,2629.3862
624,0.22133164845536157,-3487.494776496116,4387.494776496116,19052.676,547.3792
625,0.22080924936098223,-3708.561663731337,4608.561663731337,36206.086,3654.0012
626,0.2202881416056702,-3489.4732769438024,4389.473276943802,13362.446,4589.4204
627,0.21976832199731314,-3937.693114864911,4837.693114864911,47327.203,1477.6602
628,0.21924978735168946,-2885.9000157635783,3785.9000157635783,45270.688,2843.5967
629,0.21873253449244873,-3672.6464789767942,4572.646478976794,20914.332,4479.7354
630,0.2182165602510923,-5915.990607794393,6815.990607794393,52291.574,965.23364
631,0.21770186146695383,-3607.096490404787,4507.096490404787,44267.676,3962.9438
632,0.21718843498718,-3128.6795916030424,4028.6795916030424,21558.125,2944.812
633,0.21667627766671108,-3212.940364897039,4112.940364897039,62347.594,3347.5977
634,0.2161653863682618,-6430.291100751508,7330.291100751508,25244.758,1708.4939
635,0.21565575796230207,-3302.862121071512,4202.862121071512,20648.195,4516.413
636,0.2151473893270378,-3551.8509132043528,4451.850913204353,23331.082,4945.96
637,0.21464027734839175,-2997.9418109600274,3897.9418109600274,21140.246,4717.911
638,0.21413441891998453,-3240.113913400488,4140.113913400488,18844.65,3867.0176
639,0.2136298109431155,-3568.8037696480715,4468.8037696480715,17619.426,4664.301
640,0.21312645032674388,-3518.0728991664364,4418.072899166436,17734.037,4028.3926
641,0.21262433398746974,-4002.3566613203884,4902.356661320388,10177.785,1495.0571
642,0.21212345884951508,-3538.126932490287,4438.126932490287,17999.422,3835.7805
643,0.21162382184470505,-2753.1004236665103,3653.1004236665103,13750.982,5102.2593
644,0.21112541991244915,-3404.9865870516205,4304.9865870516205,10847.826,4490.2803
645,0.21062824999972252,-3027.9082883966753,3927.9082883966753,20085.037,4674.664
646,0.21013230906104713,-3275.3919898535432,4175.391989853543,16520.725,4158.5767
647,0.20963759405847324,-2677.278209418345,3577.278209418345,32060.656,5517.2656
648,0.20914410196156072,-3465.1577788624963,4365.157778862496,24542.973,3338.6794
649,0.2086518297473605,-4029.416146695353,4929.416146695353,27181.32,3150.7808
650,0.20816077440039604,-3548.306731188999,4448.306731188999,18819.316,4435.737
651,0.20767093291264488,-4000.482859191832,4900.482859191832,15078.986,4041.191
652,0.20718230228352028,-2999.9885967467285,3899.9885967467285,16586.84,3362.725
653,0.20669487951985263,-3658.6050429559555,4558.6050429559555,25658.16,4319.8984
654,0.20620866163587145,-3747.236686625055,4647.236686625055,21985.562,4914.587
655,0.2057236456531867,-3707.1315342290545,4607.1315342290545,14928.248,3535.401
656,0.2052398286007709,-3069.0514878994736,3969.0514878994736,26139.691,3609.4385
657,0.20475720751494067,-3486.378568120933,4386.378568120933,19345.607,4298.2476
658,0.20427577943933872,-4148.838380872268,5048.838380872268,23921.848,3321.8135
659,0.20379554142491568,-3808.661422225665,4708.661422225665,23464.598,2108.1414
660,0.20331649052991205,-3545.323235340823,4445.323235340823,14658.66,4704.178
661,0.20283862381984022,-3003.9326313672354,3903.9326313672354,15382.248,5009.0547
662,0.20236193836746644,-3680.1865314454462,4580.186531445446,16365.4,4298.802
663,0.20188643125279288,-3194.6174927121206,4094.6174927121206,9417.226,3251.4219
664,0.20141209956303974,-2660.635627154874,3560.635627154874,18467.21,4083.1255
665,0.20093894039262755,-2580.3171540478625,3480.3171540478625,27806.275,5904.0703
666,0.20046695084315916,-3933.5616912346477,4833.561691234648,22744.824,3568.0088
667,0.1999961280234021,-3102.065273348462,4002.065273348462,34219.836,2017.7766
668,0.19952646904927088,-3889.6274013581433,4789.627401358143,23073.758,4539.6025
669,0.19905797104380926,-3435.8866708804635,4335.8866708804635,100088.375,4674.1016
670,0.19859063113717268,-3751.2296310396523,4651.229631039652,27639.441,3142.6113
671,0.19812444646661068,-2894.7404311944274,3794.7404311944274,29054.738,4862.023
672,0.19765941417644933,-3304.2241701840494,4204.224170184049,35271.574,4165.853
673,0.19719553141807372,-3477.295810795804,4377.295810795804,40969.336,3142.6423
674,0.19673279534991062,-3380.5280070984536,4280.528007098454,68020.67,3993.35
675,0.19627120313741095,-3796.8323268145614,4696.832326814561,60897.633,0.0
676,0.19581075195303244,-3460.282837254237,4360.282837254237,20498.336,3971.8232
677,0.19535143897622237,-3906.043384729337,4806.043384729337,40070.234,4448.5605
678,0.19489326139340027,-3553.49790309953,4453.49790309953,17420.236,3130.726
679,0.19443621639794065,-2679.7479239019162,3579.7479239019162,24193.45,4820.3564
680,0.19398030119015583,-3756.2516003673154,4656.251600367315,17306.02,4136.1567
681,0.19352551297727877,-3741.5396396389633,4641.539639638963,31064.018,3564.1938
682,0.19307184897344604,-2882.4500039491604,3782.4500039491604,24081.996,2566.858
683,0.1926193063996806,-4184.039363640321,5084.039363640321,26497.16,1468.7133
684,0.19216788248387498,-3087.660545252842,3987.660545252842,33686.973,4467.155
685,0.19171757446077414,-3238.2669083050478,4138.266908305048,26192.59,4052.8774
686,0.19126837957195858,-3782.022221028734,4682.022221028734,57678.125,4126.0605
687,0.19082029506582743,-4124.421291554574,5024.421291554574,23490.957,3560.879
688,0.19037331819758166,-3203.4832447565495,4103.4832447565495,20429.535,3907.061
689,0.18992744622920718,-3785.715149181974,4685.715149181974,44014.785,3522.248
690,0.18948267642945815,-3624.7861220320992,4524.786122032099,14248.643,3900.776
691,0.18903900607384014,-3344.2937588978866,4244.293758897887,26978.516,4511.583
692,0.18859643244459356,-3405.030578475129,4305.030578475129,22513.998,4534.873
693,0.18815495283067696,-3547.7448878422874,4447.744887842287,15139.697,3262.52
694,0.18771456452775034,-3496.7508048996006,4396.750804899601,32381.988,3601.976
695,0.1872752648381588,-3345.6726664238167,4245.672666423817,20365.025,4725.17
696,0.18683705107091572,-3876.337160479068,4776.337160479068,18244.05,5159.1934
697,0.18639992054168655,-4296.857068092981,5196.857068092981,15495.652,3700.7283
698,0.18596387057277228,-4006.9457374536805,4906.9457374536805,29820.87,4510.8857
699,0.18552889849309287,-3537.48325490521,4437.48325490521,23484.262,1759.1002
700,0.18509500163817122,-3927.111421674983,4827.111421674983,34398.97,3994.4915
701,0.18466217735011647,-3112.7590364274947,4012.7590364274947,25008.172,4724.8765
702,0.184230422977608,-3774.8690092286324,4674.869009228632,31784.398,3707.3096
703,0.18379973587587908,-3080.057474721457,3980.057474721457,17211.91,5297.183
704,0.1833701134067007,-4203.99760981042,5103.99760981042,15242.625,3736.6562
705,0.18294155293836542,-3095.6770646913615,3995.6770646913615,17637.395,3425.083
706,0.18251405184567107,-3372.6769710306435,4272.6769710306435,21533.066,4527.456
707,0.18208760750990505,-2314.749466295182,3214.749466295182,12052.977,5279.5547
708,0.18166221731882787,-2497.7373153724234,3397.7373153724234,13034.179,5313.3643
709,0.18123787866665741,-2439.2181052731335,3339.2181052731335,26300.52,5634.2314
710,0.18081458895405295,-3734.8287589383126,4634.828758938313,14825.852,5097.389
711,0.18039234558809905,-3008.966342620468,3908.966342620468,26190.082,3587.318
712,0.17997114598228992,-3588.9136613729415,4488.9136613729415,14403.319,610.65533
713,0.17955098755651336,-3434.5859983889604,4334.58599838896,15010.223,4269.784
714,0.17913186773703513,-3089.8844301261797,3989.8844301261797,18728.371,5269.646
715,0.1787137839564831,-3646.888743567045,4546.888743567045,16586.965,4221.8384
716,0.17829673365383145,-3045.24664733559,3945.24664733559,15311.766,4338.6025
717,0.17788071427438515,-3669.448826460198,4569.448826460198,15190.068,4505.9834
718,0.17746572326976418,-4166.074233845724,5066.074233845724,13531.163,1772.2871
719,0.17705175809788798,-3167.342684718937,4067.342684718937,32867.0,4424.896
720,0.17663881622295985,-3248.981848901126,4148.981848901126,13504.795,3978.7212
721,0.17622689511545137,-3062.6554592026414,3962.6554592026414,33572.0,4507.5693
722,0.17581599225208708,-4136.497633733968,5036.497633733968,37071.33,4101.562
723,0.17540610511582885,-3767.030710425878,4667.030710425878,31745.254,2819.3154
724,0.17499723119586047,-3318.689813306416,4218.689813306416,44455.02,4436.271
725,0.17458936798757238,-3392.2531049171557,4292.253104917156,27493.314,5199.9736
726,0.1741825129925462,-3752.181088949881,4652.181088949881,21141.877,4075.3992
727,0.1737766637185396,-3782.539315660657,4682.539315660657,23492.166,3887.958
728,0.17337181767947077,-2644.344300605555,3544.344300605555,42257.062,4563.125
729,0.17296797239540349,-3004.466125994896,3904.466125994896,30263.14,4516.3247
730,0.17256512539253172,-3450.174891756513,4350.174891756513,22240.352,2751.4175
731,0.17216327420316455,-3895.0307647131376,4795.030764713138,44941.8,3249.621
732,0.17176241636571093,-3555.9087536735206,4455.908753673521,53898.03,3758.1897
733,0.1713625494246649,-3522.8884130997376,4422.888413099738,27106.691,4376.714
734,0.17096367093059026,-2861.126971565559,3761.126971565559,20822.434,4984.83
735,0.17056577844010568,-3742.088370796695,4642.088370796695,14954.01,4253.0903
736,0.17016886951586974,-2904.9486819846657,3804.9486819846657,15403.813,4897.1543
737,0.16977294172656596,-3998.5428222532964,4898.542822253296,18128.893,4255.0635
738,0.16937799264688796,-3299.61422077333,4199.61422077333,34632.117,4266.1445
739,0.16898401985752454,-2940.6934978328586,3840.6934978328586,23118.2,4970.1367
740,0.16859102094514486,-4209.510753945226,5109.510753945226,16538.316,1954.7239
741,0.1681989935023838,-3010.7632997692617,3910.7632997692617,12783.241,4856.583
742,0.16780793512782696,-3690.4137078503727,4590.413707850373,15687.949,3908.2812
743,0.16741784342599622,-3334.1688942490146,4234.168894249015,10142.059,4843.2
744,0.16702871600733482,-3254.366604681718,4154.366604681718,9624.432,4096.1855
745,0.16664055048819296,-2650.98205163231,3550.98205163231,12371.959,5125.143
746,0.16625334449081297,-4111.453225258657,5011.453225258657,28716.193,4024.352
747,0.16586709564331495,-2393.9762572241584,3293.9762572241584,21540.793,3692.501
748,0.16548180157968204,-2867.4223466069343,3767.4223466069343,18403.14,3574.0264
749,0.16509745993974612,-3328.00842381401,4228.00842381401,13317.363,5004.279
750,0.16471406836917324,-3242.41433166304,4142.41433166304,25413.408,3899.9863
751,0.16433162451944916,-2804.578129958276,3704.578129958276,17430.248,4804.0254
752,0.16395012604786516,-3186.23743685108,4086.23743685108,28327.848,4810.1733
753,0.16356957061750338,-3016.231613747228,3916.231613747228,46903.914,2355.6643
754,0.16318995589722285,-3896.0328662166885,4796.0328662166885,20576.383,3279.6875
755,0.16281127956164493,-3243.832346045796,4143.832346045796,15319.136,3079.4966
756,0.16243353929113918,-2952.571740289217,3852.571740289217,24831.547,4706.5186
757,0.1620567327718092,-3479.898768460792,4379.898768460792,17367.586,4717.784
758,0.16168085769547838,-3378.705127293667,4278.705127293667,18981.102,901.01306
759,0.16130591175967582,-3758.899065235073,4658.899065235073,31192.89,3389.327
760,0.16093189266762206,-3675.705844713835,4575.705844713835,11018.907,3395.1575
761,0.1605587981282153,-3918.1827027745585,4818.1827027745585,21292.383,3745.7954
762,0.1601866258560171,-3639.432643342264,4539.432643342264,22560.05,2958.1428
763,0.15981537357123854,-4095.834725869292,4995.834725869292,37775.54,3091.8416
764,0.15944503899972617,-5290.301827986955,6190.301827986955,7231.673,457.61575
765,0.15907561987294813,-2789.165256834682,3689.165256834682,51864.93,4313.832
766,0.15870711392798026,-3118.9231975384887,4018.9231975384887,10776.899,4294.23
767,0.1583395189074921,-3358.606820767647,4258.606820767647,10194.055,3796.5786
768,0.15797283255973332,-3598.276024577679,4498.276024577679,25526.41,3498.6667
769,0.15760705263851968,-4803.21125969732,5703.21125969732,23647.96,971.4281
770,0.15724217690321943,-3208.359237063083,4108.359237063083,13841.424,5798.0986
771,0.15687820311873946,-3075.359316365569,3975.359316365569,23824.512,4863.3086
772,0.15651512905551176,-2868.6364162017976,3768.6364162017976,24042.508,3967.503
773,0.15615295248947964,-3065.4842532281887,3965.4842532281887,10003.637,4411.684
774,0.1557916712020841,-3049.469487696322,3949.469487696322,9671.694,4041.0264
775,0.15543128298025044,-3351.6482590359537,4251.648259035954,15825.494,4231.936
776,0.15507178561637425,-2686.569136034626,3586.569136034626,21657.629,4698.771
777,0.15471317690830846,-3262.048758390587,4162.048758390587,27055.129,4834.126
778,0.1543554546593495,-4563.862653158566,5463.862653158566,18578.5,3538.5264
779,0.15399861667822387,-3108.507618826562,4008.507618826562,31830.31,3904.5557
780,0.15364266077907482,-3632.4004807774127,4532.400480777413,7567.8823,4038.3936
781,0.15328758478144885,-4074.0166164564407,4974.016616456441,28848.059,3758.0425
782,0.15293338651028246,-3599.6367449227027,4499.636744922703,23618.463,1237.2587
783,0.15258006379588876,-3865.968249614354,4765.968249614354,11348.575,2889.9917
784,0.1522276144739442,-3281.8761128895976,4181.876112889598,22367.07,2805.2913
785,0.15187603638547525,-3566.142031038612,4466.142031038612,35434.445,1328.5239
786,0.15152532737684538,-3394.734833718324,4294.734833718324,9731.479,1661.081
787,0.1511754852997415,-3712.0237318616164,4612.023731861616,14167.709,4879.053
788,0.15082650801116126,-3443.2575283753886,4343.257528375389,24056.273,4621.327
789,0.15047839337339947,-3635.574552880672,4535.574552880672,17871.084,3662.496
790,0.15013113925403537,-3864.4199092935996,4764.4199092936,26692.363,4395.5015
791,0.1497847435259194,-3546.6641738032977,4446.664173803298,12632.889,3924.1882
792,0.14943920406716002,-2420.4094825056136,3320.4094825056136,11386.98,17.276133
793,0.14909451876111107,-3076.702221629662,3976.702221629662,20746.793,4477.377
794,0.14875068549635856,-1431.417752866107,2331.417752866107,10633.548,6032.6914
795,0.1484077021667078,-2460.5910078992306,3360.5910078992306,13709.847,5652.5566
796,0.14806556667117038,-2584.0357081184793,3484.0357081184793,18047.398,5420.704
797,0.1477242769139515,-2589.7667098661814,3489.7667098661814,22665.992,3594.0557
798,0.1473838308044371,-2355.0603027987545,3255.0603027987545,21939.531,5067.4346
799,0.14704422625718086,-2714.1565226470507,3614.1565226470507,16600.605,4919.9897
800,0.14670546119189157,-3355.1201167689796,4255.12011676898,39249.71,3009.5332
801,0.1463675335334205,-3362.2479511687725,4262.2479511687725,23787.656,3037.9265
802,0.14603044121174844,-3339.75886243055,4239.75886243055,14920.323,4228.3296
803,0.14569418216197316,-4495.687926971506,5395.687926971506,14648.55,1621.5759
804,0.1453587543242968,-3458.2214277606727,4358.221427760673,24872.656,3094.491
805,0.1450241556440132,-3637.8573379541685,4537.8573379541685,23792.273,4497.957
806,0.14469038407149518,-2999.7514165016323,3899.7514165016323,17107.773,4490.1357
807,0.14435743756218228,-2586.302890817955,3486.302890817955,19448.527,3468.581
808,0.14402531407656796,-3185.6721096233605,4085.6721096233605,20974.738,5123.995
809,0.14369401158018733,-2379.9866660844677,3279.9866660844677,22933.3,5053.8506
810,0.14336352804360436,-2494.686860839083,3394.686860839083,13134.832,4360.298
811,0.1430338614423999,-3489.8295246296584,4389.829524629658,29108.09,3898.8892
812,0.14270500975715897,-2823.840630698845,3723.840630698845,27626.352,5298.9404
813,0.14237697097345836,-3930.6383457643205,4830.638345764321,13486.5625,3970.689
814,0.1420497430818545,-3670.3873717019824,4570.387371701982,47752.29,3169.5789
815,0.141723324077871,-3062.9953101507654,3962.9953101507654,32655.436,3574.6133
816,0.14139771196198647,-3726.163387972065,4626.163387972065,24843.273,3791.374
817,0.14107290473962217,-2044.2655385258095,2944.2655385258095,18975.42,6403.791
818,0.1407489004211298,-3450.236449033686,4350.236449033686,10039.559,2992.5063
819,0.1404256970217794,-3667.3468956131383,4567.346895613138,13795.621,4008.799
820,0.1401032925617472,-2901.613507869667,3801.613507869667,14208.53,4144.0415
821,0.13978168506610328,-2989.0161140544183,3889.0161140544183,16295.768,4826.6924
822,0.13946087256479978,-2520.6540086936197,3420.6540086936197,26663.227,5600.0273
823,0.13914085309265858,-3138.5908504862273,4038.5908504862273,21854.457,5004.6543
824,0.13882162468935944,-3439.33865516854,4339.33865516854,8687.084,3731.2183
825,0.13850318539942788,-2484.125408387989,3384.125408387989,15123.203,5875.6245
826,0.13818553327222316,-2911.1056651405415,3811.1056651405415,16273.791,2022.531
827,0.13786866636192655,-3144.9300045388245,4044.9300045388245,35687.51,5290.9995
828,0.13755258272752915,-3006.0590308213646,3906.0590308213646,15383.1455,5302.1035
829,0.13723728043282016,-2899.0467656379474,3799.0467656379474,11200.652,2853.6775
830,0.13692275754637498,-2636.928124274654,3536.928124274654,33197.938,2711.0078
831,0.1366090121415434,-2845.3348677724184,3745.3348677724184,9409.162,4977.805
832,0.1362960422964377,-3784.496847140207,4684.496847140207,15140.545,972.8665
833,0.13598384609392103,-3466.6077315101247,4366.607731510125,23426.137,1858.4794
834,0.13567242162159554,-3307.0355501223603,4207.03555012236,13722.122,2401.2725
835,0.13536176697179067,-3302.647599825983,4202.647599825983,17590.578,4409.952
836,0.13505188024155165,-3428.5536400019737,4328.553640001974,20327.775,2956.915
837,0.13474275953262754,-3352.9129099721176,4252.912909972118,18784.96,3272.6084
838,0.13443440295145986,-2073.501822579849,2973.501822579849,25676.674,5928.5044
839,0.13412680860917087,-2755.0112030253454,3655.0112030253454,66817.36,5362.9834
840,0.13381997462155198,-3310.389645615972,4210.389645615972,12240.364,4060.366
841,0.13351389910905231,-3409.7808762865443,4309.780876286544,10524.654,3429.653
842,0.13320858019676712,-3600.711958578562,4500.711958578562,29093.107,4597.948
843,0.13290401601442625,-2744.2498639888763,3644.2498639888763,15015.934,4723.0723
844,0.1326002046963828,-3498.7213071853785,4398.7213071853785,33048.15,3713.6714
845,0.1322971443816016,-2469.791749459238,3369.791749459238,28935.328,5079.523
846,0.13199483321364786,-2441.6811978714063,3341.6811978714063,33363.516,5326.798
847,0.1316932693406758,-3278.1096468721917,4178.109646872192,19891.295,4815.713
848,0.13139245091541726,-3525.5633428613683,4425.563342861368,14576.396,3308.815
849,0.1310923760951705,-2754.310784997879,3654.310784997879,13814.645,5120.277
850,0.13079304304178865,-3014.5532757217466,3914.5532757217466,15446.318,4575.842
851,0.1304944499216688,-2733.330485612222,3633.330485612222,27436.941,2623.948
852,0.13019659490574056,-3950.1640955964212,4850.164095596421,18993.67,3460.399
853,0.1298994761694548,-3571.165200343303,4471.165200343303,30521.088,3685.3645
854,0.1296030918927727,-3072.563592170636,3972.563592170636,14376.223,4151.4175
855,0.12930744026015437,-2888.1299395546043,3788.1299395546043,18186.73,4257.892
856,0.12901251946054781,-2336.861930854876,3236.861930854876,21958.77,1629.3188
857,0.12871832768737795,-4161.574334432012,5061.574334432012,27672.578,3957.214
858,0.12842486313853535,-2621.9255773692425,3521.9255773692425,34250.906,4380.3975
859,0.1281321240163653,-2405.3404471636063,3305.3404471636063,30064.25,3769.5735
860,0.12784010852765687,-3443.499068940795,4343.499068940795,17232.527,3109.1587
861,0.12754881488363168,-3249.464313509976,4149.464313509976,23564.184,3690.211
862,0.12725824129993324,-2898.9375284342373,3798.9375284342373,30358.963,4805.0244
863,0.1269683859966158,-4279.968717399713,5179.968717399713,13600.884,2409.6638
864,0.12667924719813362,-1983.6762481962778,2883.676248196278,12253.221,7097.674
865,0.1263908231333299,-3222.2414451127643,4122.241445112764,22105.531,3079.971
866,0.12610311203542607,-3810.720882314412,4710.720882314412,27089.758,3650.9592
867,0.12581611214201094,-2135.863619426853,3035.863619426853,7016.517,5539.188
868,0.1255298216950299,-3066.07887114561,3966.07887114561,13339.675,4064.6084
869,0.12524423894077416,-3158.8337460593757,4058.8337460593757,14188.324,4062.378
870,0.12495936212986992,-2984.4783191843794,3884.4783191843794,13686.37,4337.1255
871,0.12467518951726782,-2414.256928148008,3314.256928148008,18924.98,5052.7383
872,0.12439171936223208,-3465.8073734410455,4365.8073734410455,22489.637,4939.6157
873,0.12410894992832994,-2843.4057722802577,3743.4057722802577,12672.695,1922.3203
874,0.12382687948342104,-3253.3262027821456,4153.326202782146,16268.945,3364.8552
875,0.1235455062996467,-3057.292921631805,3957.292921631805,28764.977,4051.082
876,0.12326482865341942,-2495.234024847208,3395.234024847208,13646.799,5781.3096
877,0.12298484482541236,-3039.3005292198895,3939.3005292198895,28298.008,3479.2046
878,0.12270555310054866,-3476.0639535365553,4376.063953536555,18752.422,3785.3247
879,0.1224269517679911,-3182.9265379319236,4082.9265379319236,15646.528,4079.0393
880,0.12214903912113152,-3188.5074563109247,4088.5074563109247,19000.508,3819.3372
881,0.12187181345758039,-3454.539608077467,4354.539608077467,19227.1,2563.363
882,0.12159527307915638,-3740.6763844979123,4640.676384497912,12014.303,4673.008
883,0.12131941629187598,-4059.813176172436,4959.813176172436,15989.669,2152.156
884,0.1210442414059431,-3159.4068049848993,4059.4068049848993,14473.14,4463.919
885,0.1207697467357387,-4073.588988036925,4973.588988036925,20474.143,3481.637
886,0.12049593059981052,-3017.5225888853392,3917.5225888853392,21361.828,4960.743
887,0.12022279132086279,-3163.0805148277414,4063.0805148277414,11624.93,2147.0566
888,0.11995032722574575,-3156.4498959178472,4056.4498959178472,9843.103,4441.5967
889,0.11967853664544573,-3739.1142703520027,4639.114270352003,14740.0205,2990.6409
890,0.11940741791507471,-1896.230549783481,2796.230549783481,22790.555,5683.5107
891,0.11913696937386019,-3404.343524965232,4304.343524965232,10683.907,3741.4287
892,0.11886718936513492,-2612.851752803841,3512.851752803841,16549.21,4963.8574
893,0.11859807623632694,-2747.541469883161,3647.541469883161,24867.508,5337.482
894,0.11832962833894928,-3578.260759425155,4478.260759425155,21937.031,5181.478
895,0.11806184402858996,-3163.533526637807,4063.533526637807,26009.105,4300.091
896,0.11779472166490187,-3390.5074307598697,4290.50743075987,6656.922,4529.2773
897,0.11752825961159274,-3700.819913842962,4600.819913842962,16037.998,3687.6829
898,0.11726245623641512,-3302.6315107293667,4202.631510729367,21999.115,2361.9111
899,0.11699730991115642,-3588.5295513504743,4488.529551350474,7954.635,3866.3855
900,0.1167328190116288,-2470.270119759863,3370.270119759863,13570.435,5318.6123
901,0.11646898191765938,-2977.9414489840133,3877.9414489840133,15894.64,3287.6375
902,0.11620579701308024,-3500.821002884115,4400.821002884115,10261.213,3732.054
903,0.11594326268571854,-2511.789574225811,3411.789574225811,8256.545,3700.4163
904,0.11568137732738659,-3598.683604856612,4498.683604856612,22980.8,1612.1013
905,0.1154201393338721,-2722.4261760883064,3622.4261760883064,25530.465,4907.4585
906,0.11515954710492826,-2802.619819358978,3702.619819358978,9112.949,5145.661
907,0.11489959904426397,-3875.0976563043414,4775.097656304341,9078.48,2039.6542
908,0.11464029355953412,-2849.2338202674546,3749.2338202674546,9086.816,3967.233
909,0.1143816290623297,-3638.1678858349787,4538.167885834979,8859.445,4763.126
910,0.11412360396816817,-3423.3395987666618,4323.339598766662,4680.9883,2554.1821
911,0.11386621669648381,-2952.2071445530746,3852.2071445530746,10936.268,4923.3467
912,0.1136094656706179,-3054.2332609678087,3954.2332609678087,16615.258,4435.3496
913,0.11335334931780909,-4244.37256506652,5144.37256506652,10780.601,1714.7198
914,0.11309786606918389,-3209.9645206830073,4109.964520683007,17410.197,3373.402
915,0.11284301435974692,-3790.663583107669,4690.663583107669,6651.843,5118.7373
916,0.11258879262837135,-3519.8483096421805,4419.8483096421805,9892.13,3308.311
917,0.11233519931778943,-3310.8009705845616,4210.800970584562,13626.269,3857.9197
918,0.11208223287458281,-3338.832393433391,4238.832393433391,22085.738,5060.856
919,0.11182989174917315,-3428.9441013453206,4328.944101345321,10354.768,3914.6553
920,0.11157817439581258,-2909.1811775038177,3809.1811775038177,13970.09,4988.013
921,0.11132707927257413,-3133.7723049279925,4033.7723049279925,14128.56,4371.805
922,0.11107660484134252,-3174.722642811885,4074.722642811885,16227.764,5122.713
923,0.1108267495678045,-2561.2304213198017,3461.2304213198017,27641.75,4486.58
924,0.11057751192143958,-2780.273580011485,3680.273580011485,12503.711,4811.2197
925,0.11032889037551061,-2987.78253452286,3887.78253452286,14442.974,4739.09
926,0.11008088340705449,-3629.230917496998,4529.230917496998,9215.367,3396.1472
927,0.10983348949687273,-2921.861949606812,3821.861949606812,16360.578,4329.985
928,0.10958670712952223,-2847.2690882550232,3747.2690882550232,7206.706,2264.7217
929,0.10934053479330601,-2650.6020374525224,3550.6020374525224,21626.145,5191.048
930,0.10909497098026384,-2823.426187627007,3723.426187627007,12357.23,4892.0986
931,0.10885001418616316,-2446.51057992656,3346.51057992656,9213.583,6368.557
932,0.10860566291048973,-3144.625251061634,4044.625251061634,10241.209,4723.3984
933,0.1083619156564385,-3280.554527818329,4180.554527818329,15566.986,4659.3633
934,0.10811877093090445,-3005.5932511962646,3905.5932511962646,20604.672,5282.347
935,0.10787622724447338,-2967.069513079442,3867.069513079442,23979.184,3824.039
936,0.10763428311141288,-2832.872579843326,3732.872579843326,24692.926,5324.922
937,0.10739293704966314,-3766.3076998372107,4666.307699837211,38209.51,2423.8838
938,0.10715218758082798,-3892.032829545501,4792.032829545501,21776.867,844.90515
939,0.10691203323016565,-2391.859266921461,3291.859266921461,7498.846,4271.6104
940,0.10667247252657992,-2940.3532741788604,3840.3532741788604,13429.018,3989.7603
941,0.106433504002611,-3013.919732486902,3913.919732486902,18983.979,2590.1414
942,0.10619512619442657,-2534.88534910271,3434.88534910271,21651.652,5081.841
943,0.10595733764181284,-3327.4968952080535,4227.4968952080535,15369.539,4390.5713
944,0.10572013688816555,-3915.6634021450345,4815.6634021450345,35743.848,2921.4673
945,0.1054835224804811,-3180.9201147272033,4080.9201147272033,27101.998,3503.8882
946,0.10524749296934761,-3216.291966149819,4116.291966149819,37632.89,2795.42
947,0.10501204690893608,-3142.1928065609545,4042.1928065609545,18661.887,3099.0593
948,0.1047771828569915,-2310.635796133686,3210.635796133686,12043.229,5261.6543
949,0.104542899374824,-2944.217457696028,3844.217457696028,15102.025,2255.4768
950,0.10430919502730013,-4480.981600338626,5380.981600338626,16497.371,2747.1362
951,0.10407606838283394,-4351.697098529837,5251.697098529837,20224.684,3459.569
952,0.10384351801337832,-3035.0473043716397,3935.0473043716397,11329.633,3536.523
953,0.10361154249441616,-2808.4141747932804,3708.4141747932804,6835.136,4114.484
954,0.10338014040495172,-3471.0517742213824,4371.051774221382,23215.113,3051.55
955,0.10314931032750183,-2923.37083047236,3823.37083047236,16593.89,4256.2695
956,0.10291905084808729,-2757.5159168015343,3657.5159168015343,17510.395,5042.9077
957,0.10268936055622417,-3304.6081386417536,4204.608138641754,10902.186,2512.6753
958,0.10246023804491512,-3753.3206049118544,4653.320604911854,17072.404,2753.8135
959,0.10223168191064087,-3918.981705353016,4818.981705353016,27835.998,3721.3418
960,0.10200369075335153,-2708.3211882741616,3608.3211882741616,23074.15,3232.44
961,0.10177626317645806,-4178.565955585465,5078.565955585465,13245.645,3937.3577
962,0.10154939778682368,-3096.4912649750895,3996.4912649750895,12563.209,4595.9253
963,0.10132309319475537,-1676.5532036306931,2576.553203630693,8728.684,7002.004
964,0.10109734801399539,-3093.8822765530977,3993.8822765530977,28974.71,4636.4272
965,0.10087216086171269,-2825.6503275023256,3725.6503275023256,7762.085,4717.871
966,0.10064753035849452,-2965.51407541118,3865.51407541118,11597.376,5040.3896
967,0.10042345512833796,-3544.0214923384774,4444.021492338477,13753.035,4412.926
968,0.10019993379864148,-3119.2670455018665,4019.2670455018665,15527.803,3791.963
969,0.09997696500019651,-2509.210659729501,3409.210659729501,14114.403,4757.458
970,0.09975454736717912,-2961.9849448560735,3861.9849448560735,15779.51,4606.3403
971,0.0995326795371416,-3886.0323865512037,4786.032386551204,25440.406,4074.647
972,0.09931136015100413,-2965.7391318368936,3865.7391318368936,14942.0625,4627.763
973,0.09909058785304647,-3527.366577264421,4427.366577264421,12116.176,4356.184
974,0.0988703612908996,-3095.3836125369307,3995.3836125369307,7138.1904,3774.172
975,0.09865067911553752,-2713.109150530654,3613.109150530654,15875.776,5607.3486
976,0.09843153998126891,-2240.269778484847,3140.269778484847,9875.314,6697.841
977,0.0982129425457289,-3475.000476572088,4375.000476572088,13727.098,2787.09
978,0.09799488546987091,-2493.3843326111846,3393.3843326111846,10279.83,5297.597
979,0.09777736741795838,-3094.7628133627513,3994.7628133627513,10967.139,4183.5063
980,0.09756038705755661,-3500.123991527831,4400.123991527831,17084.309,4107.067
981,0.09734394305952461,-3641.7225132541125,4541.7225132541125,17538.283,3823.6592
982,0.09712803409800692,-3886.849956106702,4786.849956106702,18996.818,3611.2156
983,0.09691265885042556,-2343.603379162937,3243.603379162937,8635.893,4838.753
984,0.09669781599747185,-2852.1453285679577,3752.1453285679577,17764.723,5357.4565
985,0.09648350422309834,-3649.8679079661706,4549.867907966171,13811.203,3304.3628
986,0.09626972221451081,-3391.9390613524756,4291.939061352476,10299.41,4618.0337
987,0.09605646866216021,-3147.9795097304122,4047.9795097304122,10981.2295,5051.423
988,0.09584374225973454,-2921.144087990588,3821.144087990588,10960.223,4386.548
989,0.09563154170415096,-3099.0382853779433,3999.0382853779433,14518.312,5003.105
990,0.0954198656955478,-2471.434825891196,3371.434825891196,6910.591,5520.8135
991,0.09520871293727656,-3187.758695898862,4087.758695898862,18436.2,3276.3452
992,0.09499808213589395,-3300.778427839583,4200.778427839583,8642.1875,4593.6143
993,0.09478797200115399,-3563.0109793494657,4463.010979349466,16961.316,221.9492
994,0.09457838124600017,-2674.2051151387495,3574.2051151387495,15619.68,5548.1772
995,0.09436930858655743,-3349.6578746185196,4249.65787461852,9710.047,4595.9727
996,0.0941607527421244,-3070.1521667284924,3970.1521667284924,13569.281,3981.4988
997,0.09395271243516556,-2493.6953294897316,3393.6953294897316,8088.6885,5452.9517
998,0.09374518639130337,-2508.2170594636013,3408.2170594636013,12853.662,4958.4043
999,0.09353817333931042,-3124.387127311126,4024.387127311126,18619.465,4642.0254
1000,0.09333167201110174,-2803.9262508940365,3703.9262508940365,21880.676,4864.6646
1001,0.09312568114172701,-2437.601231682819,3337.601231682819,17284.727,5283.6523
1002,0.09292019946936275,-3677.9189461598125,4577.918946159813,14545.181,1756.2124
1003,0.09271522573530465,-3723.6320003956134,4623.632000395613,14144.848,3976.4268
1004,0.09251075868395983,-2823.632023727774,3723.632023727774,13969.021,891.98254
1005,0.0923067970628392,-2985.004297303144,3885.004297303144,16144.398,5202.6304
1006,0.09210333962254967,-3366.1433636720503,4266.14336367205,17461.197,2485.589
1007,0.09190038511678668,-2885.4862228242673,3785.4862228242673,8741.352,4857.2256
1008,0.09169793230232634,-2569.3231242225834,3469.3231242225834,7037.802,5929.5864
1009,0.09149597993901805,-3126.6249057278264,4026.6249057278264,8084.045,4124.5947
1010,0.09129452678977669,-3902.6949097619745,4802.6949097619745,10682.568,3995.7764
1011,0.0910935716205752,-2957.8480771744603,3857.8480771744603,25221.7,4608.8066
1012,0.09089311320043694,-2751.1737302596107,3651.1737302596107,11420.095,5813.421
1013,0.09069315030142819,-4330.248344737859,5230.248344737859,7536.865,3315.6575
1014,0.09049368169865057,-3044.160537482251,3944.160537482251,21680.732,4349.0273
1015,0.0902947061702336,-3198.936926855992,4098.936926855992,14434.396,3843.5366
1016,0.0900962224973272,-3890.1306589460137,4790.130658946014,16089.479,3775.0356
1017,0.08989822946409419,-2555.896544635246,3455.896544635246,13771.51,4763.726
1018,0.08970072585770286,-3118.481738612938,4018.481738612938,11146.764,4217.67
1019,0.08950371046831959,-3523.084110970447,4423.084110970447,9561.102,4692.7437
1020,0.08930718208910138,-2643.503290003883,3543.503290003883,14807.35,5518.163
1021,0.08911113951618843,-2614.835544230914,3514.835544230914,15071.404,4537.2026
1022,0.08891558154869685,-3146.0912415518774,4046.0912415518774,11579.9375,3153.7517
1023,0.08872050698871127,-3542.8340485193867,4442.834048519387,32079.117,3196.0525
1024,0.08852591464127746,-3466.3022354224013,4366.302235422401,14508.745,4863.197
1025,0.08833180331439507,-3602.295122415486,4502.295122415486,26300.834,4094.768
1026,0.08813817181901029,-3518.0442748863607,4418.044274886361,15652.262,1251.0201
1027,0.08794501896900861,-3241.450911503456,4141.450911503456,6569.419,5013.316
1028,0.08775234358120747,-3681.3190481036536,4581.319048103654,5083.753,3392.4941
1029,0.08756014447534911,-3304.3437337020005,4204.3437337020005,7285.7676,4475.4727
1030,0.08736842047409327,-3502.641395699724,4402.641395699724,6241.1543,2750.1758
1031,0.08717717040301003,-3418.6329941667063,4318.632994166706,16782.848,1007.2075
1032,0.08698639309057257,-3538.787057334961,4438.787057334961,18645.02,2326.1274
1033,0.08679608736815002,-3290.244851223335,4190.244851223335,7191.8525,4946.7812
1034,0.08660625207000028,-3489.0030187336233,4389.003018733623,23825.32,4112.0537
1035,0.08641688603326293,-2477.138838078914,3377.138838078914,14495.957,5381.2515
1036,0.08622798809795203,-2196.87372436227,3096.87372436227,21423.664,6456.2246
1037,0.08603955710694909,-2651.348163957971,3551.348163957971,20875.918,5021.5654
1038,0.08585159190599591,-3296.8868441153245,4196.8868441153245,10941.912,3755.3013
1039,0.0856640913436876,-2883.06940728157,3783.06940728157,45190.797,4735.9805
1040,0.08547705427146542,-3242.611790931871,4142.611790931871,25441.006,3429.3896
1041,0.08529047954360983,-3032.1995024557855,3932.1995024557855,103215.08,4602.376
1042,0.08510436601723341,-3853.929290521626,4753.929290521626,9268.3125,3396.956
1043,0.08491871255227393,-3400.269388020017,4300.269388020017,7928.917,2893.2847
1044,0.08473351801148729,-2538.1324971077634,3438.1324971077634,10026.901,4429.5767
1045,0.0845487812604406,-3016.328803870393,3916.328803870393,13779.93,4450.6553
1046,0.08436450116750524,-3054.2714258515193,3954.2714258515193,11383.845,3511.7393
1047,0.08418067660384987,-2541.493719770302,3441.493719770302,10576.649,4052.9824
1048,0.08399730644343359,-3659.808392561954,4559.808392561954,7386.802,3056.2783
1049,0.08381438956299897,-3379.638755406856,4279.638755406856,22652.992,4458.258
1050,0.08363192484206523,-3034.858980557374,3934.858980557374,13908.56,4631.665
1051,0.08344991116292134,-3028.8899462139416,3928.8899462139416,7497.7407,3352.227
1052,0.0832683474106192,-3254.025856006403,4154.025856006403,10491.33,4575.8125
1053,0.08308723247296677,-3001.5762027338997,3901.5762027338997,5438.1953,4239.374
1054,0.0829065652405213,-2486.788654422092,3386.788654422092,15616.186,5107.374
1055,0.08272634460658249,-3638.062894185263,4538.062894185263,10214.346,4066.7585
1056,0.08254656946718578,-3460.199074245327,4360.199074245327,8737.683,4516.7954
1057,0.08236723872109553,-3248.6660812569444,4148.666081256944,12934.454,4515.0684
1058,0.08218835126979823,-3896.0693142995715,4796.0693142995715,25262.45,3929.3813
1059,0.08200990601749593,-3737.447960647699,4637.447960647699,35934.63,3305.8928
1060,0.08183190187109932,-3691.9469580640107,4591.946958064011,16744.205,4601.518
1061,0.08165433774022125,-2467.059071599956,3367.059071599956,13511.949,4368.2974
1062,0.08147721253716986,-2386.7492603562323,3286.7492603562323,22453.594,3666.3787
1063,0.081300525176942,-2457.3332405864694,3357.3332405864694,8347.514,5086.769
1064,0.08112427457721665,-3518.5855166559613,4418.585516655961,29755.344,3140.802
1065,0.08094845965834817,-2727.709134410572,3627.709134410572,27259.27,4926.7397
1066,0.08077307934335973,-2836.1061446295807,3736.1061446295807,11703.387,4690.0854
1067,0.08059813255793673,-3898.59741576373,4798.59741576373,21024.371,3217.484
1068,0.08042361823042024,-3390.777474882527,4290.777474882527,15623.105,4777.077
1069,0.08024953529180039,-2921.6109073552266,3821.6109073552266,9981.733,3668.4133
1070,0.08007588267570982,-4328.010711659647,5228.010711659647,16076.0205,4457.11
1071,0.07990265931841718,-1625.8739689171061,2525.873968917106,10429.252,6211.94
1072,0.07972986415882062,-3143.859414726928,4043.859414726928,12661.308,4798.124
1073,0.07955749613844124,-3491.114376383154,4391.114376383154,18232.402,4715.435
1074,0.07938555420141664,-3510.841946946909,4410.841946946909,15617.316,3668.3596
1075,0.07921403729449446,-3837.7186529545315,4737.7186529545315,23385.43,4385.386
1076,0.07904294436702591,-3094.223502736068,3994.223502736068,13557.409,5040.961
1077,0.07887227437095934,-3517.863813570966,4417.863813570966,10053.357,4213.2656
1078,0.07870202626083384,-1661.1245758092564,2561.1245758092564,20093.691,6543.5337
1079,0.07853219899377276,-3060.9001292772937,3960.9001292772937,15259.959,3930.4937
1080,0.07836279152947744,-3567.5858858613065,4467.585885861306,6237.493,3698.8232
1081,0.07819380283022076,-3029.0095735056293,3929.0095735056293,13540.331,4697.272
1082,0.07802523186084077,-3581.797174305335,4481.797174305335,11093.534,3704.4243
1083,0.07785707758873442,-3169.4459618572805,4069.4459618572805,11447.513,4539.777
1084,0.07768933898385115,-2375.1689632670746,3275.1689632670746,8155.983,3189.777
1085,0.07752201501868666,-3021.544617770864,3921.544617770864,21350.613,5264.0176
1086,0.07735510466827654,-3057.3868264666407,3957.3868264666407,16837.465,4135.3535
1087,0.0771886069101901,-3948.4660690877836,4848.466069087784,12556.981,4051.5156
1088,0.07702252072452394,-3307.439251690802,4207.439251690802,7211.6377,5018.6714
1089,0.07685684509389586,-3507.1376511395038,4407.137651139504,15078.267,3666.569
1090,0.07669157900343856,-3322.6467206189336,4222.646720618934,12683.019,4740.2446
1091,0.07652672144079345,-4057.461723233685,4957.461723233685,13609.305,3947.218
1092,0.0763622713961044,-3000.15024652549,3900.15024652549,10910.84,5106.146
1093,0.07619822786201157,-3481.52328989122,4381.52328989122,7868.468,4511.9917
1094,0.07603458983364529,-3210.7598432284376,4110.759843228438,14676.689,4889.1665
1095,0.07587135630861983,-3012.8810356010054,3912.8810356010054,11410.661,5243.8853
1096,0.07570852628702734,-4123.533500362834,5023.533500362834,9607.535,3133.31
1097,0.07554609877143166,-3299.3130543396146,4199.313054339615,15877.187,4253.4907
1098,0.07538407276686222,-2834.9075824029146,3734.9075824029146,14480.676,3569.082
1099,0.075222447280808,-2694.5299546026763,3594.5299546026763,9064.143,4896.701
1100,0.07506122132321132,-3763.192436324518,4663.192436324518,16691.445,4065.8726
1101,0.07490039390646196,-2589.741754509477,3489.741754509477,14904.035,3904.5723
1102,0.07473996404539097,-2915.8732454090186,3815.8732454090186,11710.23,5222.4
1103,0.07457993075726467,-3542.6915742162837,4442.691574216284,11924.682,3695.6567
1104,0.07442029306177865,-4165.034936217383,5065.034936217383,8863.393,3881.683
1105,0.07426104998105175,-3232.7837772032544,4132.783777203254,19115.525,4561.5547
1106,0.07410220053962008,-2853.726352635261,3753.726352635261,14844.867,4781.7466
1107,0.07394374376443105,-2823.088629406022,3723.088629406022,15075.01,4730.383
1108,0.07378567868483736,-3392.672852600823,4292.672852600823,12800.694,4360.7725
1109,0.0736280043325911,-3082.667462980508,3982.667462980508,9738.114,5028.4766
1110,0.07347071974183786,-2698.5796048583306,3598.5796048583306,9946.606,5573.378
1111,0.07331382394911069,-2600.952999617785,3500.952999617785,17230.568,4705.6167
1112,0.07315731599332435,-2639.202333305413,3539.202333305413,18282.22,5790.231
1113,0.07300119491576927,-3608.76533605457,4508.76533605457,8070.1543,2060.8286
1114,0.0728454597601058,-3984.2729740971554,4884.272974097155,10573.78,3930.8608
1115,0.07269010957235827,-2425.337351293004,3325.337351293004,12381.789,5106.4814
1116,0.07253514340090923,-2954.704220465994,3854.704220465994,12724.508,4116.946
1117,0.07238056029649353,-3044.4593169653344,3944.4593169653344,8305.496,2358.6257
1118,0.07222635931219257,-2212.2106961221407,3112.2106961221407,15990.449,5612.5244
1119,0.07207253950342843,-3201.1985919797116,4101.198591979712,17482.295,4592.9165
1120,0.07191909992795818,-3116.509060343739,4016.509060343739,28554.625,4813.257
1121,0.07176603964586807,-3104.8049148340733,4004.8049148340733,13097.654,4681.3105
1122,0.07161335771956769,-3172.4712844221895,4072.4712844221895,10118.019,4487.678
1123,0.07146105321378435,-3305.700454832646,4205.700454832646,19898.715,3644.5542
1124,0.07130912519555728,-2792.719134112279,3692.719134112279,26484.895,5013.662
1125,0.07115757273423196,-3418.225487324473,4318.225487324473,21935.406,5222.54
1126,0.07100639490145434,-2901.9126558643884,3801.9126558643884,15967.272,3760.467
1127,0.07085559077116527,-3142.645109342343,4042.645109342343,15433.793,5904.385
1128,0.0707051594195947,-2638.6180416963225,3538.6180416963225,7881.968,5366.9062
1129,0.07055509992525612,-2863.823822156272,3763.823822156272,12294.94,4387.89
1130,0.07040541136894087,-3110.348313630381,4010.348313630381,13419.33,3896.9673
1131,0.07025609283371252,-3145.007703207909,4045.007703207909,7607.1436,4805.1245
1132,0.07010714340490126,-2960.3676903370283,3860.3676903370283,14948.282,4438.309
1133,0.06995856217009827,-2625.71708589067,3525.71708589067,14455.503,6091.191
1134,0.06981034821915015,-2344.583758162855,3244.583758162855,13564.543,5284.465
1135,0.06966250064415337,-2885.677904318709,3785.677904318709,17215.617,3430.447
1136,0.06951501853944866,-2498.1524748894653,3398.1524748894653,13801.693,5465.4404
1137,0.0693679010016155,-3019.1032402185274,3919.1032402185274,8472.167,3747.6646
1138,0.06922114712946655,-3016.124416508339,3916.124416508339,8646.643,5070.5703
1139,0.06907475602404214,-2488.0893761263324,3388.0893761263324,11772.675,4869.8447
1140,0.06892872678860484,-2975.286912544208,3875.286912544208,15231.707,4799.6406
1141,0.06878305852863385,-2846.1068081577546,3746.1068081577546,36546.14,4582.601
1142,0.06863775035181957,-2542.01027596457,3442.01027596457,45957.83,5628.317
1143,0.06849280136805815,-3391.2299433185217,4291.229943318522,49384.445,4048.1406
1144,0.06834821068944599,-3004.4217485767376,3904.4217485767376,86094.8,3383.1003
1145,0.0682039774302744,-3436.250050905075,4336.250050905075,33344.633,4150.4453
1146,0.06806010070702406,-4634.205377308453,5534.205377308453,28863.049,2934.8025
1147,0.06791657963835966,-3445.998374403169,4345.998374403169,18436.512,4337.2017
1148,0.0677734133451245,-3635.520471577618,4535.520471577618,23179.844,4505.8633
1149,0.06763060095033514,-3368.913680360707,4268.913680360707,14781.716,3821.7275
1150,0.06748814157917592,-3499.681750559136,4399.681750559136,11478.032,4773.1904
1151,0.06734603435899371,-3225.2112017415584,4125.211201741558,8961.142,3888.272
1152,0.06720427841929257,-3419.6839245982555,4319.6839245982555,30339.998,2514.395
1153,0.06706287289172826,-3526.8754627397248,4426.875462739725,18672.871,4251.4033
1154,0.06692181691010318,-3684.5545757940827,4584.554575794083,15306.598,4373.2686
1155,0.06678110961036078,-3415.055259822546,4315.055259822546,17953.572,2240.7073
1156,0.06664075013058049,-3622.6403262965796,4522.64032629658,29326.77,3387.3223
1157,0.06650073761097233,-3511.863915087524,4411.863915087524,19273.871,4228.819
1158,0.06636107119387166,-3785.585319222104,4685.585319222104,11773.648,3785.274
1159,0.06622175002373397,-3127.6733129097006,4027.6733129097006,15793.102,4711.8125
1160,0.06608277324712958,-2675.809356032886,3575.809356032886,10255.032,5420.591
1161,0.06594414001273842,-3484.140298985936,4384.140298985936,19059.64,4580.921
1162,0.06580584947134485,-3429.189288919936,4329.189288919936,28767.73,4385.3857
1163,0.06566790077583247,-4118.427939916778,5018.427939916778,16282.028,3888.38
1164,0.06553029308117883,-4151.085332793866,5051.085332793866,8872.854,3214.1704
1165,0.0653930255444504,-3356.946306823488,4256.946306823488,19662.785,4834.456
1166,0.06525609732479727,-2552.2155414350714,3452.2155414350714,8163.38,5300.6465
1167,0.0651195075834481,-2807.7309196532287,3707.7309196532287,31280.293,5242.076
1168,0.06498325548370493,-4003.6356771206556,4903.635677120656,34311.98,2526.2998
1169,0.06484734019093806,-2993.8087426088973,3893.8087426088973,14200.234,4768.0527
1170,0.06471176087258096,-3199.052625706321,4099.052625706321,14461.5625,4725.6255
1171,0.06457651669812513,-2237.020710777874,3137.020710777874,21875.504,4548.1245
1172,0.06444160683911505,-3210.9865301426853,4110.986530142685,14612.9795,5674.3447
1173,0.0643070304691431,-2800.005866797756,3700.005866797756,13561.643,5532.9014
1174,0.0641727867638445,-3638.5462107985686,4538.546210798569,17751.922,3258.3713
1175,0.0640388749008922,-2580.6689287081103,3480.6689287081103,10978.93,4635.1533
1176,0.06390529405999194,-3984.7695037743943,4884.769503774394,11363.666,4876.937
1177,0.06377204342287716,-2828.2688572514526,3728.2688572514526,15677.928,5273.8325
1178,0.06363912217330403,-2495.05999931719,3395.05999931719,21614.34,5431.0693
1179,0.06350652949704638,-3292.668103161681,4192.668103161681,23128.305,2707.1262
1180,0.0633742645818908,-2323.1402456386536,3223.1402456386536,14099.625,4191.264
1181,0.06324232661763159,-2974.9986953000607,3874.9986953000607,27473.836,3471.6213
1182,0.06311071479606585,-2777.899500450485,3677.899500450485,8185.284,5087.7793
1183,0.06297942831098852,-2905.482777418707,3805.482777418707,9181.27,3887.6565
1184,0.06284846635818739,-2557.349595540446,3457.349595540446,7602.9062,5472.933
1185,0.06271782813543825,-2526.2982383859376,3426.2982383859376,14942.423,4754.7393
1186,0.06258751284249993,-2811.8203588440033,3711.8203588440033,27056.105,4981.051
1187,0.06245751968110941,-3390.4049423324523,4290.404942332452,18330.52,3255.6404
1188,0.06232784785497691,-3152.3719612141012,4052.3719612141012,37323.21,104.55307
1189,0.062198496569781055,-2890.401509666496,3790.401509666496,17164.115,4041.1663
1190,0.06206946503316397,-2841.0710392109254,3741.0710392109254,18780.398,5256.774
1191,0.061940752454726446,-3019.4943598492696,3919.4943598492696,18896.21,4377.723
1192,0.061812358046023086,-3355.672540449832,4255.672540449832,26964.486,4297.82
1193,0.06168428102055751,-3199.25902976575,4099.25902976575,22336.945,3868.7896
1194,0.06155652059377747,-3522.9238563664967,4422.923856366497,13738.756,4266.0728
1195,0.061429075983070104,-3108.6555471478214,4008.6555471478214,11728.783,3964.1492
1196,0.06130194640775712,-3973.8621985953378,4873.862198595338,19768.672,3117.4165
1197,0.06117513108909003,-3411.340403260795,4311.340403260795,13854.318,4277.575
1198,0.061048629250245325,-3750.418996389455,4650.418996389455,17834.469,2029.1575
1199,0.06092244011631981,-3020.5512762585795,3920.5512762585795,32960.938,4832.9023
1200,0.06079656291432575,-3384.000733682543,4284.000733682543,11111.205,3725.482
1201,0.060670996873186236,-3747.613783627943,4647.613783627943,9464.365,3833.0342
1202,0.060545741223730395,-2611.026280646333,3511.026280646333,7467.5034,5074.3965
1203,0.06042079519868868,-3449.111523881171,4349.111523881171,8715.822,3476.7178
1204,0.06029615803268822,-3141.4287596537383,4041.4287596537383,13659.967,5025.886
1205,0.06017182896224809,-2333.175129928809,3233.175129928809,11900.512,5416.102
1206,0.06004780722577462,-3137.1690405273075,4037.1690405273075,7541.106,4292.8486
1207,0.0599240920635568,-2739.9784119604783,3639.9784119604783,17371.838,2779.4878
1208,0.059800682717761525,-2283.6124106972147,3183.6124106972147,8710.868,5428.289
1209,0.059677578432429046,-3545.89947108054,4445.89947108054,13450.918,4064.344
1210,0.05955477845346829,-3437.6987035976463,4337.698703597646,16052.254,4549.3354
1211,0.05943228202865226,-2501.128146518909,3401.128146518909,16722.809,3251.1956
1212,0.0593100884076134,-2743.635391332099,3643.635391332099,13032.173,5408.766
1213,0.059188196841839034,-3147.8371954741997,4047.8371954741997,17596.945,4714.4414
1214,0.059066606584666746,-2398.266607321492,3298.266607321492,10995.008,5011.2036
1215,0.05894531689127985,-3696.8157242393972,4596.815724239397,6443.615,4807.4756
1216,0.0588243270187028,-3098.2523603900313,3998.2523603900313,11128.312,4149.6025
1217,0.0587036362257966,-2612.951255304597,3512.951255304597,14730.845,4323.5415
1218,0.058583243773254357,-3098.1677003685145,3998.1677003685145,10662.738,4715.377
1219,0.058463148923596664,-1998.0614916216205,2898.0614916216205,7113.931,5766.87
1220,0.05834335094116714,-2824.0324782770494,3724.0324782770494,11529.924,5096.242
1221,0.05822384909212788,-3481.6759059133483,4381.675905913348,9296.361,4256.973
1222,0.05810464264445503,-3118.711634518552,4018.711634518552,11933.564,4597.5156
1223,0.05798573086793418,-3899.314320642611,4799.314320642611,18406.963,2831.8887
1224,0.05786711303415604,-2908.4583696283194,3808.4583696283194,17225.414,4792.4062
1225,0.05774878841651185,-3111.3139907274985,4011.3139907274985,8498.742,4197.4307
1226,0.05763075629018902,-2869.030989880188,3769.030989880188,7982.427,4374.01
1227,0.057513015932166615,-2903.7383146281813,3803.7383146281813,10714.072,1470.9099
1228,0.057395566621211,-2889.921411718419,3789.921411718419,13962.965,4764.2695
1229,0.057278407637871384,-3080.3037437547714,3980.3037437547714,17821.89,5584.7256
1230,0.057161538264475384,-3809.6246222521304,4709.62462225213,12745.76,1446.05
1231,0.057044957785124695,-3679.5956454173383,4579.595645417338,23898.148,4036.961
1232,0.05692866548569064,-2780.955277116431,3680.955277116431,11989.391,5173.085
1233,0.05681266065380984,-6875.093542450248,7775.093542450248,12510.553,110.110886
1234,0.05669694257887984,-2688.08404582706,3588.08404582706,10894.605,5034.679
1235,0.056581510552054744,-2383.4905379203274,3283.4905379203274,18119.133,4459.3325
1236,0.05646636386624088,-1823.1684208733063,2723.1684208733063,13111.099,5738.335
1237,0.05635150181609248,-2124.9953439438,3024.9953439438,8332.053,5554.736
1238,0.05623692369800733,-3024.7163049863975,3924.7163049863975,11526.342,4561.681
1239,0.05612262881012248,-3266.9382856545426,4166.938285654543,31437.537,4039.1143
1240,0.05600861645230995,-2236.738612324904,3136.738612324904,31264.52,5277.6396
1241,0.055894885926172456,-2561.973450432277,3461.973450432277,16017.846,5323.488
1242,0.055781436535039065,-2702.9613856309206,3602.9613856309206,20298.473,2661.264
1243,0.05566826758396103,-2577.931482381082,3477.931482381082,11307.296,4789.86
1244,0.0555553783797074,-3759.2929041860925,4659.2929041860925,20396.953,4267.7153
1245,0.0554427682307609,-4478.448800678133,5378.448800678133,21082.41,3565.8657
1246,0.05533043644731364,-3465.1713893383276,4365.171389338328,16343.324,4232.352
1247,0.05521838234126289,-3623.9115522873635,4523.9115522873635,19482.178,3987.802
1248,0.05510660522620687,-2873.366736872812,3773.366736872812,9648.866,4868.815
1249,0.05499510441744052,-2178.667809489339,3078.667809489339,22670.525,5721.047
1250,0.05488387923195138,-3634.712672758985,4534.712672758985,19134.828,4075.0234
1251,0.0547729289884153,-2868.7290657413632,3768.7290657413632,13525.644,4859.9736
