0.0043823346, 0.0063205394, 0.0046415366, 0.0062785535, 0.006344201, 0.0062382272, 0.004989001, 0.0065429974, 0.00786445, 0.010224298
0.004413136, 0.0060341544, 0.004770271, 0.0040879096, 0.0038648506, 0.008408252, 0.0035771378, 0.0064847, 0.007777071, 0.004109338
0.007233343, 0.0058197654, 0.004835861, 0.0034376488, 0.0057813665, 0.004935882, 0.006963758, 0.008747767, 0.005268555, 0.0060693924
0.0043011433, 0.0031571412, 0.004164433, 0.002815336, 0.0036239366, 0.0044656466, 0.004179633, 0.0048852945, 0.0032077066, 0.0036932605
0.0050788363, 0.0026825904, 0.0041176686, 0.0051627955, 0.0036605375, 0.0035617568, 0.0034775026, 0.002714506, 0.0045918007, 0.003791174
0.0031554308, 0.002257323, 0.0030019325, 0.005285038, 0.005281755, 0.0037372187, 0.00346418, 0.0051126224, 0.0049758977, 0.0027984953
0.0026257075, 0.00653956, 0.0032612905, 0.004944717, 0.005552168, 0.0027421748, 0.0038243704, 0.0033127419, 0.0042527663, 0.0036713001
0.0061334632, 0.006159966, 0.0039887023, 0.0032200636, 0.0035194168, 0.004334164, 0.0028309952, 0.0053810365, 0.005261748, 0.005538595
0.005847158, 0.0042434633, 0.0031002932, 0.0045809546, 0.0031111292, 0.0025426243, 0.0053206617, 0.0051979306, 0.004031753, 0.0037105111
0.0031598452, 0.004838952, 0.004369068, 0.0024214538, 0.0042853467, 0.0036359446, 0.0038275807, 0.004551105, 0.002291806, 0.007134876
0.0022625811, 0.0060129613, 0.0029901285, 0.004161546, 0.0035133339, 0.0048535606, 0.0033894503, 0.003235613, 0.004025464, 0.0019639628
0.0044505093, 0.0022377195, 0.004582958, 0.002727962, 0.005048327, 0.005700923, 0.0049896035, 0.001948837, 0.004231289, 0.0035202694
0.0037302407, 0.0032249044, 0.002061802, 0.0041024396, 0.002516096, 0.0023779462, 0.0034274075, 0.0025552288, 0.0017997966, 0.0024450077
0.0031484775, 0.0027108663, 0.0016966141, 0.0063191773, 0.0030932636, 0.0031961086, 0.003927392, 0.0028934511, 0.0054287584, 0.003623626
0.00384246, 0.0026033225, 0.00319108, 0.0038526368, 0.006570341, 0.0041895304, 0.00344009, 0.0035174908, 0.0036596968, 0.0030226926
0.0024386956, 0.0025221533, 0.0024377299, 0.0024305773, 0.0015462127, 0.002678949, 0.0024417182, 0.0038530556, 0.006198425, 0.0026177792
0.0025553158, 0.004799039, 0.0035401555, 0.006308196, 0.002823474, 0.005281206, 0.004816142, 0.0035263402, 0.0078077135, 0.002834277
0.0060009784, 0.0051455344, 0.0019923518, 0.0020277791, 0.0027385685, 0.0043855286, 0.0053870357, 0.0037393463, 0.002919151, 0.003732969
0.0025756066, 0.0041971393, 0.004708668, 0.0038715943, 0.004002616, 0.003776648, 0.004768787, 0.0025877184, 0.005364909, 0.0044781147
0.0030192554, 0.0031490433, 0.0032996591, 0.004561339, 0.0037187391, 0.0030783946, 0.0051004393, 0.0032071504, 0.0035220399, 0.0032496324
0.004035476, 0.00348696, 0.0037391367, 0.0025725495, 0.0064692553, 0.0031214657, 0.0032802061, 0.0048764735, 0.0048436522, 0.004988258
0.004720781, 0.003360506, 0.0045195436, 0.0030227005, 0.004774346, 0.009957137, 0.0064586047, 0.0035023398, 0.003376396, 0.005949539
0.006401571, 0.0062067825, 0.0075380635, 0.0039207065, 0.0033155438, 0.0052080825, 0.0022777529, 0.0029948335, 0.003125531, 0.0089682825
0.0048030494, 0.0032323988, 0.0025044587, 0.006396898, 0.004396458, 0.004140258, 0.0029930258, 0.0026506414, 0.0036975443, 0.0014014167
0.0036568495, 0.0017168205, 0.0023720844, 0.0035725224, 0.0025053152, 0.003489113, 0.006064377, 0.004283588, 0.003260653, 0.004549294
0.0049699005, 0.0051652836, 0.0043802345, 0.003990312, 0.003191052, 0.002502957, 0.005372724, 0.0032024444, 0.00625782, 0.003919503
0.0015450201, 0.0028473884, 0.002290782, 0.0024041221, 0.0061845584, 0.0068702614, 0.0037658066, 0.0050782147, 0.004302827, 0.0058250814
0.0027303621, 0.0031302199, 0.003752961, 0.003531043, 0.0038240077, 0.0037062156, 0.004350721, 0.0026554256, 0.002432468, 0.006689651
0.0026742336, 0.0018569785, 0.0019249703, 0.0032049816, 0.0033040647, 0.0034031686, 0.0073933154, 0.004196504, 0.0020774906, 0.0051337127
0.002741713, 0.002640286, 0.0035825227, 0.0048369924, 0.0033688513, 0.0037833336, 0.0035055159, 0.0028863512, 0.0018404932, 0.0028647794
0.0023752311, 0.004673249, 0.008640878, 0.004398209, 0.004591725, 0.0030210488, 0.0030517178, 0.0067862566, 0.0030306466, 0.006104709
0.004254643, 0.0029622037, 0.0031789383, 0.0026260375, 0.0070910556, 0.0020317552, 0.0042530554, 0.0030710865, 0.0031743022, 0.003120008
0.0060340427, 0.0029191126, 0.005393233, 0.005536746, 0.004072371, 0.004363202, 0.003408581, 0.0055919467, 0.002994595, 0.0043925922
0.0049522105, 0.0025498539, 0.0049810642, 0.002804174, 0.0028168233, 0.002221936, 0.0029310319, 0.0023805287, 0.0038232396, 0.0033085041
0.0037998043, 0.0019429001, 0.002702032, 0.0018464078, 0.0020013521, 0.003320773, 0.0023825667, 0.006054045, 0.0036448806, 0.0028586504
0.0019343006, 0.001488674, 0.0033717575, 0.0015049358, 0.004248372, 0.004223126, 0.0014658594, 0.0031285943, 0.0018372182, 0.006178288
0.0037663197, 0.0062939026, 0.0019346694, 0.0032363452, 0.0026839846, 0.002915211, 0.0024280872, 0.0033338647, 0.0024186554, 0.0049023754
0.0025979232, 0.0025503626, 0.0018097964, 0.0024485895, 0.0033751745, 0.002373444, 0.0043384302, 0.0020451013, 0.0021554308, 0.0028102398
0.0027084379, 0.0035821178, 0.0032194906, 0.0039124433, 0.0018475549, 0.0035216985, 0.0037035765, 0.002396717, 0.0052336403, 0.0020893507
0.004211746, 0.0026603024, 0.0022123284, 0.0025949809, 0.0028968835, 0.0022701253, 0.0013844017, 0.0028386463, 0.0044759605, 0.0031615046
0.008941644, 0.005711818, 0.0030498016, 0.002345034, 0.003082398, 0.002173978, 0.0033290642, 0.0030957083, 0.0019560116, 0.0056248596
0.0018497866, 0.0028865726, 0.0025471346, 0.0055349194, 0.0022452422, 0.004430717, 0.002344159, 0.003014368, 0.0030257292, 0.002694511
0.003165193, 0.0023094537, 0.0038106977, 0.0031775741, 0.0044362713, 0.0030247748, 0.0033152534, 0.0018060221, 0.003626482, 0.0066145835
0.003406626, 0.004318919, 0.0050114547, 0.0018800851, 0.0028708521, 0.0019114076, 0.002856068, 0.0018745398, 0.003921544, 0.0018156152
0.0023408434, 0.0042999918, 0.001956966, 0.0022201636, 0.004781155, 0.0028494792, 0.0036830213, 0.0050339373, 0.0034725443, 0.0025177898
0.0031759455, 0.004683376, 0.004739313, 0.0042168936, 0.0025476678, 0.0035669706, 0.0028760205, 0.0035008918, 0.00286694, 0.004247457
0.0025861345, 0.0031178934, 0.0034381743, 0.0033655171, 0.0022720196, 0.0031923668, 0.0044599418, 0.00504463, 0.0023390567, 0.0035690912
0.0028784135, 0.0021160897, 0.0036022696, 0.0028245174, 0.003158608, 0.0023320888, 0.0015006736, 0.0020748856, 0.0036710892, 0.00430696
0.005708752, 0.00697508, 0.0041892454, 0.0028481332, 0.0042692176, 0.0030470816, 0.008815077, 0.0055879215, 0.0048482334, 0.0040368866
0.0030911616, 0.001590787, 0.0047182213, 0.007190779, 0.014532413, 0.0038465252, 0.0019267239, 0.0032880493, 0.0026714616, 0.0022161747
0.0023296878, 0.0033505, 0.0029528863, 0.0028329727, 0.004424295, 0.0025772993, 0.0029757777, 0.0031179641, 0.0016137188, 0.0018666144
0.0035267153, 0.0022826362, 0.003961553, 0.0042194724, 0.0023895395, 0.0030044504, 0.007370458, 0.002385384, 0.0036671078, 0.0052975044
0.001978084, 0.003080051, 0.002413495, 0.005347041, 0.0038409145, 0.0069515835, 0.003011025, 0.004544002, 0.0055614505, 0.003927241
0.0020094686, 0.0040818485, 0.0035957182, 0.0028832527, 0.002770686, 0.0042315917, 0.0034012152, 0.0018473644, 0.0046159085, 0.0071397657
0.0033446464, 0.0014866265, 0.0015277583, 0.0024374407, 0.0024766056, 0.0022599632, 0.004414671, 0.002074236, 0.0028666398, 0.001921728
0.0030392709, 0.0043569133, 0.014484195, 0.0043148324, 0.005285727, 0.0021231163, 0.0036072566, 0.0038940357, 0.0050295787, 0.0023609013
0.0019687852, 0.0016167454, 0.0022557303, 0.005566125, 0.0025136564, 0.0033788234, 0.0019296934, 0.0035794664, 0.003532153, 0.0041614533
0.0025077302, 0.0068190647, 0.0028451965, 0.0046411995, 0.0055769803, 0.0018564356, 0.0028752934, 0.002427426, 0.001609609, 0.0018838823
0.004599061, 0.005296941, 0.0037356825, 0.008236909, 0.0021423288, 0.0029783966, 0.0036202178, 0.0024408367, 0.005872789, 0.0033694913
0.0018641453, 0.0026476851, 0.007821597, 0.002038053, 0.0023249413, 0.0063061635, 0.0035454012, 0.002176024, 0.0029357513, 0.00416278
0.0034022806, 0.0028734999, 0.0076089986, 0.0034713047, 0.0022125137, 0.0034040727, 0.002635971, 0.0036977215, 0.0028915997, 0.002581434
0.0016723806, 0.002028054, 0.006187852, 0.0055346643, 0.0027335526, 0.0021538823, 0.0045618843, 0.0032886812, 0.0022145272, 0.0035008234
0.002163456, 0.0030022045, 0.0019454547, 0.0038073985, 0.008312432, 0.002564579, 0.0020205495, 0.0043075066, 0.0037156022, 0.0046538915
0.0020806096, 0.0033856947, 0.0043452997, 0.0031386595, 0.0028288811, 0.0030677747, 0.0043373895, 0.0066539897, 0.0048474916, 0.0036957136
0.0022044205, 0.002804602, 0.004015254, 0.0026546991, 0.0034097163, 0.005454488, 0.0040995497, 0.0023682578, 0.0026244181, 0.0017688097
0.0054082973, 0.0049143317, 0.006476674, 0.0031644888, 0.0047772387, 0.0026945774, 0.0034420218, 0.0009746803, 0.0039077327, 0.004515356
0.0051177284, 0.0025328542, 0.0023657363, 0.00226994, 0.002687971, 0.0041249776, 0.0030782153, 0.004826389, 0.0031916727, 0.0026677665
0.0026480397, 0.0033132362, 0.006399163, 0.0033302936, 0.0041038548, 0.0043266467, 0.0021086177, 0.004082758, 0.0023073535, 0.005160434
0.0019805701, 0.0052502025, 0.002869899, 0.002154716, 0.0024078065, 0.0046068607, 0.0038992583, 0.0018057476, 0.001774909, 0.0027994863
0.003047163, 0.0029027686, 0.003223632, 0.0029088506, 0.0025249324, 0.0050064065, 0.0044055516, 0.0047657886, 0.0030183827, 0.0048484434
0.0054049185, 0.0021348381, 0.0032214005, 0.0029512348, 0.0022424823, 0.0020328495, 0.0021204876, 0.0029394592, 0.0026785182, 0.0031211358
0.0032236313, 0.0019669447, 0.004496273, 0.0037275762, 0.002806974, 0.001663561, 0.00208643, 0.006528753, 0.006722735, 0.00316157
0.0029066117, 0.00396271, 0.003432868, 0.0019899635, 0.0029139686, 0.0022172262, 0.0027607596, 0.0036681616, 0.0019421193, 0.0024608036
0.0029713279, 0.0042387713, 0.0027661345, 0.00752187, 0.0035244368, 0.004180864, 0.0041070953, 0.003767557, 0.0036192625, 0.003843217
0.0037092525, 0.0027776412, 0.0048458204, 0.0035617563, 0.006843194, 0.002741886, 0.0026899239, 0.0033206197, 0.0038478603, 0.0035442738
0.0028605652, 0.0024193106, 0.002436884, 0.0032275375, 0.0035302448, 0.0042701503, 0.00401242, 0.010084857, 0.0027987387, 0.0053299023
0.006448577, 0.0011627364, 0.0032577745, 0.0034657933, 0.001967825, 0.0033839573, 0.0025879252, 0.0060329568, 0.00791221, 0.0029335003
0.0024038954, 0.008541231, 0.0023921882, 0.0033154977, 0.0023313824, 0.0029015974, 0.001867372, 0.006580824, 0.0030929884, 0.002503933
0.015250381, 0.0026355097, 0.0020487874, 0.0048117014, 0.003429938, 0.0017123899, 0.0066021094, 0.002948043, 0.003608815, 0.0047005108
0.0036932922, 0.002334509, 0.0029188043, 0.0022406166, 0.0028957245, 0.006389519, 0.0028390852, 0.0030159508, 0.0043140263, 0.003137486
0.0037627423, 0.0033479044, 0.0026696671, 0.0033257292, 0.00301142, 0.0053221635, 0.0036739288, 0.0026971218, 0.0051080696, 0.002851624
0.005172289, 0.0014713062, 0.004065656, 0.0030602082, 0.0036346582, 0.0057793134, 0.002876681, 0.001543578, 0.0025245652, 0.0031531898
0.0040481305, 0.0027871155, 0.0023993019, 0.0032961587, 0.003962306, 0.0029983455, 0.0056551932, 0.0036405001, 0.003260406, 0.0041444954
0.0051623825, 0.002128778, 0.0024936402, 0.0034074176, 0.004219588, 0.0019922242, 0.0014246334, 0.0029749933, 0.004841371, 0.0020710076
0.0028741416, 0.002725577, 0.002802257, 0.0021183526, 0.0029017976, 0.0036333557, 0.0038969954, 0.0022792416, 0.005222257, 0.0017859917
0.002312081, 0.002532097, 0.0032833172, 0.0055898293, 0.0024623673, 0.0022107582, 0.0028106002, 0.006492084, 0.0020523043, 0.003082007
0.0028309228, 0.0036388766, 0.0051690405, 0.0028583151, 0.0015030911, 0.0029446664, 0.002999673, 0.0046574953, 0.0021613261, 0.0032201177
0.00535623, 0.005135811, 0.001456577, 0.0037251438, 0.0028477628, 0.0040054647, 0.002142857, 0.0077762697, 0.003161831, 0.0055551464
0.0021238187, 0.0035716912, 0.0044624987, 0.003653997, 0.003116828, 0.004982086, 0.0025726776, 0.002885182, 0.002692393, 0.005113718
0.0020537546, 0.00669134, 0.0023596205, 0.0030457908, 0.007118826, 0.00661497, 0.003167139, 0.0047136564, 0.0028751495, 0.0014600416
0.0020481152, 0.0042103217, 0.002789124, 0.00460232, 0.0043586846, 0.003230129, 0.0033805547, 0.0057157855, 0.0028296825, 0.0032888413
0.0022801145, 0.0027939791, 0.003209084, 0.004579258, 0.0031449664, 0.0041762153, 0.0015376277, 0.0039944733, 0.0029939464, 0.0056915665
0.003600093, 0.0035421462, 0.0021404559, 0.0055212067, 0.0048125265, 0.0022078552, 0.0019105461, 0.002132818, 0.0016133554, 0.004357932
0.0011389995, 0.0036892022, 0.0027295374, 0.002970566, 0.0009156322, 0.004338624, 0.0029649846, 0.00423497, 0.004334742, 0.001661242
0.003721962, 0.003102602, 0.001983394, 0.004507897, 0.0032921438, 0.0023067128, 0.0023429012, 0.0024771069, 0.0015723174, 0.005476282
0.0013038041, 0.0048208963, 0.005838385, 0.0027239341, 0.0031543772, 0.010029467, 0.0019020201, 0.002829842, 0.0028538448, 0.0019507451
0.0017438513, 0.007785526, 0.003506506, 0.010554876, 0.001642342, 0.008101178, 0.0029492737, 0.0032156995, 0.002683494, 0.0022888344
0.0067663537, 0.00154975, 0.0037658, 0.002798244, 0.002785006, 0.004360099, 0.0034110337, 0.0070200767, 0.0058722016, 0.0038822978
0.0010408415, 0.0032911086, 0.0027541188, 0.0041009146, 0.0033481224, 0.0049387584, 0.0027793213, 0.001253067, 0.0030563993, 0.0028376086
0.002533803, 0.0027417277, 0.0020959075, 0.005247879, 0.0029437023, 0.0017559752, 0.003474074, 0.004654337, 0.0016785575, 0.00436946
0.0024763704, 0.001993549, 0.0015719547, 0.003001725, 0.0037209229, 0.0038791369, 0.0041745123, 0.0022085125, 0.0023555825, 0.0018516006
0.0020166636, 0.006841652, 0.0023348993, 0.001830826, 0.0038670015, 0.0025853987, 0.0011842529, 0.0012336057, 0.0033252952, 0.0051602693
0.0024454482, 0.002077885, 0.0019484035, 0.0028851724, 0.004744019, 0.0030114618, 0.00127667, 0.001750675, 0.003471624, 0.004660625
0.0035460733, 0.0028610001, 0.0038248545, 0.002534227, 0.0037882621, 0.0036505535, 0.012149643, 0.009927951, 0.0019191036, 0.0068229935
0.0044810353, 0.005633925, 0.0022244793, 0.0033951607, 0.0019788507, 0.0056316946, 0.0019466886, 0.0026373318, 0.0030769794, 0.003955016
0.002936415, 0.0027199755, 0.0023224736, 0.0032335836, 0.0026203748, 0.004981514, 0.005436057, 0.002087166, 0.0025492674, 0.0038645323
0.0026224465, 0.0032369266, 0.0033470956, 0.001755326, 0.0058535193, 0.00455592, 0.001236792, 0.008558637, 0.0022267282, 0.0020725662
0.01187828, 0.003731248, 0.0033145812, 0.0029373504, 0.0026570784, 0.002630482, 0.0027333407, 0.003982868, 0.0020980674, 0.0022736427
0.0022622051, 0.0013288059, 0.001476839, 0.0019159701, 0.0036081243, 0.011954872, 0.0039725685, 0.0027838913, 0.0025938642, 0.0024371322
0.0018214774, 0.002535115, 0.0029534623, 0.0026113456, 0.0017737653, 0.0033031926, 0.0021258339, 0.0031451413, 0.0053742416, 0.002438388
0.0027939356, 0.0014926621, 0.0025691432, 0.0014666277, 0.0024362563, 0.0032810164, 0.0037168737, 0.0030760388, 0.0036176187, 0.0023218803
0.003109523, 0.0032035462, 0.0023775059, 0.0016082884, 0.0032299794, 0.0027331067, 0.0030939244, 0.0044459235, 0.0042614513, 0.00237053
0.0015908947, 0.0045063533, 0.002801165, 0.001619849, 0.0031190747, 0.0025612363, 0.002069748, 0.0031523996, 0.002257728, 0.0033017902
0.0027586683, 0.0012598586, 0.0034473287, 0.00701749, 0.0019642864, 0.004258779, 0.0036050351, 0.0036163947, 0.0024059475, 0.0053240564
0.004843952, 0.0024642623, 0.0025814872, 0.003610122, 0.001083038, 0.01237567, 0.0030144479, 0.002698379, 0.002281583, 0.0030646566
0.0051015345, 0.0032973932, 0.0038475215, 0.0011039568, 0.0030030538, 0.002827792, 0.0040746303, 0.003427328, 0.0012927966, 0.0024678865
0.0023657843, 0.0033362391, 0.0036279948, 0.0029112673, 0.0024791784, 0.0029402785, 0.0033856519, 0.003982761, 0.0021021648, 0.0012038384
0.0035597314, 0.0032835102, 0.0020589414, 0.003418423, 0.0023369482, 0.0024297778, 0.0018416906, 0.0020853756, 0.0028070381, 0.004316008
0.0009982251, 0.0037691572, 0.0016594985, 0.0038178507, 0.0043734685, 0.0039645154, 0.002902797, 0.0013295461, 0.0015906788, 0.0026983367
0.0024696079, 0.002789386, 0.0023740218, 0.0025458708, 0.0011705261, 0.003894139, 0.0035823693, 0.0028382307, 0.008671953, 0.0037992192
0.0018224919, 0.0022900722, 0.0026440248, 0.009428048, 0.0031586331, 0.0031759138, 0.0018865196, 0.0019942746, 0.0040178364, 0.0032529973
0.00364919, 0.0013969603, 0.002512216, 0.0019184566, 0.0023351107, 0.0033647884, 0.0019237772, 0.0036015953, 0.0037420806, 0.003734379
0.0041092522, 0.0016791942, 0.0044556702, 0.004179676, 0.0027279365, 0.0023258608, 0.003327483, 0.0032490855, 0.0025488373, 0.0041673807
0.0045680623, 0.002188596, 0.0016351976, 0.001544596, 0.005511136, 0.0045550684, 0.0015300935, 0.003373592, 0.0029512905, 0.0035732025
0.0030220994, 0.0031542808, 0.001363019, 0.003315546, 0.0026115598, 0.002326149, 0.0069158897, 0.0041661393, 0.0025647613, 0.0057669696
0.002417615, 0.0034751976, 0.0034705764, 0.0052356757, 0.0021036784, 0.003150994, 0.0032908828, 0.0015597021, 0.0027047147, 0.002112206
0.001192462, 0.0011853729, 0.0018283935, 0.004481643, 0.005481478, 0.0034121335, 0.0041413456, 0.0025792117, 0.0017178664, 0.002210631
0.0029967162, 0.0035781674, 0.002672182, 0.0026228887, 0.0018473015, 0.0036342554, 0.0046683103, 0.0023981952, 0.0014718152, 0.0033113677
0.0024719546, 0.0017463092, 0.0021449737, 0.0010946963, 0.001691248, 0.0047387034, 0.00086091075, 0.0025123376, 0.005368026, 0.0056362776
0.0013922758, 0.0024503774, 0.0017169578, 0.0028530909, 0.0025365965, 0.002490034, 0.0038848415, 0.004393272, 0.0028327545, 0.0025363767
0.0023331793, 0.009986759, 0.0026463962, 0.0019103666, 0.0020027994, 0.0033057844, 0.0057003074, 0.0014357157, 0.0012342948, 0.0031736572
0.0023486847, 0.0028407827, 0.004501491, 0.0020681417, 0.0030713389, 0.0024267423, 0.0028385634, 0.0018676085, 0.0030149245, 0.0024926208
0.0043805037, 0.002871897, 0.0013745342, 0.004555855, 0.0034498656, 0.0023837767, 0.0020166694, 0.0025398433, 0.002617625, 0.0016695466
0.0018588394, 0.0038719114, 0.0032881198, 0.0034014974, 0.0026647607, 0.0047610356, 0.003089219, 0.0024334802, 0.0021132496, 0.0016712537
0.00281339, 0.0019235163, 0.002554459, 0.001820567, 0.007836267, 0.002499067, 0.003781491, 0.002936349, 0.0024512853, 0.0021558676
0.001764942, 0.0044262283, 0.0011005092, 0.005473231, 0.0017206084, 0.0023862866, 0.0025375732, 0.0014945011, 0.004074915, 0.0031570082
0.003567097, 0.001985087, 0.0018919144, 0.0042954963, 0.0031343377, 0.0030374527, 0.0026363053, 0.0039732615, 0.003654487, 0.003629178
0.0022007797, 0.0035559493, 0.0020891428, 0.003160841, 0.002810372, 0.0019648597, 0.0026988846, 0.002433661, 0.004855697, 0.0005464993
0.002713907, 0.0012081672, 0.0051001455, 0.0028934046, 0.0019338913, 0.00233763, 0.0013880602, 0.004817344, 0.004654556, 0.0011332859
0.001448626, 0.002660009, 0.00616398, 0.0015941425, 0.0019070478, 0.004590301, 0.0036209717, 0.0024981475, 0.0016876841, 0.0039878115
0.002770279, 0.0030357726, 0.0015382976, 0.0023929006, 0.003092059, 0.0028156256, 0.0025559082, 0.0034545965, 0.003646702, 0.0024445285
0.0021644249, 0.0036323941, 0.0021971192, 0.0022674093, 0.0030856777, 0.0023102376, 0.0019268445, 0.001998565, 0.00381325, 0.0020076158
0.004484364, 0.0019712788, 0.0060431296, 0.001563379, 0.0017546855, 0.0043665254, 0.0027739464, 0.0022243722, 0.0018467759, 0.005993182
0.002137844, 0.0015829375, 0.0033719982, 0.0010039159, 0.002311766, 0.0031962972, 0.0061244247, 0.0022974545, 0.0032873056, 0.0010188974
0.009223087, 0.0030278494, 0.0022573015, 0.00245927, 0.002530519, 0.0020638236, 0.002735071, 0.0015715729, 0.0033809368, 0.0011072622
0.0013698849, 0.0015449262, 0.003199197, 0.002925796, 0.0034788812, 0.002017023, 0.0048333146, 0.0017862185, 0.003308374, 0.0021541277
0.005730368, 0.0030382215, 0.0016951524, 0.003936806, 0.0018791053, 0.0040148906, 0.0030243772, 0.0016457381, 0.0027336571, 0.002383432
0.003909464, 0.0018378957, 0.0018228267, 0.0030678522, 0.0014962046, 0.0017786706, 0.0023953065, 0.002430854, 0.0018744362, 0.0028044013
0.0025573627, 0.0032198667, 0.0020721743, 0.0029741903, 0.003214245, 0.002317213, 0.003678442, 0.0032130482, 0.0018866585, 0.0015187055
0.0028781635, 0.0016035454, 0.0019018592, 0.0031319112, 0.002538512, 0.005020208, 0.0020953612, 0.0028878115, 0.0020976535, 0.0025563317
0.0040454487, 0.0022830605, 0.0027799234, 0.0018086188, 0.006164118, 0.002472303, 0.0031574978, 0.0016610158, 0.0021631173, 0.002660258
0.0042230124, 0.003210137, 0.002633326, 0.004008934, 0.002518463, 0.0030560065, 0.0047395383, 0.0013098561, 0.0033354093, 0.0021131514
0.0030996788, 0.003738045, 0.0025792755, 0.0013071485, 0.0016512178, 0.0030993284, 0.0018525517, 0.0013182987, 0.0019768472, 0.0035840021
0.0010087179, 0.0012309009, 0.0014846772, 0.0020673964, 0.0010245539, 0.0027740607, 0.0011000715, 0.0023845495, 0.006660837, 0.0038923835
0.001977064, 0.0008647679, 0.002628711, 0.0014044668, 0.0023831811, 0.0053500663, 0.0038841914, 0.0020041806, 0.0038873698, 0.001788557
0.0018927094, 0.0024888145, 0.0028154342, 0.006184538, 0.0024374174, 0.0029335655, 0.001884246, 0.001917606, 0.0024948053, 0.001677547
0.0023590513, 0.0016106907, 0.0025346994, 0.0046645566, 0.0015113293, 0.004245693, 0.0020207579, 0.005876828, 0.0035404647, 0.0017699494
0.00508114, 0.003151264, 0.0019404334, 0.0021487542, 0.003627725, 0.0024826918, 0.0034305372, 0.0014446841, 0.001956429, 0.004013476
0.0019058062, 0.0023588156, 0.0039698333, 0.0012485033, 0.0024553388, 0.0014526496, 0.00250436, 0.002780199, 0.004427268, 0.00371787
0.0032763714, 0.00492343, 0.0031103275, 0.0035044977, 0.0016508993, 0.0057860534, 0.003429689, 0.002794467, 0.0030200863, 0.0019660788
0.0050233346, 0.001471946, 0.0022526043, 0.0020421953, 0.0016415736, 0.0025907143, 0.0038845984, 0.0014501343, 0.002612208, 0.004040854
0.0061888285, 0.0021328232, 0.001661845, 0.0019419156, 0.0022159924, 0.0032035017, 0.0020571847, 0.0049955347, 0.005735052, 0.0047773058
0.0027369438, 0.0013911055, 0.0027716574, 0.004182304, 0.0032910747, 0.0025800457, 0.0015841847, 0.0019039265, 0.0018219476, 0.0026093856
0.0025527976, 0.0043727383, 0.0020938083, 0.0038901838, 0.0019882326, 0.0011527245, 0.0039260937, 0.001171831, 0.0026866586, 0.0032229782
0.0013325417, 0.003737879, 0.0018377095, 0.0014737293, 0.002555369, 0.0017945283, 0.0030312643, 0.004570339, 0.0053128023, 0.0026811953
0.0018134748, 0.002399629, 0.0020138132, 0.0030947833, 0.001727495, 0.0032795568, 0.0034826575, 0.0017911642, 0.005647584, 0.0036942312
0.0024793358, 0.0025247252, 0.0014871308, 0.0029221298, 0.002308057, 0.003589692, 0.0037959428, 0.002445341, 0.0014558297, 0.0028999932
0.0033970359, 0.0023703235, 0.0020833176, 0.002391329, 0.002560121, 0.0017017834, 0.004042969, 0.0025502932, 0.0026990133, 0.0013965063
0.002229995, 0.0024723657, 0.0033812574, 0.0032621177, 0.0035027198, 0.0027708872, 0.003177884, 0.0033912715, 0.0060283616, 0.005631442
0.0025091886, 0.0011656323, 0.000879639, 0.0019343711, 0.0014179423, 0.003925656, 0.0037893718, 0.0027778028, 0.0024153453, 0.0024629044
0.001926597, 0.0039834753, 0.0017381171, 0.004946601, 0.0026304661, 0.0011819181, 0.0018663662, 0.005006571, 0.00230234, 0.0030265376
0.0016961397, 0.0024455579, 0.004826737, 0.0025455195, 0.005402095, 0.0019987135, 0.0015136614, 0.0021812855, 0.0038719214, 0.0026321043
0.0018686573, 0.0015315728, 0.0024407143, 0.0016532815, 0.002362434, 0.0031845267, 0.0015057133, 0.0011637069, 0.0021428298, 0.0026441424
0.003298977, 0.0030149138, 0.0014010194, 0.003485106, 0.0023940948, 0.0014997883, 0.0026515017, 0.0031119895, 0.002425733, 0.0029324573
0.0019071457, 0.0017760376, 0.0043028607, 0.0028878378, 0.0042558257, 0.0029574549, 0.0021512415, 0.0014376916, 0.00090716, 0.00180759
0.0038456065, 0.0034385964, 0.0019893707, 0.0034263579, 0.0024753734, 0.002541655, 0.004940008, 0.0038010452, 0.0032696542, 0.009148485
0.0041202046, 0.0023593102, 0.0027531846, 0.0028883922, 0.003622353, 0.004468839, 0.002016411, 0.0019141563, 0.0038309274, 0.0056559592
0.003725171, 0.003840072, 0.0017556695, 0.0023796742, 0.0019536074, 0.004475345, 0.0018150593, 0.0041828807, 0.00304081, 0.0016453653
0.004497423, 0.0025961106, 0.0029970703, 0.0023037288, 0.0030134153, 0.0023388409, 0.0015361262, 0.0032728736, 0.001609792, 0.0021233757
0.0017342743, 0.0020948246, 0.004443753, 0.0035916117, 0.006184629, 0.002194108, 0.0026648834, 0.003187344, 0.0057071615, 0.0030534198
0.0037670608, 0.002857663, 0.0017054002, 0.0014650954, 0.0024506254, 0.0029720776, 0.0018915969, 0.0027166936, 0.0012185127, 0.0018419417
0.003715989, 0.0036302006, 0.0068312837, 0.0032165207, 0.0010882237, 0.0027776945, 0.004380363, 0.0053992844, 0.0026290193, 0.0030187196
0.0028498885, 0.0027665459, 0.0017246538, 0.0029685772, 0.0036546378, 0.0048946054, 0.0028886357, 0.0018835515, 0.0030624042, 0.002219975
0.0029635, 0.0019241135, 0.0052797385, 0.0027724586, 0.004745747, 0.0034205597, 0.003432004, 0.0026873017, 0.0033013264, 0.003252394
0.0033060503, 0.00156558, 0.002721347, 0.0011238067, 0.001338972, 0.00464683, 0.0037971956, 0.00389121, 0.006208979, 0.0013981805
0.0057200603, 0.0013639748, 0.0021362267, 0.0051382524, 0.0034191955, 0.004620259, 0.0036400259, 0.003459867, 0.0056406064, 0.003083757
0.0037077786, 0.002210818, 0.0028482084, 0.0017020359, 0.0022790004, 0.0037046329, 0.0027153348, 0.0017944106, 0.004238112, 0.0031555465
0.0018833729, 0.006992029, 0.0030669551, 0.003798902, 0.0039321412, 0.0035056146, 0.0025473365, 0.0023989286, 0.0035789837, 0.002219581
0.0013507062, 0.0022032387, 0.0039239703, 0.0017576668, 0.003554871, 0.002003766, 0.0031447997, 0.0024092146, 0.0022985246, 0.0035665624
0.0016862496, 0.0033282517, 0.0036737097, 0.001811921, 0.002196014, 0.0027998367, 0.0024274793, 0.0017224833, 0.0019313806, 0.00294076
0.0011927062, 0.0030700418, 0.0027309014, 0.0021802566, 0.0015769508, 0.0029438583, 0.0025369364, 0.0037096469, 0.008589787, 0.0034904566
0.0021760664, 0.0025080768, 0.0015830061, 0.003864429, 0.0013726259, 0.004111923, 0.004443272, 0.0009584139, 0.0050421366, 0.0011959174
0.0040472555, 0.0021925687, 0.0033864037, 0.004351214, 0.0026234835, 0.0019789988, 0.00221615, 0.0019572282, 0.0019112441, 0.0073704966
0.0021041506, 0.0019843625, 0.0038505103, 0.0070427605, 0.0015425603, 0.0008745606, 0.002691078, 0.0017828919, 0.0025149183, 0.001183789
0.0016841629, 0.0054546045, 0.00212278, 0.0027555106, 0.0019315255, 0.0018984057, 0.003544302, 0.0037995148, 0.0019625935, 0.0018106622
0.0042548287, 0.0023443578, 0.0022703449, 0.0028050698, 0.0020130791, 0.0024281715, 0.0036097826, 0.0017637922, 0.0021061949, 0.0057353457
0.0022757817, 0.0027819232, 0.004297588, 0.002444297, 0.001898336, 0.003500124, 0.0022916466, 0.0026700282, 0.0046138884, 0.0058002993
0.0022235285, 0.003954254, 0.0030730153, 0.0015467987, 0.0027622536, 0.0017209358, 0.0027831974, 0.0017506783, 0.0022486886, 0.0020420377
0.0021409453, 0.0049590217, 0.002727264, 0.002652424, 0.0027063158, 0.0025771572, 0.0032550506, 0.0035477285, 0.0024816096, 0.00062846625
0.0018036242, 0.0054941457, 0.0037916608, 0.0021253293, 0.003457076, 0.001956188, 0.0029831002, 0.0045536608, 0.0025411784, 0.0032044728
0.004811606, 0.0038079615, 0.0016374774, 0.005618307, 0.007814015, 0.0047063194, 0.0053509623, 0.003861482, 0.0028892865, 0.004862889
0.00396864, 0.0032148925, 0.001739694, 0.0031876285, 0.0022873143, 0.003535607, 0.002393399, 0.0028326488, 0.0031265137, 0.0031239172
0.0043592853, 0.002513745, 0.0037695034, 0.0021591715, 0.0034037477, 0.00079960446, 0.0044125924, 0.0036056158, 0.0041301697, 0.0035873814
0.00152998, 0.0028351354, 0.0035204026, 0.0038030657, 0.0027830065, 0.0012554354, 0.0048476923, 0.0038980662, 0.0024762768, 0.001590413
0.0038487837, 0.0050445846, 0.008532715, 0.004572968, 0.0016509315, 0.002408688, 0.004064551, 0.002881288, 0.0054770843, 0.0022143302
0.0011925485, 0.0031713205, 0.006394266, 0.0014622326, 0.0029343744, 0.0026953043, 0.0029236404, 0.003342695, 0.0024519404, 0.0022221082
0.0030040885, 0.0016431324, 0.005674701, 0.0028134247, 0.0048337276, 0.0030127107, 0.0032806257, 0.0053537367, 0.0034140095, 0.0012529793
0.0024240408, 0.0041001057, 0.0057684607, 0.0022730713, 0.0025877818, 0.0034181178, 0.003553163, 0.0025368284, 0.0013461048, 0.0027970998
0.0026985598, 0.0027558252, 0.0027519814, 0.0024325321, 0.0036715851, 0.0035801863, 0.002955816, 0.0011846689, 0.0018417764, 0.0020803977
0.004973115, 0.0031589614, 0.0016207014, 0.0038724446, 0.0025176986, 0.0036781633, 0.003176114, 0.0022066624, 0.004516423, 0.0028287214
0.0047910293, 0.00505938, 0.00265704, 0.0025413516, 0.005362103, 0.0033015357, 0.0018681609, 0.005835728, 0.0021985036, 0.002635417
0.0016788639, 0.0019453522, 0.0034879702, 0.0022464765, 0.003477729, 0.0065066647, 0.0013186908, 0.0025962559, 0.0022981043, 0.002519995
0.0035843314, 0.003632944, 0.0020916173, 0.004878927, 0.0015857435, 0.0046116207, 0.0021120375, 0.001910566, 0.0035226415, 0.0037982468
0.0053683924, 0.0015138005, 0.000564199, 0.0044556772, 0.0024682626, 0.002474187, 0.0018119349, 0.0019474119, 0.0031431713, 0.0032459863
0.00302468, 0.0073436205, 0.0041132458, 0.0040723654, 0.0025858842, 0.0057504303, 0.0027781413, 0.0052462923, 0.002586733, 0.0029138895
0.003596342, 0.0041005407, 0.003090513, 0.0035614062, 0.0025228485, 0.0026504295, 0.002395747, 0.00140329, 0.0021246253, 0.0037561667
0.0027920029, 0.0064149178, 0.0022788164, 0.0030821995, 0.003012234, 0.002908941, 0.0014855057, 0.005592838, 0.00338785, 0.001878457
0.0024417588, 0.0026687775, 0.0022510306, 0.0024045059, 0.007317882, 0.002083532, 0.0038027535, 0.002655841, 0.003143578, 0.0075740023
0.003468413, 0.0036504297, 0.0019674583, 0.0030865571, 0.005994692, 0.003168763, 0.0020262243, 0.0012913512, 0.005088855, 0.004075095
0.0064166114, 0.005992049, 0.005029563, 0.0028543982, 0.0032829316, 0.0057608895, 0.0023890203, 0.0027340576, 0.0014211005, 0.0025087332
0.004106562, 0.0018579192, 0.0039035445, 0.005891185, 0.0061937296, 0.0025593557, 0.003041692, 0.003855907, 0.0049066306, 0.0036410592
0.00775401, 0.0027796626, 0.0045195185, 0.0058562597, 0.0028628437, 0.0031203334, 0.0042230915, 0.0031338173, 0.0026303895, 0.0037939295
0.0049376683, 0.0056285667, 0.0017830352, 0.0025469465, 0.006724122, 0.004376532, 0.001433192, 0.004456395, 0.0031073983, 0.003597347
0.0041240603, 0.0027422628, 0.0036420939, 0.0033225683, 0.0028823847, 0.006401729, 0.00331561, 0.004643901, 0.005060206, 0.0031902473
0.0028271687, 0.0060716304, 0.002658225, 0.0025227878, 0.002354957, 0.005758945, 0.0058965646, 0.007937664, 0.0028311908, 0.0027087647
0.0024528184, 0.0047783335, 0.0018040148, 0.0032143397, 0.0034787834, 0.0043917624, 0.004294498, 0.0030552421, 0.0042193225, 0.0024893144
0.0019340607, 0.0031039584, 0.00784494, 0.0030545662, 0.0075353812, 0.0021238006, 0.0036818264, 0.0044567846, 0.003540923, 0.0071359165
0.0069313156, 0.002508476, 0.004385559, 0.004160764, 0.0070866053, 0.0023907488, 0.0055443672, 0.006075984, 0.001892943, 0.0028606434
0.0024524669, 0.0033552623, 0.0018798289, 0.0032581752, 0.0054250807, 0.002141617, 0.0029476602, 0.0043901, 0.00260509, 0.004491204
0.0019029102, 0.0026359467, 0.0066129277, 0.0067138756, 0.0030020105, 0.0024780526, 0.0042983815, 0.0069563906, 0.0021188178, 0.0034003132
0.0090510305, 0.0049085515, 0.0011593928, 0.0033291003, 0.0033659886, 0.005545671, 0.0027129136, 0.0037475629, 0.0023835707, 0.0014315603
0.0024344833, 0.0077693793, 0.007293354, 0.0016724826, 0.0066477256, 0.004544068, 0.0049899034, 0.003624137, 0.0031205816, 0.002658052
0.003276289, 0.002961947, 0.0019450788, 0.0045719193, 0.0034876275, 0.00397237, 0.004682195, 0.0033620857, 0.0036277086, 0.0027338746
0.0040702284, 0.0042917226, 0.0043918774, 0.0070088664, 0.005117416, 0.0052973316, 0.0060703466, 0.004978742, 0.005671627, 0.0023009137
0.002428243, 0.0037220253, 0.003200409, 0.0031636008, 0.0022834516, 0.0068845144, 0.0058467262, 0.005448645, 0.0016737706, 0.006733222
0.003501358, 0.0022613634, 0.0034188186, 0.002859038, 0.006662565, 0.0035806594, 0.0038693105, 0.0043151155, 0.005112719, 0.00235513
0.0041260626, 0.0034117624, 0.0035324548, 0.004991171, 0.0030643367, 0.0037974438, 0.0056111235, 0.008698617, 0.002521287, 0.0046241423
0.0033997935, 0.005644991, 0.0021559522, 0.0071680406, 0.004427235, 0.0048210807, 0.0030841962, 0.003423322, 0.0049911933, 0.002053297
0.0036430708, 0.0014998862, 0.0037714364, 0.0016148076, 0.0022652908, 0.004166418, 0.0023367398, 0.001930919, 0.003502464, 0.0028648311
0.00096264447, 0.0022458748, 0.0014082365, 0.0045457436, 0.002896117, 0.0052228617, 0.0025145165, 0.0013386179, 0.0014111418, 0.001797502
0.003637743, 0.0016614052, 0.0048150783, 0.003786922, 0.0026002522, 0.0023919633, 0.0035390956, 0.00480912, 0.0041498872, 0.0015588489
0.0030921618, 0.0030710977, 0.0021440343, 0.003713118, 0.0014790939, 0.0022785743, 0.006286514, 0.0048211617, 0.0024080304, 0.005855672
0.0036065525, 0.003512407, 0.0037585415, 0.0043077935, 0.0035780363, 0.0030227094, 0.0036210215, 0.0013449055, 0.0019315867, 0.006785274
0.007391135, 0.0023074686, 0.0039059615, 0.0043656924, 0.0028846655, 0.0039401148, 0.0023342916, 0.0038694357, 0.004919899, 0.0024872306
0.0052097575, 0.003359196, 0.0035288115, 0.0041126776, 0.004527011, 0.003379025, 0.002095195, 0.0034057188, 0.0019017046, 0.0031150966
0.0029996983, 0.0060342085, 0.0045139305, 0.0047846767, 0.0035518962, 0.0020363089, 0.0021767686, 0.00419407, 0.002623065, 0.0060945745
0.0016375263, 0.0032813267, 0.0027335268, 0.0041707065, 0.0026448714, 0.0027077305, 0.0023336364, 0.005380867, 0.004243972, 0.0051683104
0.010964595, 0.0032532678, 0.005207343, 0.0017575512, 0.0078987945, 0.0034697752, 0.0037447629, 0.0021363827, 0.0071124053, 0.0034642154
0.001521258, 0.0020338197, 0.0041932687, 0.0058635, 0.0049521388, 0.0027394448, 0.0021652232, 0.0033308947, 0.0043576946, 0.003312413
0.0039157635, 0.0026344298, 0.0022423088, 0.0016552672, 0.0017458375, 0.0021560811, 0.006024243, 0.0039647715, 0.003272062, 0.0025581638
0.0042561656, 0.0012876, 0.001801119, 0.002401188, 0.0072479635, 0.006605664, 0.0027456055, 0.003625876, 0.006239583, 0.0042911507
0.003898321, 0.0015813424, 0.0051771956, 0.0024475232, 0.0042045824, 0.0027656127, 0.0028670346, 0.0030514502, 0.0042539323, 0.0025924249
0.0030588289, 0.002300428, 0.0026969525, 0.0048680385, 0.0035370328, 0.0028750587, 0.0014587361, 0.0020410966, 0.0028038323, 0.003299065
0.002222201, 0.0019431956, 0.0029872933, 0.0015451638, 0.002319248, 0.0022499687, 0.004973719, 0.004620688, 0.0020598788, 0.0014609308
0.0009873497, 0.0014545966, 0.005443336, 0.0034956366, 0.0041761743, 0.0013679384, 0.0016529994, 0.0033888815, 0.0013668087, 0.0020646763
0.0053157895, 0.0042952485, 0.003114973, 0.0038474137, 0.00172295, 0.005586885, 0.0018911478, 0.001483052, 0.0021306537, 0.004430768
0.0034390802, 0.0048653656, 0.0024375892, 0.002499396, 0.0022140832, 0.0057340516, 0.0027798961, 0.0038569495, 0.003942686, 0.004295797
0.0046370216, 0.0016440575, 0.0017958237, 0.0033795233, 0.0030247935, 0.0069194343, 0.0028407576, 0.0034549304, 0.0020190615, 0.0028582592
0.0038822244, 0.0023684164, 0.002055727, 0.001841902, 0.0033669644, 0.0012951317, 0.003538845, 0.0025633401, 0.0030954883, 0.0025658067
0.003519704, 0.006108366, 0.004957371, 0.0042088064, 0.0033853927, 0.0032714973, 0.0019091977, 0.0037859022, 0.0021774212, 0.0053544743
0.0026299562, 0.003002261, 0.001935034, 0.005290759, 0.002807113, 0.0036736869, 0.002013874, 0.0045364643, 0.001857306, 0.0031013289
0.002312625, 0.00088701013, 0.007736824, 0.0042099464, 0.0014762463, 0.0013581493, 0.005885175, 0.000337579, 0.0021745854, 0.0023340809
0.002212488, 0.0064759073, 0.0030833802, 0.0058441954, 0.0048705586, 0.001603782, 0.0016866096, 0.004490965, 0.003736812, 0.001743201
0.004502604, 0.0019224018, 0.0027678928, 0.0025663653, 0.0024178722, 0.0038576494, 0.0059520537, 0.002244909, 0.0031143387, 0.002122284
0.0053787576, 0.002615376, 0.0045116446, 0.0033102664, 0.0042781373, 0.0044970135, 0.0029020226, 0.004077398, 0.0022742362, 0.0033752152
0.0021891205, 0.0036964056, 0.0031515697, 0.001999741, 0.002137443, 0.0034613977, 0.0046407855, 0.0047372845, 0.0015810174, 0.0027049575
0.003556564, 0.0021982985, 0.0019088357, 0.0016336293, 0.0034425654, 0.0041189734, 0.0031270846, 0.0011398224, 0.0026758353, 0.0026892205
0.0026384695, 0.006036154, 0.0027734595, 0.0034961738, 0.003346084, 0.00084095175, 0.0023306236, 0.0012374738, 0.0015094888, 0.0046459744
0.0033600288, 0.0022458795, 0.0036638677, 0.0026935819, 0.0018326245, 0.0024808438, 0.001993725, 0.0042574797, 0.0005354389, 0.005520053
0.00280452, 0.0031994395, 0.0011685301, 0.0020384435, 0.004931776, 0.0038782693, 0.006667234, 0.0035706128, 0.0033994203, 0.003658825
0.0013113045, 0.001537577, 0.0032322896, 0.004929423, 0.0047446033, 0.0033376026, 0.0026769687, 0.0034083657, 0.002106827, 0.0018423884
0.001466178, 0.0029686494, 0.0019287323, 0.0020912334, 0.0032097688, 0.0034524282, 0.0014723407, 0.0019942247, 0.0018778443, 0.0011898776
0.0018605744, 0.0019855034, 0.0036423816, 0.0011801731, 0.0020138968, 0.0051825847, 0.0029875243, 0.0019914818, 0.0039756, 0.0024757425
0.004350833, 0.0025430056, 0.0037178686, 0.0021985814, 0.004773612, 0.001936707, 0.0034158733, 0.0040856074, 0.00704922, 0.001570594
0.003062239, 0.0023130653, 0.0023154246, 0.0014613133, 0.0042567835, 0.0057039745, 0.0017391075, 0.0016193411, 0.0034138733, 0.004964524
0.00564106, 0.0019716234, 0.002170733, 0.0041164476, 0.002572822, 0.004371492, 0.0035298252, 0.0021779437, 0.0031437397, 0.005706673
0.0011843903, 0.0028103725, 0.0022334422, 0.0030623772, 0.0036412166, 0.0065952176, 0.0022981786, 0.0042336816, 0.0029818788, 0.00398876
0.0032660512, 0.0031831283, 0.001916931, 0.0068773953, 0.0024704984, 0.0021924265, 0.0033365607, 0.0015964949, 0.0022829678, 0.0014779598
0.0018117363, 0.0039613848, 0.0014590162, 0.0049783774, 0.004207918, 0.003651508, 0.0020703678, 0.0035201155, 0.0014283122, 0.0018614607
0.004969234, 0.004492988, 0.0018367996, 0.0012390106, 0.0032812413, 0.0025191214, 0.001413883, 0.0031268997, 0.002015119, 0.003831197
0.0008407633, 0.0015035355, 0.004080567, 0.0024461788, 0.0018924179, 0.0037670792, 0.0021568371, 0.002202919, 0.0022674678, 0.0026974822
0.0028310493, 0.005039983, 0.0021769537, 0.0035768524, 0.0035510594, 0.0035216075, 0.003015705, 0.0025267787, 0.002668118, 0.004629401
0.00510062, 0.003964141, 0.0020083175, 0.0034241106, 0.0010357877, 0.0026062536, 0.0035216624, 0.0013743681, 0.0023298124, 0.007928299
0.0017207168, 0.0070500425, 0.0043577496, 0.0026583704, 0.0023068876, 0.0029260884, 0.0029836798, 0.003144769, 0.0025506595, 0.002012375
0.0016177476, 0.0028085276, 0.0035949002, 0.002415966, 0.0023943484, 0.004486683, 0.0021895654, 0.0012545584, 0.0036259787, 0.0029425253
0.0028725401, 0.002458551, 0.0032277806, 0.0009348658, 0.002778532, 0.004398806, 0.002797734, 0.0023543788, 0.0037426115, 0.0019057086
0.0022685982, 0.0018661886, 0.0013786608, 0.0028151518, 0.0013963273, 0.0014227689, 0.008132777, 0.00329062, 0.0013613408, 0.0024592346
0.0022065511, 0.0032294113, 0.0018298562, 0.0012496534, 0.0011503173, 0.0028723667, 0.00078567374, 0.0019386625, 0.0032126515, 0.003544976
0.0017631508, 0.0016776733, 0.004032351, 0.0026884098, 0.00293535, 0.0028515877, 0.003872577, 0.0015326042, 0.0018428238, 0.004973762
0.0027496878, 0.003021296, 0.0026220954, 0.0021962714, 0.0023714975, 0.0027103724, 0.003273568, 0.0023618713, 0.0034275549, 0.0026223315
0.0030376655, 0.00340922, 0.0041268426, 0.0037746495, 0.001948576, 0.0027220268, 0.0025353464, 0.0031542336, 0.0010746531, 0.003295526
0.002132526, 0.0023925796, 0.0045136698, 0.0016050708, 0.0036938267, 0.0014423251, 0.0030238782, 0.004912374, 0.003784098, 0.0037518516
0.0032322267, 0.004573926, 0.0019303403, 0.0042374358, 0.0022204856, 0.0039020567, 0.0032992368, 0.0011216882, 0.0027119655, 0.002389459
0.0028991806, 0.0020278203, 0.003067738, 0.0040151775, 0.002813233, 0.0011229918, 0.0031545484, 0.0032804224, 0.004469135, 0.0023863274
0.00412303, 0.0060270727, 0.0018499317, 0.0012962786, 0.002222478, 0.0023268645, 0.0029252889, 0.0035077864, 0.0021196809, 0.0027409452
0.0023153683, 0.0010948508, 0.0014288556, 0.0025765107, 0.00643894, 0.0031098472, 0.0021390799, 0.0047554793, 0.0037477529, 0.0030265911
0.001724664, 0.0013884255, 0.0014913604, 0.0026648776, 0.0028541803, 0.0016499817, 0.0017280767, 0.0024276618, 0.0015374679, 0.0032038693
0.002327648, 0.0030673011, 0.001130104, 0.00156476, 0.0041293274, 0.0010257553, 0.00091693964, 0.0029133405, 0.0038607593, 0.0049497937
0.0017030422, 0.0021802394, 0.0035745231, 0.00277123, 0.0036778017, 0.0038117685, 0.0017382493, 0.0023456418, 0.00382354, 0.002483003
0.0022262144, 0.0024443604, 0.0029074096, 0.0045307064, 0.0035770126, 0.0024903982, 0.005967933, 0.008466724, 0.001097687, 0.0032993965
0.0049797785, 0.0040921154, 0.008166875, 0.0029822974, 0.003920504, 0.0020801013, 0.0017943196, 0.0025193219, 0.003014721, 0.0054502646
0.0058854017, 0.005368521, 0.002604455, 0.002933415, 0.00278935, 0.0026771184, 0.0034918967, 0.004104631, 0.005516848, 0.0011274463
0.0017470237, 0.0016804951, 0.0022323055, 0.005065359, 0.0030842307, 0.0021185353, 0.00313426, 0.0022641388, 0.0019665863, 0.0026986534
0.005515261, 0.004140372, 0.003616021, 0.0023465776, 0.0033055954, 0.004200472, 0.0047488175, 0.0023772763, 0.002571374, 0.0035301333
0.005647896, 0.0028355746, 0.0013848194, 0.0026842868, 0.001869587, 0.0013036616, 0.002867925, 0.0034994925, 0.002184159, 0.0023858494
0.003115211, 0.0029860125, 0.0072723534, 0.0011674413, 0.0021736308, 0.0030166772, 0.0019278773, 0.0016940449, 0.008428551, 0.0012300562
0.0031292222, 0.0024363494, 0.0030172637, 0.0038073743, 0.0040197307, 0.0025420755, 0.0029102769, 0.0024116049, 0.005270461, 0.0014391469
0.0024241116, 0.0014246854, 0.0025798786, 0.0059517543, 0.004089909, 0.00228701, 0.0049950182, 0.0010105476, 0.0036500087, 0.0021875827
0.0034948215, 0.0064701233, 0.00433857, 0.002091249, 0.0058932384, 0.0008683837, 0.0034069824, 0.0021397958, 0.006895758, 0.0022095926
0.0022215336, 0.0035979073, 0.0022781808, 0.002685479, 0.0016102393, 0.004848029, 0.004478588, 0.0038884103, 0.0049464228, 0.001160518
0.0039547128, 0.004372309, 0.008517338, 0.0032123805, 0.0010556472, 0.005186785, 0.0038905195, 0.00622624, 0.0016116397, 0.0020888997
0.00087742624, 0.0054760454, 0.0025235387, 0.005464619, 0.0022775386, 0.003981019, 0.0028389068, 0.0038038758, 0.0053437715, 0.0035826853
0.00329433, 0.003521786, 0.0027994304, 0.0017757469, 0.002232932, 0.00313506, 0.0036856066, 0.002574802, 0.0047586546, 0.0057698176
0.0041035702, 0.0021788785, 0.0034376716, 0.0025581266, 0.0034084944, 0.0021517316, 0.0034514284, 0.0018223021, 0.0014206552, 0.0013598443
0.00888995, 0.0038815946, 0.0027040448, 0.0026103342, 0.0023116614, 0.0019012548, 0.0035045617, 0.003273853, 0.003210792, 0.0016684083
0.0025197503, 0.0043393346, 0.002706082, 0.0009791765, 0.004354081, 0.0029321676, 0.0026087419, 0.006364205, 0.0021581766, 0.0034357859
0.003648634, 0.0011987896, 0.00372899, 0.0027073731, 0.0044080187, 0.001667637, 0.0018621248, 0.0027477283, 0.002221519, 0.0035022418
0.00356302, 0.0031010096, 0.002529087, 0.0015097172, 0.0052272878, 0.0064276056, 0.004958254, 0.0045261458, 0.0021128673, 0.0036800737
0.0030728295, 0.002747404, 0.0037842765, 0.0024739397, 0.000985455, 0.006159901, 0.002394848, 0.0037214486, 0.0023269504, 0.0034697196
0.0054634847, 0.0025975816, 0.0046497323, 0.00307054, 0.0015165837, 0.0021629184, 0.0046118097, 0.0046067433, 0.0015582906, 0.0047611846
0.0070350817, 0.0018893215, 0.00057481235, 0.0027581665, 0.00525608, 0.001940399, 0.00305645, 0.002264466, 0.0018517055, 0.0020733685
0.004467317, 0.002706627, 0.0025053818, 0.0023831048, 0.0032207693, 0.0020721657, 0.0015270731, 0.002829401, 0.0026457233, 0.0021810734
0.0022695297, 0.002095813, 0.0024438486, 0.0031475015, 0.0028475837, 0.0021496909, 0.0021226516, 0.0020179339, 0.0025269669, 0.0014490879
0.0068886764, 0.0018735931, 0.0040002773, 0.0014862947, 0.0018421113, 0.0025309655, 0.0032987795, 0.0026769736, 0.0026822793, 0.0012621202
0.002585144, 0.0024053468, 0.0032830345, 0.0025339501, 0.003668831, 0.0020062872, 0.002832365, 0.0054971324, 0.0017046076, 0.002660289
0.006431978, 0.0063880607, 0.0036638973, 0.0023773317, 0.002520945, 0.0027434542, 0.003762291, 0.0048881713, 0.0034596673, 0.006294424
0.0044694063, 0.0036136303, 0.001564611, 0.0030314883, 0.0028487532, 0.0017112289, 0.0014338198, 0.0016288427, 0.0028385692, 0.0027030255
0.0011649354, 0.0007102738, 0.0017442538, 0.0018625805, 0.0025638177, 0.0029066084, 0.002216021, 0.0017915041, 0.0051053567, 0.0009830194
0.0053951475, 0.004288576, 0.0037341572, 0.005246138, 0.0015329886, 0.0015846975, 0.0046836482, 0.003201149, 0.00378326, 0.002500215
0.0017206457, 0.0048495727, 0.0020477735, 0.002193345, 0.002849486, 0.0033483056, 0.0034140414, 0.0037628682, 0.0028491933, 0.0014240863
0.002399121, 0.0051252665, 0.0013732386, 0.0016706039, 0.005698004, 0.0034108905, 0.002396156, 0.0048603457, 0.002410141, 0.0018243911
0.0030851783, 0.002524784, 0.0030097251, 0.0024239635, 0.002976562, 0.0020498289, 0.0021029396, 0.0010680547, 0.0032419157, 0.003998223
0.0026944752, 0.003704267, 0.003675959, 0.004027275, 0.0019946652, 0.0025276435, 0.0042024096, 0.0030643132, 0.0035474494, 0.003539057
0.0024465304, 0.0028102002, 0.0071738632, 0.0017119022, 0.0040700715, 0.00302364, 0.005049731, 0.0011701985, 0.0031048153, 0.0068578254
0.0016438521, 0.004014461, 0.004159779, 0.008332648, 0.0007433727, 0.0030946522, 0.001583367, 0.0061041033, 0.0034720362, 0.0036581382
0.0021992903, 0.0020658646, 0.0021448638, 0.0023464474, 0.005456855, 0.001174897, 0.0025730217, 0.0021811922, 0.0010919854, 0.0011405819
0.0020002064, 0.002666227, 0.001946782, 0.0026306072, 0.005279486, 0.0029677171, 0.0039780345, 0.002302315, 0.002115324, 0.005691666
0.0025728496, 0.0025783256, 0.004519593, 0.0014945085, 0.0027591991, 0.0035380325, 0.0018116615, 0.002904445, 0.0019498565, 0.0018913966
0.004666551, 0.001700958, 0.0018276249, 0.004052527, 0.0018191042, 0.002733121, 0.003099471, 0.0053999177, 0.004826627, 0.0023310808
0.004118276, 0.0053640017, 0.0070231585, 0.0040923534, 0.00232499, 0.0017482718, 0.0042034453, 0.006427055, 0.003428184, 0.0013967765
0.0032079422, 0.0023192067, 0.0032774126, 0.002333309, 0.002824958, 0.0032433227, 0.0020643154, 0.0019996373, 0.003593508, 0.0017861458
0.0029023127, 0.0020857085, 0.0029450026, 0.002797624, 0.006364093, 0.005113393, 0.004970158, 0.0034517937, 0.0042417264, 0.0067473296
0.006288604, 0.0008524824, 0.0025151535, 0.0027168253, 0.0024365368, 0.0036772476, 0.0016050725, 0.004895726, 0.0023473029, 0.0023012722
0.0010650156, 0.0026802951, 0.005268748, 0.002073347, 0.0028538653, 0.0019472751, 0.0017624891, 0.0017055823, 0.002342104, 0.0016790737
0.0016537926, 0.002525271, 0.00155955, 0.0044046445, 0.002661571, 0.0027363598, 0.0024203712, 0.0043097585, 0.00302868, 0.0017711564
0.0030820454, 0.0035040674, 0.0025763637, 0.0019051293, 0.0025730364, 0.0031891272, 0.0049849357, 0.0019439057, 0.004275048, 0.0018464414
0.008374649, 0.002788312, 0.0019060511, 0.0042187283, 0.002726728, 0.0019460364, 0.0022654033, 0.0032518357, 0.0042053685, 0.0030270843
0.0026343307, 0.0036107115, 0.0020359429, 0.003855729, 0.0044752625, 0.0013984595, 0.0007160489, 0.002526793, 0.0033379416, 0.0021491032
0.0015203485, 0.0017059126, 0.004524676, 0.0038490198, 0.0030239818, 0.0017564254, 0.0009956872, 0.0030513885, 0.0022041937, 0.0034793
0.0042474046, 0.0029353509, 0.005059479, 0.0020792533, 0.0019507663, 0.0055323914, 0.007324908, 0.0020565595, 0.0034232654, 0.0015147224
0.0030431016, 0.0017418505, 0.004686659, 0.0059506083, 0.0021779789, 0.0046406793, 0.0026513634, 0.0040154075, 0.004083367, 0.0078786705
0.0033389116, 0.002224858, 0.0033134657, 0.0033124792, 0.0024344749, 0.004748594, 0.0013686309, 0.009450319, 0.0030618024, 0.0055513903
0.002683755, 0.0014315802, 0.004700247, 0.0014101674, 0.003651202, 0.0046427483, 0.0069355313, 0.0031746842, 0.0067906287, 0.0018451356
0.007960714, 0.0057796957, 0.004375889, 0.0036556446, 0.0025781775, 0.0038014129, 0.0025208923, 0.0025083167, 0.0020397287, 0.0032890372
0.0020808675, 0.0023135466, 0.0013447399, 0.001686783, 0.003417348, 0.0054215416, 0.0063641146, 0.0023509627, 0.0027661072, 0.0025618668
0.0022262104, 0.005190278, 0.0011528643, 0.0047073197, 0.0051370882, 0.0013173807, 0.0032219598, 0.0030668704, 0.0021906684, 0.0021932134
0.0066583497, 0.0033309534, 0.0012237502, 0.0024451716, 0.003726273, 0.0031176363, 0.0038731382, 0.0015316827, 0.0014571636, 0.0032697176
0.0018324087, 0.0058220364, 0.0071486053, 0.0017069574, 0.0032291026, 0.0029102, 0.0046670157, 0.0028849903, 0.0024255952, 0.0050192145
0.0015584589, 0.00234499, 0.003448479, 0.0024860376, 0.0024779988, 0.0026191182, 0.0018090459, 0.007998245, 0.0063788183, 0.001051117
0.0024990784, 0.0019747862, 0.0032943846, 0.0037967963, 0.005320712, 0.0045406288, 0.008882077, 0.0019120942, 0.0031880625, 0.00375828
0.005037593, 0.002473143, 0.0009688626, 0.0015652503, 0.0029364305, 0.0035819008, 0.0066942563, 0.0023587826, 0.0045532435, 0.0017891757
0.003979706, 0.0017413887, 0.0088257585, 0.0060576797, 0.0013324863, 0.0014707609, 0.0033796006, 0.0026799839, 0.0023771732, 0.0038027684
0.002298629, 0.0028944411, 0.0009548558, 0.0036599394, 0.0023691296, 0.0032086014, 0.003983932, 0.0034450728, 0.008361589, 0.0030277516
0.0036093784, 0.0015507636, 0.0057313424, 0.002053031, 0.0025268747, 0.0044596395, 0.010902369, 0.0020706933, 0.0016030639, 0.002650171
0.0021159654, 0.0017661329, 0.002169486, 0.0023200489, 0.003426253, 0.0063310433, 0.0023838943, 0.0026169429, 0.0007548769, 0.005339839
0.0025440848, 0.00097564806, 0.0029179922, 0.0017858918, 0.0025106072, 0.0021350333, 0.005273941, 0.0064220014, 0.0039817896, 0.0021888828
0.0048327437, 0.0037713768, 0.002728152, 0.0038277043, 0.0040194634, 0.0028392824, 0.0020556764, 0.0032906258, 0.0034786002, 0.0012129351
0.0032919557, 0.003091292, 0.0022184108, 0.0034764507, 0.0044290307, 0.002221248, 0.0026570982, 0.007095075, 0.0007190958, 0.001406189
0.002869952, 0.0026609083, 0.0026183422, 0.002614091, 0.003340688, 0.0018080783, 0.0022827284, 0.0022189012, 0.0067010773, 0.0031329193
0.007894916, 0.0027908713, 0.0066060936, 0.0030120332, 0.003343543, 0.0011559975, 0.0020867323, 0.005404109, 0.0037278896, 0.0008643137
0.0014692587, 0.0020594937, 0.0014018975, 0.0023709044, 0.0047214623, 0.002843074, 0.0030249725, 0.0033195217, 0.0031637982, 0.002780239
0.003091318, 0.0041831834, 0.0028814012, 0.002156568, 0.0027365317, 0.0016265495, 0.0028164918, 0.004114953, 0.00200939, 0.0019185592
0.0033535077, 0.003209937, 0.003086071, 0.0038364679, 0.0025170844, 0.0051825684, 0.004847655, 0.004019544, 0.0020458517, 0.00405326
0.0030465887, 0.0050801737, 0.002877225, 0.0017208499, 0.0010334319, 0.0035771783, 0.0032537596, 0.006136325, 0.0046881284, 0.0024750803
0.0021485349, 0.009109899, 0.0024210878, 0.001518396, 0.002257497, 0.0015019196, 0.0062007997, 0.0046312944, 0.0028651627, 0.0021364638
0.0017501712, 0.0030383342, 0.0038792996, 0.0049763145, 0.0020863703, 0.0014321741, 0.0059337774, 0.0058800597, 0.0029178585, 0.0017980386
0.0036547708, 0.0051738056, 0.0041705333, 0.0033238896, 0.006773612, 0.0016846486, 0.0019377237, 0.0018819058, 0.0016595, 0.0028075026
0.002756127, 0.002219149, 0.0053431923, 0.0026959952, 0.0020996917, 0.0016918044, 0.003412577, 0.004422957, 0.0043741665, 0.00575619
0.003925416, 0.0044612265, 0.0018350942, 0.004495471, 0.008137954, 0.004047743, 0.0015400222, 0.0031346963, 0.006895844, 0.0022308363
0.0027302527, 0.0028586346, 0.007096057, 0.007110456, 0.0037683786, 0.0041162116, 0.0047741663, 0.0016745981, 0.0032147823, 0.0027921093
0.0025927373, 0.0024771579, 0.0016897721, 0.0032607606, 0.0027088246, 0.0025084554, 0.0010620167, 0.0064537544, 0.0026374487, 0.0014920624
0.0031020467, 0.0014963581, 0.0019599928, 0.0017985348, 0.0019010863, 0.0055920235, 0.0018345739, 0.0035613778, 0.002379812, 0.0026341833
0.004723874, 0.0024013415, 0.0055965367, 0.0029051895, 0.0034839218, 0.0075392653, 0.0035343727, 0.0032851335, 0.0059507396, 0.0034259371
0.0025649474, 0.006504708, 0.0043877275, 0.0027333354, 0.0037671751, 0.0029238905, 0.0026415423, 0.0017726405, 0.0021840178, 0.0025137083
0.0029483098, 0.00482212, 0.0025143796, 0.003954743, 0.004834046, 0.0017215777, 0.0016533622, 0.0038840864, 0.0022390888, 0.0031105739
0.0033314652, 0.002654281, 0.003965867, 0.0018447728, 0.0067027058, 0.0023721987, 0.0036959522, 0.002554966, 0.004845811, 0.0033229454
0.0033793375, 0.0019160202, 0.0013756064, 0.0030201261, 0.0033730492, 0.004919124, 0.0025869065, 0.002697119, 0.002993539, 0.0013018118
0.003093245, 0.0039691636, 0.0029660922, 0.00394033, 0.002831108, 0.003422215, 0.0012097842, 0.0018553458, 0.0064660017, 0.0015354609
0.003009914, 0.0030291365, 0.003826278, 0.003163683, 0.0043433, 0.0014559026, 0.005722437, 0.0015463473, 0.002310443, 0.0017375395
0.0019400008, 0.0021049862, 0.0032561212, 0.0026239327, 0.0023897015, 0.001235822, 0.003082492, 0.0016363563, 0.004164029, 0.00239219
0.0021708258, 0.003802146, 0.0031029102, 0.0034363824, 0.00532491, 0.001852741, 0.0034364185, 0.0022742434, 0.003049333, 0.0016785192
0.0018135242, 0.0036126818, 0.0026526875, 0.0018729876, 0.0060404893, 0.0016701975, 0.0036540632, 0.0031908716, 0.0029681416, 0.004117296
0.0074552256, 0.0015744943, 0.0024965238, 0.0035410237, 0.0033364834, 0.0063060885, 0.004691912, 0.0019948366, 0.0050651133, 0.0017014917
0.0020091662, 0.0035230722, 0.004709663, 0.0029732296, 0.003209191, 0.0037818349, 0.0058212774, 0.0018278898, 0.005373281, 0.004736589
0.0035602658, 0.0030023013, 0.0026839892, 0.0019085014, 0.002418971, 0.00443639, 0.0014455626, 0.002449833, 0.0023622643, 0.0014671957
0.006792411, 0.004021342, 0.001549456, 0.0028462284, 0.003862769, 0.0027022448, 0.0033959488, 0.0032768608, 0.004761014, 0.0036654312
0.0011692995, 0.004068024, 0.004154411, 0.0031940476, 0.0033000177, 0.0024254187, 0.005626102, 0.003396199, 0.0038657703, 0.0018290011
0.0015445676, 0.0029118983, 0.0045511285, 0.0026053917, 0.0033634058, 0.0015979426, 0.00271962, 0.0025746503, 0.0031686127, 0.004011778
0.0034131035, 0.0021150988, 0.0021430685, 0.0019809718, 0.0036528297, 0.0021216539, 0.0051419414, 0.0057218587, 0.0020281116, 0.0015775235
0.004332249, 0.0022801238, 0.0037868875, 0.0056968806, 0.0026014273, 0.0012151713, 0.00227763, 0.0027751292, 0.0059702345, 0.0052318443
0.0021758752, 0.0023358574, 0.0056251492, 0.0023878422, 0.0038670646, 0.0053846156, 0.0017750062, 0.004344023, 0.001533062, 0.003829163
0.0030476414, 0.0029783188, 0.005147779, 0.004018888, 0.0021489372, 0.0019245066, 0.0017341016, 0.003315043, 0.002886111, 0.003264765
0.008247323, 0.0065191886, 0.0033534241, 0.0016770076, 0.0016130413, 0.0067489194, 0.0031089624, 0.002507845, 0.002883604, 0.00577626
0.0010987333, 0.001336422, 0.0019973624, 0.0013626518, 0.0019766241, 0.005817128, 0.0050485153, 0.003345997, 0.0013977169, 0.0039944397
0.0033459952, 0.0025577561, 0.0038014613, 0.0048771473, 0.0027760076, 0.0010786337, 0.0037608168, 0.0027357591, 0.0023827888, 0.0054851724
0.0017995868, 0.004288279, 0.0032226765, 0.0021918728, 0.00631469, 0.002340101, 0.006884537, 0.002927602, 0.0030494584, 0.002875181
0.0021177027, 0.005039256, 0.001846374, 0.0011533939, 0.0026671423, 0.0015169748, 0.00493971, 0.00470131, 0.0048076888, 0.0041508498
0.0070262, 0.0030143722, 0.0016036958, 0.0021922875, 0.002709717, 0.0012819706, 0.0018879129, 0.002124874, 0.0018681143, 0.0025011702
0.003974232, 0.0017886574, 0.0019038079, 0.003600398, 0.0025859713, 0.002397556, 0.0024592332, 0.0025107998, 0.0044296533, 0.004365946
0.0015085804, 0.0011517754, 0.0015384094, 0.0077423444, 0.0055791996, 0.003399509, 0.0056138057, 0.008908536, 0.002118881, 0.0036101216
0.0027722572, 0.0038529937, 0.0057403487, 0.0018446355, 0.0024512631, 0.0013210325, 0.0050541414, 0.0014470574, 0.005360524, 0.002681468
0.0024373683, 0.001762966, 0.0035118032, 0.0022656068, 0.006466065, 0.0049238834, 0.0036689178, 0.004863365, 0.0045151142, 0.0030798237
0.0035476687, 0.0042597335, 0.0034134544, 0.0037786367, 0.0029734494, 0.002740075, 0.003952685, 0.0016493731, 0.0037800295, 0.0034754495
0.0039278567, 0.0022195976, 0.0029853103, 0.0023843779, 0.0030215997, 0.0026053274, 0.0033321292, 0.0020923428, 0.010005685, 0.0017216251
0.0027329125, 0.0050082197, 0.0011257125, 0.0027415908, 0.0022664762, 0.0030395933, 0.0017004042, 0.0038288774, 0.0032583002, 0.0013673498
0.0018731517, 0.0036160247, 0.006294629, 0.002884917, 0.00096318044, 0.0017127988, 0.0024742777, 0.0028308677, 0.0012153926, 0.0031162158
0.0030732972, 0.0076435045, 0.00603605, 0.0021227116, 0.0033262772, 0.0036124452, 0.00137461, 0.0031687405, 0.0019367724, 0.0021674512
0.004031508, 0.0022139032, 0.005388699, 0.0033357516, 0.0032731334, 0.0015684107, 0.0011847874, 0.002975768, 0.0037762455, 0.0012764398
0.004233767, 0.0031846666, 0.0033275809, 0.0014933867, 0.0022692564, 0.0038963815, 0.0037822844, 0.001887324, 0.0024845302, 0.0053014816
0.004854072, 0.0013090521, 0.00094096805, 0.0031353012, 0.0012762225, 0.0032272884, 0.0029715658, 0.0035437504, 0.003077018, 0.0013697712
0.0043438985, 0.00623321, 0.0067655295, 0.0031825798, 0.002223708, 0.0010027282, 0.0040078736, 0.0026581865, 0.004904038, 0.0024445788
0.0026514756, 0.0017759296, 0.0017063594, 0.0026992953, 0.0041193753, 0.002624016, 0.0021422855, 0.0035876944, 0.0021232828, 0.0036921217
0.0011036083, 0.0028809102, 0.0021769847, 0.0015320198, 0.0015273462, 0.002228762, 0.002719354, 0.0016719531, 0.0022992278, 0.005381304
0.0013894566, 0.0018402302, 0.0019726723, 0.0020501674, 0.002839028, 0.0035545356, 0.001243619, 0.0029178576, 0.001208458, 0.001522564
0.0013896909, 0.002092569, 0.0028892946, 0.0025971483, 0.0014948251, 0.0044972096, 0.0042438307, 0.0023432854, 0.0007891647, 0.005656005
0.0009715595, 0.0041696085, 0.0017755013, 0.0022154353, 0.0023967735, 0.0026321546, 0.0025710096, 0.0022830018, 0.003485622, 0.0033008964
0.0026529776, 0.00407403, 0.0021287638, 0.002524435, 0.0022517676, 0.002174249, 0.0030298543, 0.0037263131, 0.003287254, 0.0015133736
0.003927885, 0.0031413254, 0.001613415, 0.0021233633, 0.0030394618, 0.0012418905, 0.0026280014, 0.0019462721, 0.010270769, 0.001500557
0.004549908, 0.0040416145, 0.0033428255, 0.0024847751, 0.0022167466, 0.0031785832, 0.0027001658, 0.0041910727, 0.0037107575, 0.0030093114
0.0029243124, 0.004467685, 0.00237465, 0.0018157717, 0.0050292453, 0.0015152558, 0.0061475085, 0.002557267, 0.0010475793, 0.0046906136
0.0035707543, 0.002178427, 0.002861963, 0.006484336, 0.0013258436, 0.0019889819, 0.0043981434, 0.0017449419, 0.0026114276, 0.0022966769
0.0029433495, 0.002105275, 0.008248856, 0.005033913, 0.0067408383, 0.0025273615, 0.002389731, 0.0022681435, 0.0022545117, 0.0037604414
0.0050890176, 0.0019632294, 0.002873486, 0.0025880765, 0.002369372, 0.0019081406, 0.0031098374, 0.0022121512, 0.0032086018, 0.0022399893
0.002711685, 0.003111404, 0.00094527606, 0.002586932, 0.0026203692, 0.0033099146, 0.006270555, 0.0063695456, 0.0026657186, 0.0024470533
0.0033551883, 0.0020923235, 0.0036230506, 0.0027255623, 0.0029780003, 0.002430808, 0.004013801, 0.0017200636, 0.0037786702, 0.0036944526
0.0015704626, 0.0028817814, 0.005266429, 0.0025139926, 0.0047198227, 0.0021164622, 0.0027662455, 0.0016871913, 0.0033512567, 0.0024221786
0.0055808336, 0.0010067823, 0.0024000579, 0.0034428698, 0.0017476229, 0.0043065175, 0.004946293, 0.0025248188, 0.0052540344, 0.00096864096
0.0019479718, 0.0043456685, 0.0020500938, 0.0021344163, 0.0068886625, 0.0024620167, 0.0013109525, 0.0046470654, 0.004161355, 0.00186237
0.0038354523, 0.0036147533, 0.0025635022, 0.0047551473, 0.0014854728, 0.0038868496, 0.0020899866, 0.0030147182, 0.0019955225, 0.0011724087
0.0018372503, 0.0038574361, 0.0014592799, 0.0029491715, 0.0032610563, 0.0040977946, 0.0030500414, 0.0030398015, 0.003178994, 0.0013265312
0.001666014, 0.0018592814, 0.004716792, 0.0027166663, 0.0026369109, 0.0021800166, 0.0036266963, 0.0015907236, 0.0022620074, 0.002452354
0.0067288345, 0.0040365173, 0.0023009006, 0.0012794861, 0.00073996466, 0.004171563, 0.0021862928, 0.0019417333, 0.0020413022, 0.0019412423
0.0019465991, 0.0027456162, 0.0050378414, 0.001867886, 0.002704531, 0.0034957256, 0.0009810746, 0.003705162, 0.0028145188, 0.0027414938
0.0015101484, 0.0025402408, 0.0023789173, 0.0014622645, 0.002194685, 0.0029167288, 0.0025431723, 0.0021201828, 0.002385595, 0.0037626869
0.004638724, 0.002205342, 0.0021717562, 0.0022142248, 0.004618502, 0.0023446786, 0.0027076702, 0.004356672, 0.0035972008, 0.0019870526
0.0025854607, 0.0028836634, 0.0018280862, 0.0030110301, 0.0024748934, 0.0022057858, 0.0017691465, 0.004174275, 0.0023828049, 0.0016940585
0.0023915214, 0.005460849, 0.0034627663, 0.0027532093, 0.0026315725, 0.0037510272, 0.0031302369, 0.0047233663, 0.0042630276, 0.0032094887
0.002065721, 0.0025520388, 0.0013438447, 0.0031982614, 0.0042045936, 0.0026615756, 0.003022953, 0.0057555, 0.0058984724, 0.002279535
0.0021557962, 0.001000997, 0.002895511, 0.0012183825, 0.0019195538, 0.0016039533, 0.002835965, 0.0016214272, 0.0017744324, 0.0024855412
0.003173265, 0.002064931, 0.0040767496, 0.0023598876, 0.0036684198, 0.0050411187, 0.004030833, 0.0024913037, 0.0008062845, 0.0028028868
0.0016538547, 0.0038324702, 0.0028356218, 0.0012073396, 0.003235597, 0.0014748848, 0.0032228776, 0.0024697254, 0.0018437353, 0.0007040655
0.0038644199, 0.0027719426, 0.0025740918, 0.0054024667, 0.0023160442, 0.0013271999, 0.0023377454, 0.004400161, 0.004700922, 0.008976048
0.0026488965, 0.0024279733, 0.0029510278, 0.005780578, 0.0027030925, 0.0030216575, 0.0039337836, 0.0020851444, 0.0015272095, 0.0028759995
0.0015203769, 0.0037227264, 0.0007701011, 0.0022244174, 0.002364089, 0.0015408043, 0.0007272796, 0.0077283476, 0.00254057, 0.0027716728
0.0023543534, 0.0029625597, 0.0036431267, 0.0008701543, 0.0033407295, 0.0014785042, 0.004935379, 0.0015928034, 0.0028824233, 0.0028155087
0.0020174426, 0.002920928, 0.001076447, 0.006384043, 0.0023257693, 0.0019979454, 0.0031097233, 0.0057822615, 0.0026110592, 0.0069320276
0.001442791, 0.004949631, 0.0018566274, 0.003622493, 0.002561967, 0.0018600927, 0.0028130966, 0.0030952408, 0.0037039304, 0.003979617
0.001923713, 0.0033034692, 0.0048536602, 0.0018488757, 0.003063259, 0.002428065, 0.003394207, 0.0024898848, 0.0018377268, 0.0037160185
0.0013535368, 0.001545638, 0.001305034, 0.0030058664, 0.0018994467, 0.0028295438, 0.002593057, 0.0022851895, 0.003014755, 0.0018012623
0.0009390351, 0.0025392983, 0.0037108483, 0.0027952618, 0.004687066, 0.0036996438, 0.0048858067, 0.00479097, 0.0013899839, 0.002336328
0.0035486948, 0.002206365, 0.0015947421, 0.0027942462, 0.004556069, 0.0030803871, 0.0018944804, 0.006523564, 0.0026423489, 0.0025124021
0.0026948664, 0.0021751777, 0.0023831185, 0.0070356266, 0.0027165583, 0.005618144, 0.0020829146, 0.0031000008, 0.0037591867, 0.003311482
0.002873803, 0.0021745393, 0.004562133, 0.0027992036, 0.0037047425, 0.0050754533, 0.0017592176, 0.0030399018, 0.0020489602, 0.0034190547
0.0027406951, 0.0047884155, 0.00314904, 0.0020077692, 0.0028270693, 0.0023926946, 0.0030633886, 0.0036447528, 0.002678834, 0.0013616699
0.0016711301, 0.004587981, 0.0029289438, 0.00083517574, 0.0027555455, 0.0025528779, 0.0051234053, 0.0077750017, 0.0024097387, 0.004231023
0.0033007811, 0.0033550998, 0.0025456012, 0.002849807, 0.0042478344, 0.0033565862, 0.0046770712, 0.006349476, 0.00446895, 0.003191464
0.0025449642, 0.0037811757, 0.0019922229, 0.00228881, 0.002644762, 0.002332633, 0.0021416424, 0.0021693304, 0.0041792346, 0.0019255483
0.0032365923, 0.0014224473, 0.004035741, 0.0031762621, 0.0026840798, 0.0028080898, 0.0018724028, 0.0019501204, 0.0048742937, 0.0034570007
0.0017395974, 0.0027582692, 0.002931664, 0.0016208685, 0.0029187852, 0.005207981, 0.008602127, 0.00798456, 0.0029307667, 0.0035659072
0.003368405, 0.0020335927, 0.0034141804, 0.0082882345, 0.0048585963, 0.0017440524, 0.0030893679, 0.0031024616, 0.00490775, 0.0018116436
0.0039300993, 0.0033291928, 0.0031991545, 0.0029845731, 0.0020728547, 0.0025504213, 0.002963358, 0.001555268, 0.0010673209, 0.0045320075
0.001600434, 0.0017069542, 0.0030360587, 0.0013038407, 0.0016989654, 0.003969415, 0.0025200108, 0.0017928751, 0.003708671, 0.0030808975
0.0017160786, 0.002421684, 0.0015960352, 0.001658116, 0.0018804413, 0.0026233196, 0.0011871541, 0.0019121424, 0.0063732276, 0.0031786757
0.0016629696, 0.0053822086, 0.0035409185, 0.002633925, 0.0022442434, 0.00081902754, 0.001430555, 0.004251632, 0.004624717, 0.0019279387
0.0022904542, 0.0026282328, 0.0059982818, 0.0021796925, 0.0016694493, 0.0016519623, 0.00607071, 0.0041742353, 0.004502817, 0.0020448063
0.005376504, 0.004158362, 0.0014633054, 0.004806269, 0.0032257682, 0.0019440106, 0.0051953015, 0.003422937, 0.0027188405, 0.001834093
0.0039875656, 0.0045759687, 0.00205387, 0.0031521139, 0.0013829772, 0.0026920917, 0.0034642664, 0.0027062525, 0.0040751537, 0.0014755717
0.0045417454, 0.0014014177, 0.0016723716, 0.0046831286, 0.0029463142, 0.0076047163, 0.0044459365, 0.0034960944, 0.005908668, 0.0027930164
0.0022604873, 0.001231407, 0.0037989873, 0.0024798452, 0.003928488, 0.0035782536, 0.0025800136, 0.005987512, 0.0022932338, 0.0066719884
0.0031269751, 0.0024600702, 0.0019001302, 0.0013337808, 0.0022549473, 0.0040950007, 0.0060538603, 0.0037785298, 0.0037648715, 0.0020651887
0.0031542825, 0.0021947671, 0.003990501, 0.0060336133, 0.00105715, 0.0019929959, 0.0020306155, 0.0026109829, 0.0023878827, 0.0032216073
0.0023549933, 0.0020703846, 0.0028972907, 0.0028475318, 0.0034984618, 0.0013254029, 0.0023805457, 0.0029004086, 0.0037911653, 0.0036852104
0.0036793742, 0.0041507785, 0.003006751, 0.0016523274, 0.0072848587, 0.002010468, 0.0029268358, 0.00219383, 0.0038100996, 0.0018101471
0.0010736538, 0.003097448, 0.0029404592, 0.003946775, 0.002654808, 0.0023173895, 0.0019185939, 0.0045804544, 0.0019314906, 0.003526326
0.0019696017, 0.0031253248, 0.0023802882, 0.0043281233, 0.0026735016, 0.0020821134, 0.002522483, 0.0009422573, 0.0029151696, 0.0023882482
0.0008601351, 0.005644466, 0.0019906266, 0.0027434567, 0.002070366, 0.0011410653, 0.002017816, 0.0030225897, 0.0026299385, 0.0032499097
0.0021680617, 0.0025696028, 0.003461198, 0.0030659847, 0.0035758638, 0.001973085, 0.0017472643, 0.005104892, 0.0015599584, 0.0031213537
0.005460957, 0.00067141594, 0.0066310763, 0.0039073606, 0.004621654, 0.0052830186, 0.0026540044, 0.00284441, 0.0014323916, 0.0035813798
0.0037607704, 0.0021774585, 0.007994243, 0.0027554906, 0.005063341, 0.0060216542, 0.0030360636, 0.0024799951, 0.0035448303, 0.004440154
0.0039001198, 0.0013987728, 0.0019707703, 0.0017672104, 0.0033690738, 0.003481634, 0.002183995, 0.0026873369, 0.0028906297, 0.0035606732
0.0052660042, 0.0026247608, 0.0018294448, 0.004046541, 0.0034054124, 0.0016669116, 0.0043567875, 0.0030588964, 0.0019210343, 0.0052380385
0.0019853625, 0.0011694349, 0.0018753484, 0.003083827, 0.0023131524, 0.0014511887, 0.00078359956, 0.0017517428, 0.0032963124, 0.002093456
0.003460321, 0.0033817452, 0.0010695643, 0.0021833517, 0.0057080192, 0.001600554, 0.0024236601, 0.00141538, 0.004132079, 0.0016780825
0.006173866, 0.002540961, 0.0027115121, 0.0013464753, 0.003934334, 0.0043458054, 0.0030205527, 0.0019661714, 0.0016894075, 0.0045757443
0.00296291, 0.0032895878, 0.0027733757, 0.005738797, 0.003338654, 0.0036688126, 0.003225128, 0.001977649, 0.0025174278, 0.005740875
0.0035655787, 0.003420857, 0.0037461873, 0.0068929642, 0.0038700048, 0.0030896454, 0.0038399019, 0.0032875033, 0.0034266033, 0.003259638
0.002377463, 0.0015074639, 0.0034769608, 0.0030984157, 0.0026409265, 0.002823221, 0.001981463, 0.0036807437, 0.0018944959, 0.0050258413
0.0016699659, 0.002204269, 0.0030992124, 0.0019068259, 0.0020783695, 0.0011404707, 0.005680294, 0.001668419, 0.0018581753, 0.0018186525
0.0019793925, 0.0029534618, 0.0033372664, 0.0031245113, 0.0014263812, 0.0027570263, 0.0013344461, 0.0015432735, 0.00502163, 0.0031380919
0.002231297, 0.0020022513, 0.003893695, 0.0035857265, 0.0029969113, 0.0063704513, 0.006171139, 0.003943431, 0.0038262838, 0.0019785212
0.0040206183, 0.0028081592, 0.0030942885, 0.0046613477, 0.0020320676, 0.0019466497, 0.003189811, 0.0038822757, 0.0025716284, 0.0025126503
0.0022738664, 0.0023524608, 0.0034390546, 0.0021004002, 0.00487177, 0.0023350823, 0.00294736, 0.0016285698, 0.004304887, 0.0051941387
0.0040364675, 0.0010621725, 0.0050546383, 0.002132798, 0.0016292855, 0.0010409585, 0.0038885893, 0.0017766333, 0.0041913087, 0.004744263
0.002614764, 0.0028046959, 0.0028795167, 0.0032846474, 0.0020356977, 0.00307963, 0.0026204383, 0.0032478017, 0.0025577687, 0.0019137338
0.0016618324, 0.0016975738, 0.002857338, 0.0015738681, 0.0016308768, 0.0041033938, 0.0030441047, 0.004560668, 0.0013921356, 0.006357845
0.0027747026, 0.0059482316, 0.0062711253, 0.00218192, 0.0010748014, 0.00426572, 0.0054156375, 0.0024941333, 0.011779241, 0.0015445106
0.0020857756, 0.002222571, 0.0026546232, 0.0011917845, 0.0027437864, 0.0039060065, 0.0024116382, 0.008442773, 0.002262926, 0.0014371355
0.0009942646, 0.0049073338, 0.002037716, 0.003975648, 0.004959514, 0.00065006746, 0.0022783908, 0.003728454, 0.0014462937, 0.0016155534
0.003312885, 0.0014801336, 0.0030067672, 0.001799084, 0.004437157, 0.0046376204, 0.002046248, 0.001996574, 0.0029012482, 0.0038109536
0.003983482, 0.0013688967, 0.002252372, 0.004086119, 0.0020427364, 0.0026728397, 0.0031535667, 0.0036213743, 0.0026414883, 0.004092831
0.0014814318, 0.0030895984, 0.00321612, 0.004371121, 0.0052658096, 0.0014026405, 0.0033876423, 0.0022124248, 0.0023715685, 0.002200028
0.0061170408, 0.0026938359, 0.003343275, 0.0027614643, 0.003299077, 0.0025897908, 0.002829922, 0.0044926107, 0.0019132557, 0.00210159
0.0020757702, 0.0017475821, 0.00349961, 0.0040113097, 0.0039834883, 0.003951736, 0.002780096, 0.0031639647, 0.0019242815, 0.004490751
0.0023762025, 0.0039960905, 0.0018078113, 0.0030020091, 0.0027700649, 0.0036825538, 0.0011212766, 0.003983913, 0.0014188515, 0.0034862827
0.004100466, 0.0032638412, 0.0034196565, 0.0045581833, 0.0020076225, 0.0017020373, 0.004731732, 0.0013168647, 0.0031210831, 0.0032979469
0.0021360344, 0.0023784146, 0.0013443031, 0.003481904, 0.0018931174, 0.0037437768, 0.0034585113, 0.0010803338, 0.0016858712, 0.002098692
0.0018919292, 0.002716093, 0.00341651, 0.003101213, 0.0018915664, 0.0030172612, 0.002594559, 0.0028527835, 0.0053334767, 0.0020554345
0.003885595, 0.0024605063, 0.0037845531, 0.0036030242, 0.0022703619, 0.001605046, 0.0014859712, 0.0014481625, 0.0016208442, 0.0028524844
0.0022387695, 0.003187405, 0.003056652, 0.0069575408, 0.0032288635, 0.003351708, 0.0028118389, 0.002303563, 0.003093662, 0.0020163632
0.0044693677, 0.0029056354, 0.0034224866, 0.0024092142, 0.0017231493, 0.0022469657, 0.0012246831, 0.0033490346, 0.0036845547, 0.0030508083
0.0019416348, 0.0023620946, 0.005870341, 0.0014177231, 0.0023345496, 0.0021599473, 0.0027392497, 0.0016364066, 0.0016891988, 0.0018380273
0.005244811, 0.0012540673, 0.0023885332, 0.0027201818, 0.0023888308, 0.007116625, 0.0037162933, 0.0027410286, 0.00230018, 0.0022328258
0.0019102525, 0.004559252, 0.008652488, 0.0018114694, 0.0036724098, 0.0028585047, 0.0026037092, 0.004370143, 0.0027837115, 0.0043414133
0.0008193803, 0.0020553032, 0.00661786, 0.0040566884, 0.002077172, 0.0020823572, 0.0039614895, 0.003596544, 0.0030417275, 0.0018648646
0.0033306014, 0.0024925787, 0.002239346, 0.006524766, 0.0019265111, 0.0053581093, 0.0032021592, 0.00063034345, 0.0017633901, 0.003266852
0.0025460687, 0.001246155, 0.0036889226, 0.001817531, 0.0030124164, 0.001657066, 0.0021199102, 0.001600564, 0.004854747, 0.0048101624
0.0021212625, 0.0015702987, 0.005610797, 0.0026110453, 0.001389263, 0.0022082825, 0.002150856, 0.002600815, 0.003535341, 0.0028003813
0.00666595, 0.0026475843, 0.0019779985, 0.005518458, 0.00278692, 0.0020790454, 0.0027629177, 0.0017212562, 0.002917549, 0.002904959
0.0010426564, 0.0035199313, 0.0032081243, 0.0020461383, 0.0038503488, 0.005605966, 0.0012750105, 0.0019837404, 0.0038488735, 0.005075681
0.0031091494, 0.002691872, 0.0021582958, 0.0021035387, 0.0019815213, 0.0043315357, 0.0015682037, 0.0033666112, 0.002854288, 0.0043527544
0.0025168685, 0.0018230022, 0.0018988783, 0.0032287198, 0.0046216208, 0.0025580823, 0.0028381813, 0.0020126337, 0.0009730505, 0.0020546208
0.002059088, 0.002392556, 0.0021880215, 0.0009969969, 0.0011358844, 0.001495215, 0.0014289971, 0.002799321, 0.0022365921, 0.0011347403
0.002898883, 0.001674264, 0.0026912217, 0.0023690201, 0.0016800483, 0.0021406205, 0.001308837, 0.004073348, 0.0036149044, 0.0009879409
0.0044120173, 0.0021883468, 0.0064373547, 0.0019998832, 0.00443575, 0.0022191494, 0.0038505662, 0.0026853255, 0.0032181963, 0.0023215038
0.0049370527, 0.004194762, 0.0027148915, 0.0023611605, 0.00400991, 0.001642113, 0.003393998, 0.002572151, 0.0023566978, 0.0018018855
0.0054244576, 0.0019337576, 0.0012129662, 0.0018582104, 0.003933134, 0.0019201987, 0.0023520999, 0.003406887, 0.002280231, 0.002621829
0.0030018687, 0.002412158, 0.0015179021, 0.0035982053, 0.0012821639, 0.0013540904, 0.0024372465, 0.0013886597, 0.0014018225, 0.0012371968
0.0029864002, 0.0043010153, 0.0027916348, 0.0028262942, 0.0014073441, 0.0033141458, 0.0014097842, 0.0025258665, 0.0020756514, 0.002367083
0.003118586, 0.0033760017, 0.0013150381, 0.0034334415, 0.00126591, 0.0037878589, 0.0016005517, 0.0069869347, 0.0022796493, 0.002769965
0.0011882235, 0.0043889764, 0.00090800447, 0.002764786, 0.0032714151, 0.002015044, 0.00207488, 0.0073493393, 0.005896345, 0.006154487
0.0054604704, 0.0027673007, 0.0022285753, 0.001909638, 0.0010438187, 0.001865967, 0.001548915, 0.0026631819, 0.0063854903, 0.0007028554
0.0033288666, 0.0028249286, 0.0037738006, 0.0010670273, 0.0034476125, 0.0009710718, 0.004466593, 0.0019764926, 0.002983253, 0.003644497
0.006945424, 0.00452073, 0.001093802, 0.0009164459, 0.0039616246, 0.007467676, 0.0029437095, 0.0037200237, 0.0025818816, 0.0009107818
0.0021297731, 0.0033704469, 0.0037322757, 0.002427176, 0.0044080233, 0.003270856, 0.0034041945, 0.0039337035, 0.0030280587, 0.003010471
0.0027976222, 0.003548489, 0.0028202059, 0.005452377, 0.002121762, 0.0034285204, 0.0027962606, 0.002861646, 0.0025254071, 0.001951947
0.0034579965, 0.005718746, 0.0056888037, 0.0018470131, 0.003775129, 0.0031529407, 0.0028245924, 0.0036544593, 0.004406173, 0.0023178686
0.0032540658, 0.003950978, 0.0054797838, 0.0026560477, 0.006766038, 0.0019607595, 0.0024550788, 0.0025559026, 0.0015151158, 0.0032816052
0.0031368071, 0.0026467002, 0.001778496, 0.0028820338, 0.0015368046, 0.0020366143, 0.0022654473, 0.0010007218, 0.0043490506, 0.0061715753
0.002570509, 0.002693032, 0.0038907707, 0.0020221164, 0.00427702, 0.002304167, 0.004674105, 0.0022893548, 0.003694255, 0.003501298
0.0049731163, 0.0028467206, 0.0014933464, 0.0018580123, 0.0017265631, 0.0010034908, 0.0024398386, 0.0009504095, 0.002203574, 0.00086237723
0.0025349632, 0.0024050386, 0.0024608453, 0.003175333, 0.0026545052, 0.0027456088, 0.0017614482, 0.0015880847, 0.0025785987, 0.0013107578
0.002225509, 0.0024758987, 0.0040935753, 0.00069343625, 0.0041174744, 0.0027761515, 0.0023583176, 0.0014337644, 0.0020421967, 0.004973663
0.0019272392, 0.0017795863, 0.0019129715, 0.0014976275, 0.0040111076, 0.0031108053, 0.0045161005, 0.0025102235, 0.0016328536, 0.0015624636
0.004477428, 0.0007311888, 0.0031813032, 0.0028674211, 0.0026344769, 0.0012251155, 0.0027688686, 0.0014395155, 0.004264136, 0.0049163103
0.0016587374, 0.0018501419, 0.00093987415, 0.002961109, 0.0021600367, 0.0036702265, 0.0015975822, 0.0071166, 0.0024727709, 0.0056586172
0.0011469063, 0.00484188, 0.002061105, 0.0052287397, 0.005152487, 0.0027903863, 0.005246314, 0.0025355008, 0.005763193, 0.0010147716
0.0029425467, 0.0021202317, 0.002600173, 0.0039493563, 0.001958828, 0.0040331837, 0.0016993489, 0.0040856954, 0.0013850118, 0.0020915358
0.005962787, 0.0012679375, 0.0029973818, 0.0056672855, 0.002769214, 0.0006736893, 0.0035794517, 0.0028665392, 0.0012918747, 0.003354245
0.003782719, 0.0012053123, 0.0027778419, 0.0038633612, 0.0031970632, 0.0032047234, 0.003110333, 0.0019294927, 0.0031962865, 0.004018386
0.0032830762, 0.005707425, 0.0023756283, 0.002627168, 0.0016781607, 0.0031835886, 0.0014876666, 0.002709269, 0.0035845658, 0.004268257
0.0035567752, 0.0035616527, 0.005695316, 0.002358403, 0.007449438, 0.0025870868, 0.0021618677, 0.002438196, 0.0020258487, 0.0029594374
0.0019364158, 0.0035393634, 0.00643461, 0.0026077451, 0.002275611, 0.0035461367, 0.0023418965, 0.001732663, 0.0066955, 0.0043976465
0.0018980559, 0.003055862, 0.004671053, 0.0040317015, 0.0052522738, 0.0033902207, 0.0018823944, 0.0026455962, 0.002581339, 0.001247027
0.0032432307, 0.0036901815, 0.0020781383, 0.0048823147, 0.0027188007, 0.0038304182, 0.0017126051, 0.0036114112, 0.0023375447, 0.0019134152
0.0023472826, 0.0016542826, 0.001988849, 0.003756054, 0.0025204064, 0.002719742, 0.0037303823, 0.007306097, 0.0025049679, 0.0026239138
0.002435917, 0.0015116867, 0.0039894124, 0.0050633424, 0.0044164644, 0.0043709343, 0.0013671455, 0.00828582, 0.0024508066, 0.0029076473
0.0034199338, 0.0033854344, 0.007026167, 0.0021006644, 0.0017560701, 0.0019738886, 0.00528841, 0.0036473644, 0.0034939018, 0.002706666
0.002322495, 0.0016199993, 0.001519239, 0.0027589384, 0.0027847106, 0.002294707, 0.0020989527, 0.0025369448, 0.0030962185, 0.004732602
0.0011474667, 0.0019661197, 0.001966722, 0.0033438164, 0.0019712644, 0.0032122657, 0.0021937082, 0.0024201288, 0.0032310006, 0.0022371518
0.0026310866, 0.0014143183, 0.002144236, 0.0009824694, 0.0027925184, 0.002083679, 0.0023815187, 0.002249711, 0.008376861, 0.003447331
0.0021971816, 0.0037786278, 0.002478409, 0.0019874624, 0.0026327013, 0.0021324395, 0.0021827715, 0.0029779535, 0.007888848, 0.0015878233
0.0031311456, 0.002844225, 0.0074471813, 0.0026955563, 0.0013237477, 0.007840344, 0.002655894, 0.0033550393, 0.0025012763, 0.0023807369
0.0036846118, 0.0011725412, 0.001999729, 0.0014478574, 0.002420364, 0.0019463885, 0.0028678817, 0.0022068787, 0.0025699511, 0.0029748457
0.0021708496, 0.0018138839, 0.0029399921, 0.004018054, 0.0029222951, 0.0023872843, 0.0022269, 0.00144912, 0.0034658692, 0.0018912635
0.0032643713, 0.0022523846, 0.0021838357, 0.0034080877, 0.004713038, 0.002361211, 0.0018974135, 0.0021642959, 0.0012534145, 0.0049433904
0.002734717, 0.0035801162, 0.005317344, 0.0019190019, 0.0034004415, 0.0060666795, 0.00160677, 0.002183553, 0.001615057, 0.003041308
0.0029224644, 0.0038883719, 0.0028217393, 0.0021740454, 0.004560104, 0.002911094, 0.0018784627, 0.0034376984, 0.0013394805, 0.0026244507
0.0053679137, 0.002681207, 0.0017233237, 0.0030030997, 0.0018915411, 0.0020915824, 0.004503731, 0.0032295212, 0.00457374, 0.0034282715
0.0019760807, 0.0011162244, 0.0020600036, 0.0020541162, 0.007510699, 0.0060339686, 0.00563099, 0.0014946683, 0.0010585696, 0.004566335
0.0031855525, 0.002599313, 0.0021688219, 0.00176228, 0.002172302, 0.0036450285, 0.0035796175, 0.0021065585, 0.0059963083, 0.002477935
0.0051631983, 0.0030862158, 0.0027261563, 0.0022449226, 0.0015040109, 0.0043894905, 0.003176694, 0.0011385388, 0.0031760673, 0.0018035125
0.0045954967, 0.0022818167, 0.0029964286, 0.0035208212, 0.0013345452, 0.0019123708, 0.0011401263, 0.0041888356, 0.00079585717, 0.0016667806
0.008558701, 0.003724893, 0.0022337534, 0.0031998744, 0.0047473107, 0.008371383, 0.0037543853, 0.0025128694, 0.003123358, 0.003147095
0.0026618964, 0.0016593967, 0.002785812, 0.0019517923, 0.0016009904, 0.004226821, 0.0022892307, 0.0030814393, 0.003781331, 0.0020294192
0.002271523, 0.0012217588, 0.0039079715, 0.0011675004, 0.0045631817, 0.0019316487, 0.0016851574, 0.0030194002, 0.0036672316, 0.0027071228
0.0022557867, 0.0018610929, 0.0035303293, 0.0019153667, 0.00449152, 0.0011285059, 0.0022377297, 0.0021376186, 0.0022294756, 0.002487929
0.0035286183, 0.0037376778, 0.003506831, 0.0038513106, 0.0028066603, 0.005267628, 0.0051334677, 0.0027819732, 0.001086707, 0.0027002236
0.0027657892, 0.0038638678, 0.001605772, 0.003178257, 0.0028827256, 0.0031827316, 0.0023390173, 0.0029646389, 0.0054600416, 0.0020384942
0.0029968955, 0.0023158481, 0.0033432248, 0.0033283415, 0.0016625717, 0.0035488042, 0.0040273676, 0.0025984554, 0.0034853097, 0.0046353517
0.0033205862, 0.00210245, 0.0021006884, 0.0033823156, 0.0034742209, 0.0044998946, 0.0005206349, 0.004432631, 0.0018282338, 0.00176826
0.0035826315, 0.004452247, 0.0025720475, 0.002230866, 0.0047334135, 0.0039976626, 0.0018344308, 0.0019738316, 0.0039008528, 0.0039647752
0.0049498663, 0.0023570638, 0.0026763515, 0.0021747355, 0.0014513674, 0.00076651166, 0.0025863368, 0.0015530789, 0.0040457966, 0.0027437801
0.0032250779, 0.00091412, 0.0040413486, 0.002643686, 0.0021718538, 0.0033042869, 0.0017801924, 0.0025438203, 0.0027210175, 0.0026762895
0.0038297973, 0.0020714034, 0.0039395355, 0.0013888549, 0.005493476, 0.0016874714, 0.0021929555, 0.0061498825, 0.0031513213, 0.004121238
0.0036966163, 0.010930702, 0.0025815098, 0.0013035876, 0.002306793, 0.0031406146, 0.003762127, 0.0033537417, 0.0034461776, 0.0029115486
0.0024074728, 0.0011652234, 0.005460397, 0.0027556284, 0.002933943, 0.0016747115, 0.0017644214, 0.0016191854, 0.0014081091, 0.0021929345
0.003217766, 0.0038833441, 0.0015055767, 0.0020267116, 0.0018099442, 0.0018647377, 0.00248469, 0.0054210513, 0.0026505878, 0.0028183535
0.001988999, 0.003467685, 0.003892904, 0.004846069, 0.0028508944, 0.002804909, 0.001595711, 0.0021893352, 0.005300164, 0.0028601212
0.0027431683, 0.0017884139, 0.003076572, 0.0013109015, 0.003165792, 0.001739349, 0.0010734773, 0.0033250332, 0.0030182828, 0.002296436
0.0018018123, 0.0009928875, 0.0050306986, 0.0040846653, 0.0053058797, 0.0016850107, 0.0030010985, 0.001717716, 0.0012790961, 0.0019921223
0.0039126375, 0.002565517, 0.002300302, 0.0013265527, 0.003502652, 0.0016223639, 0.0016477606, 0.0030302287, 0.0021726745, 0.0019562244
0.0030367249, 0.0028444603, 0.0015040984, 0.0014083507, 0.0026549613, 0.0028556434, 0.0031458805, 0.002659795, 0.0024543102, 0.0013273854
0.002597658, 0.0040539866, 0.005237908, 0.0035177933, 0.005548619, 0.0024333696, 0.0026103326, 0.0013316906, 0.0045374217, 0.0031046593
0.003437749, 0.0043665674, 0.0017627986, 0.001746798, 0.0038517024, 0.00331396, 0.0035061021, 0.006793118, 0.002737188, 0.0020181495
0.0042134738, 0.0014660186, 0.002408858, 0.0012474592, 0.0026101847, 0.0014491803, 0.0025904689, 0.0013767035, 0.0025555193, 0.0028822985
0.0018741242, 0.0015719037, 0.0015828328, 0.00094890234, 0.001217315, 0.0037800192, 0.0024684211, 0.00049543276, 0.004395176, 0.002213582
0.002141109, 0.004553837, 0.0017246079, 0.0028853065, 0.0045278766, 0.003546617, 0.0015262368, 0.002582894, 0.0020827407, 0.000609316
0.0024999743, 0.0011725398, 0.004344752, 0.0049028774, 0.0014499505, 0.0020407739, 0.0010903706, 0.0021943795, 0.0025416361, 0.0024604825
0.0017935529, 0.004490688, 0.003947212, 0.0025395541, 0.002728317, 0.0064561157, 0.0016219255, 0.0029686703, 0.0007209774, 0.0016399614
0.0018095217, 0.004087371, 0.0055436436, 0.0040258584, 0.001138851, 0.002398848, 0.0025006852, 0.0033335376, 0.0024532834, 0.0023041908
0.0015285023, 0.0034134598, 0.0020545507, 0.0015759445, 0.0031869763, 0.0015483492, 0.0035470696, 0.0051307892, 0.0034325656, 0.0016720346
0.0020780188, 0.001314241, 0.002769886, 0.0026199613, 0.002626104, 0.0032675485, 0.0036024044, 0.0021236422, 0.0031400095, 0.0015949125
0.0026136592, 0.0032033161, 0.0017682632, 0.002155158, 0.0022782092, 0.002523061, 0.0016371107, 0.0014741464, 0.001986451, 0.0039679166
0.0026239345, 0.003416429, 0.002955202, 0.004105204, 0.0015280785, 0.0010611726, 0.0027820366, 0.0022304417, 0.0012957794, 0.0037059493
0.0031451993, 0.0033741058, 0.0013325211, 0.003752636, 0.003049131, 0.0023974327, 0.0024947887, 0.0034080255, 0.0036742701, 0.0013434248
0.0013142355, 0.0022752811, 0.0028536294, 0.001879568, 0.0033661292, 0.00247934, 0.0009169419, 0.0022329108, 0.0020671147, 0.0009018739
0.0033164648, 0.0020744535, 0.0024801483, 0.0026834249, 0.00076795893, 0.0030138032, 0.0031864452, 0.0012870382, 0.0042308867, 0.0018375416
0.001248405, 0.004149994, 0.0015627628, 0.0028481453, 0.003232195, 0.0019929758, 0.001731125, 0.0031332946, 0.002610398, 0.0026349663
0.0016388514, 0.002623713, 0.0017001777, 0.002472707, 0.001998727, 0.0015437924, 0.0036700042, 0.004855767, 0.003062861, 0.0020981915
0.0014750834, 0.003629885, 0.002280908, 0.0024134766, 0.0023094306, 0.002012524, 0.0033870009, 0.0031091745, 0.0034510866, 0.0012814878
0.0041622575, 0.0021414887, 0.0024088183, 0.004779906, 0.0035096563, 0.0040446855, 0.002151364, 0.003027764, 0.003033015, 0.0050078174
0.0016784032, 0.0025147009, 0.0018905225, 0.0027526082, 0.0016236769, 0.0025864732, 0.0029651546, 0.0038650814, 0.0033585525, 0.001361632
0.0029149842, 0.0012073293, 0.0040523047, 0.0033228933, 0.0034931952, 0.0018943767, 0.0021711749, 0.0019841795, 0.0017296188, 0.005072726
0.0023235376, 0.0047567133, 0.0023279884, 0.0014132843, 0.0032540218, 0.0020693666, 0.003078229, 0.0013264344, 0.00080514787, 0.0019364534
0.0024622958, 0.0035873537, 0.0024039417, 0.00424265, 0.0044012065, 0.0045046764, 0.0038233802, 0.0015933216, 0.0019131791, 0.0023732446
0.0021355462, 0.0022528367, 0.0018229533, 0.0040560327, 0.0007556094, 0.000720124, 0.003408187, 0.0029723663, 0.0010693999, 0.002749364
0.0016294813, 0.0011083819, 0.0011185099, 0.0016873763, 0.0016795343, 0.004186926, 0.0019359936, 0.003476, 0.003599177, 0.0026816344
0.0030491631, 0.0035893105, 0.0030287937, 0.004087667, 0.0016903507, 0.0034769448, 0.0018798646, 0.0012305453, 0.0038586264, 0.0038141822
0.003010002, 0.0026328287, 0.006567486, 0.0024824045, 0.0026785752, 0.003592109, 0.0034171657, 0.0039052353, 0.004360707, 0.0012477724
0.0017371704, 0.0038390337, 0.0017884967, 0.0020483139, 0.0015192031, 0.0031172812, 0.0031163995, 0.0018188283, 0.00358835, 0.0050471066
0.0054415865, 0.0031003735, 0.003083935, 0.0019161571, 0.0019705815, 0.0026153312, 0.003411136, 0.001456843, 0.0023956497, 0.0032424072
0.0023010448, 0.0025123334, 0.0022925336, 0.0021671678, 0.0025947602, 0.0043967236, 0.001926396, 0.0030822582, 0.0022028796, 0.002313584
0.001686999, 0.0036768352, 0.003931569, 0.005514612, 0.0020548245, 0.0027152896, 0.0043251533, 0.0018693066, 0.0021574115, 0.003208579
0.00280303, 0.0021147416, 0.0039027594, 0.0032486897, 0.0023203488, 0.00360562, 0.00090575265, 0.0019397347, 0.0032874271, 0.0032934472
0.0025038607, 0.0020940187, 0.0009302221, 0.0016546398, 0.003693468, 0.0031207157, 0.0030259066, 0.0023232736, 0.0041955244, 0.0029060338
0.0009503915, 0.002102456, 0.0040178224, 0.0045180796, 0.00191923, 0.00393999, 0.0018209337, 0.003475406, 0.0031567698, 0.0017258764
0.0017944715, 0.003450926, 0.0034177, 0.001596734, 0.0034536137, 0.0023320923, 0.0014506606, 0.0014309722, 0.0023221103, 0.004316884
0.0026093067, 0.0041599576, 0.0016443008, 0.0016747436, 0.0010652647, 0.0031054711, 0.0023740535, 0.0021080982, 0.0040420434, 0.0029936773
0.0021014833, 0.001452433, 0.0036957315, 0.00071606715, 0.0020618625, 0.002300533, 0.002902953, 0.0028001727, 0.0010780068, 0.0027789832
0.0051085604, 0.0029270796, 0.0017996755, 0.004046588, 0.0027466319, 0.004973705, 0.0018147063, 0.0030590708, 0.0013639848, 0.001835605
0.002515453, 0.003657697, 0.0017991259, 0.0014218437, 0.0037022692, 0.004825757, 0.00561045, 0.0027177301, 0.0010977327, 0.00334155
0.0008912538, 0.0014590551, 0.0006205037, 0.0013626941, 0.0012142272, 0.0016919654, 0.0009963575, 0.0015108923, 0.0021679066, 0.0023871982
