1,0.99755277968437,-26.40746533240906,-873.5925346675909,0.0,88.48034
2,0.995111608749824,-13.755689605079851,-886.2443103949201,0.0,301.20395
3,0.9926764722426568,-70.21389665629067,-829.7861033437093,0.0,-892.3188
4,0.9902473552461276,-16.369727329933312,-883.6302726700667,0.0,245.22116
5,0.9878242428803691,-26.407418153562844,-873.5925818464372,0.0,100.9626
6,0.9854071203022958,-13.752185994134834,-886.2478140058652,0.0,297.90295
7,0.9829959727055142,-26.407418410347645,-873.5925815896524,0.0,79.69655
8,0.9805907853202301,-26.407418153901176,-873.5925818460988,0.0,95.636696
9,0.9781915434131605,-26.407494515659664,-873.5925054843403,0.0,98.793236
10,0.9757982322874414,-16.36897701292287,-883.6310229870771,0.0,155.46033
11,0.973410837282539,-14.115836422952384,-885.8841635770476,0.0,324.77747
12,0.9710293437741592,-13.802835930765696,-886.1971640692343,0.0,333.14728
13,0.9686537371741585,-10.925423727137513,-889.0745762728625,0.0,224.82253
14,0.9662840029304542,-13.752687395914336,-886.2473126040857,0.0,335.75262
15,0.9639201265269356,-13.754295851883285,-886.2457041481167,0.0,251.79892
16,0.9615620934833748,-66.90491327234622,-833.0950867276538,0.0,-753.3434
17,0.9592098893553385,-16.066828990071144,-883.9331710099289,0.0,302.96524
18,0.9568634997340988,-15.106375782321493,-884.8936242176785,0.0,274.5762
19,0.9545229102465453,-15.626207017491993,-884.373792982508,0.0,275.22253
20,0.9521881065550976,-72.17047922820245,-827.8295207717975,0.0,-868.0315
21,0.9498590743576161,-26.407418153560343,-873.5925818464397,0.0,102.110596
22,0.9475357993873159,-26.40741815362776,-873.5925818463722,0.0,63.303482
23,0.9452182674126784,-14.149643776029734,-885.8503562239703,0.0,316.1509
24,0.9429064642373647,-11.12003493319537,-888.8799650668046,0.0,346.03333
25,0.9406003757001281,-14.21652256179948,-885.7834774382005,0.0,301.514
26,0.9382999876747277,-74.02918161650723,-825.9708183834928,0.0,-925.6981
27,0.9360052860698421,-13.788620221408678,-886.2113797785913,0.0,254.59044
28,0.9337162568289827,-26.407421247802404,-873.5925787521976,0.0,82.56395
29,0.9314328859304072,-0.42903852382949026,-899.5709614761705,0.0,548.32104
30,0.9291551593870351,-20.562652437275233,-879.4373475627248,0.0,-168.47098
31,0.9268830632463602,-16.368510222107034,-883.631489777893,0.0,276.69348
32,0.9246165835903667,-69.5874640829428,-830.4125359170572,0.0,-873.5338
33,0.922355706535443,-71.43491077586145,-828.5650892241385,0.0,-862.4612
34,0.9201004182322969,-26.40742321665448,-873.5925767833455,0.0,-363.0677
35,0.9178507048658713,-71.7546527349416,-828.2453472650584,0.0,-884.9365
36,0.9156065526552583,-13.781186989750495,-886.2188130102495,0.0,324.38788
37,0.9133679478536162,-26.407418341665334,-873.5925816583347,0.0,93.81871
38,0.9111348767480846,-58.7732815286447,-841.2267184713553,0.0,-796.7606
39,0.9089073256597,-26.407418153561252,-873.5925818464387,0.0,103.97211
40,0.906685280943313,-13.976171471146131,-886.0238285288539,0.0,252.7716
41,0.904468728987504,-13.758349462615229,-886.2416505373848,0.0,326.41956
42,0.9022576562145,-16.36851572617661,-883.6314842738234,0.0,253.34167
43,0.9000520490800913,-71.35621794219514,-828.6437820578049,0.0,-871.4451
44,0.8978518940735489,-13.916777071536103,-886.0832229284639,0.0,334.89658
45,0.8956571777175414,-17.627717750666193,-882.3722822493338,0.0,72.92865
46,0.8934678865680526,-74.00616888935792,-825.9938311106421,0.0,-899.584
47,0.8912840072142991,-10.795308469246265,-889.2046915307537,0.0,342.627
48,0.8891055262786478,-74.83396941026956,-825.1660305897304,0.0,-901.4255
49,0.886932430416535,-26.407497209355824,-873.5925027906442,0.0,92.61154
50,0.8847647063163833,-13.859457721335275,-886.1405422786647,0.0,101.26259
51,0.882602340699521,-13.281470872886871,-886.7185291271131,0.0,326.16315
52,0.8804453203201007,-13.953507412873705,-886.0464925871263,0.0,247.43475
53,0.8782936319650174,-16.368509670816593,-883.6314903291834,0.0,225.16718
54,0.8761472624538286,-80.42294585532579,-819.5770541446742,0.0,-990.03613
55,0.8740061986386727,-71.00999855404552,-828.9900014459545,0.0,-836.2353
56,0.871870427404189,-14.074076742815805,-885.9259232571842,0.0,264.0373
57,0.8697399356674372,-14.348472860877564,-885.6515271391224,0.0,298.40964
58,0.8676147103778171,-26.407418178805415,-873.5925818211946,0.0,102.11372
59,0.8654947385169891,-13.884024129305658,-886.1159758706943,0.0,220.39288
60,0.8633800070987937,-26.407418279703847,-873.5925817202962,0.0,12.025315
61,0.8612705031691729,-16.38021798957368,-883.6197820104263,0.0,254.15327
62,0.8591662138060898,-13.752994084653324,-886.2470059153467,0.0,299.46
63,0.8570671261194505,-77.87709872438336,-822.1229012756166,0.0,-934.98535
64,0.8549732272510244,-3.050934743941525,-896.9490652560585,0.0,100.806145
65,0.8528845043743656,-13.798951397758856,-886.2010486022411,0.0,311.85104
66,0.8508009446947347,-13.75725438353345,-886.2427456164666,0.0,342.6016
67,0.8487225354490195,-13.301703449504544,-886.6982965504955,0.0,361.68005
68,0.8466492639056583,-76.29841015518525,-823.7015898448147,0.0,-919.27826
69,0.8445811173645605,-13.005188573837472,-886.9948114261625,0.0,324.70374
70,0.8425180831570295,-13.752134578309096,-886.2478654216909,0.0,308.44348
71,0.8404601486456849,-13.766317561358392,-886.2336824386416,0.0,309.28918
72,0.8384073012243849,-13.771334202912612,-886.2286657970874,0.0,135.58153
73,0.83635952831815,-13.752321971381889,-886.2476780286181,0.0,293.4844
74,0.8343168173830847,-13.752141340570574,-886.2478586594294,0.0,264.35507
75,0.8322791559063014,-26.407418153560684,-873.5925818464393,0.0,75.56012
76,0.8302465314058439,-16.36850854887996,-883.63149145112,0.0,245.91858
77,0.8282189314306101,-16.36851494702489,-883.6314850529751,0.0,-186.19945
78,0.8261963435602767,-76.57580730700124,-823.4241926929988,0.0,-918.86505
79,0.8241787554052225,-14.146760480156445,-885.8532395198436,0.0,276.30505
80,0.8221661546064527,-13.946491868433327,-886.0535081315667,0.0,331.6914
81,0.8201585288355234,-13.752135852701599,-886.2478641472984,0.0,246.77888
82,0.8181558657944655,-26.40741815356205,-873.592581846438,0.0,93.49666
83,0.8161581532157103,-14.418359717278236,-885.5816402827218,0.0,-309.1807
84,0.814165378862013,-13.767957411977136,-886.2320425880229,0.0,339.3034
85,0.8121775305263792,-26.407418153562162,-873.5925818464378,0.0,45.444664
86,0.8101945960319892,-14.55402555717717,-885.4459744428228,0.0,277.61597
87,0.8082165632321238,-15.238014593592652,-884.7619854064073,0.0,237.84192
88,0.8062434200100893,-9.67171295693754,-890.3282870430625,0.0,369.93857
89,0.8042751542791443,-73.10047509855804,-826.899524901442,0.0,-1156.5621
90,0.802311753982425,-46.910781566370474,-853.0892184336295,0.0,-674.96234
91,0.8003532070928714,-26.407418153560457,-873.5925818464395,0.0,91.15405
92,0.7983995016131531,-69.98447443414591,-830.0155255658541,0.0,-838.95435
93,0.7964506255755972,-15.519176347976668,-884.4808236520233,0.0,131.4543
94,0.7945065670421138,-79.01030455919772,-820.9896954408023,0.0,-958.70575
95,0.7925673141041233,-27.488704261799057,-872.5112957382009,0.0,-850.86536
96,0.7906328548824832,-9.517165366561244,-890.4828346334388,0.0,434.30396
97,0.7887031775274159,-26.407418153562958,-873.592581846437,0.0,39.01111
98,0.7867782702184354,-13.771208925012957,-886.228791074987,0.0,257.1703
99,0.7848581211642752,-12.065346392818356,-887.9346536071816,0.0,352.20505
100,0.7829427186028165,-13.80556201794866,-886.1944379820513,0.0,208.7894
101,0.7810320508010153,-7.95463692919941,-892.0453630708006,0.0,-175.35843
102,0.7791261060548313,-2.979071244746706,-897.0209287552533,0.0,36.919804
103,0.7772248726891559,-20.694133898077553,-879.3058661019224,0.0,74.990845
104,0.77532833905774,-14.005143912077074,-885.9948560879229,0.0,328.32468
105,0.7734364935431244,-78.81539629862175,-821.1846037013783,0.0,-977.8601
106,0.7715493245565668,-13.752254152191654,-886.2477458478083,0.0,342.56244
107,0.7696668205379716,-17.627723065051555,-882.3722769349484,0.0,-379.67108
108,0.7677889699558195,-16.580295255386318,-883.4197047446137,0.0,208.99622
109,0.765915761307096,-14.091841614148734,-885.9081583858513,0.0,-567.82916
110,0.7640471831172216,-26.40741815356148,-873.5925818464385,0.0,103.69162
111,0.7621832239399811,-13.786389823921922,-886.2136101760781,0.0,336.0681
112,0.7603238723574538,-16.368691675383502,-883.6313083246165,0.0,111.84433
113,0.7584691169799433,-9.6252772735304,-890.3747227264696,0.0,303.28253
114,0.756618946445908,-76.27821579343492,-823.7217842065651,0.0,-951.3713
115,0.7547733494218911,-70.94969593728933,-829.0503040627107,0.0,-863.2113
116,0.7529323146024516,-9.62383387770717,-890.3761661222928,0.0,431.34647
117,0.751095830710095,-16.164845450177722,-883.8351545498223,0.0,242.35378
118,0.7492638864952036,-17.907922507591934,-882.0920774924081,0.0,-452.91653
119,0.7474364707359685,-26.407418154453808,-873.5925818455462,0.0,27.88333
120,0.7456135722383205,-26.407418153560798,-873.5925818464392,0.0,90.519844
121,0.7437951798358611,-13.803157408471975,-886.196842591528,0.0,334.12308
122,0.7419812823897948,-0.39045316985721,-899.6095468301428,0.0,-465.49957
123,0.74017186878886,-87.92572587628206,-812.0742741237179,0.0,-1230.9985
124,0.7383669279492624,-14.099515694044385,-885.9004843059556,0.0,189.6055
125,0.7365664488146054,-11.314757932367343,-888.6852420676327,0.0,253.11653
126,0.7347704203558233,-79.22623510765618,-820.7737648923438,0.0,-960.79803
127,0.7329788315711137,-10.964631984424045,-889.035368015576,0.0,274.34335
128,0.7311916714858699,-11.670153150051192,-888.3298468499488,0.0,280.1264
129,0.729408929152614,-13.7883595270971,-886.2116404729029,0.0,270.79608
130,0.7276305936509293,-13.758510350450706,-886.2414896495493,0.0,340.28262
131,0.7258566540873937,-1.5371104075896938,-898.4628895924103,0.0,-458.47955
132,0.7240870995955133,-13.885558249323253,-886.1144417506767,0.0,206.6724
133,0.7223219193356553,-71.2150426282301,-828.7849573717699,0.0,-816.2994
134,0.7205611024949817,-30.449960029883982,-869.550039970116,0.0,-705.2756
135,0.7188046382873835,-13.752716965571608,-886.2472830344284,0.0,269.29306
136,0.7170525159534141,-62.64762996562911,-837.3523700343709,0.0,-817.2048
137,0.7153047247602237,-15.828299058827383,-884.1717009411726,0.0,209.80249
138,0.7135612540014933,-13.798231238630365,-886.2017687613696,0.0,253.59749
139,0.7118220929973694,-26.40741815364629,-873.5925818463537,0.0,94.68294
140,0.7100872310943986,-14.046844725553456,-885.9531552744465,0.0,265.8798
141,0.7083566576654619,-11.213283176594132,-888.7867168234059,0.0,358.47302
142,0.7066303621097099,-29.05757960964229,-870.9424203903577,0.0,33.98916
143,0.7049083338524982,-13.752865468126402,-886.2471345318736,0.0,300.2104
144,0.703190562345322,-26.410170439165995,-873.589829560834,0.0,85.01741
145,0.7014770370657518,-13.782191145938668,-886.2178088540613,0.0,147.99979
146,0.6997677475173689,-73.50573638229025,-826.4942636177097,0.0,-872.0967
147,0.6980626832297014,-13.76260276256437,-886.2373972374356,0.0,235.15228
148,0.6963618337581594,-13.675393539404695,-886.3246064605953,0.0,318.94962
149,0.6946651886839714,-70.99332996280873,-829.0066700371913,0.0,-808.9856
150,0.6929727376141209,-74.62203742638076,-825.3779625736192,0.0,-891.8383
151,0.6912844701812817,-26.40741815649301,-873.592581843507,0.0,96.744446
152,0.6896003760437556,-13.856009972451147,-886.1439900275489,0.0,317.12943
153,0.687920444885408,-26.408783577423378,-873.5912164225766,0.0,-560.1152
154,0.6862446664156054,-26.40741857178955,-873.5925814282105,0.0,31.729414
155,0.6845730303691522,-26.40741815384706,-873.5925818461529,0.0,-39.526363
156,0.6829055265062274,-13.54523814228935,-886.4547618577107,0.0,287.8585
157,0.6812421446123227,-12.18552657685575,-887.8144734231442,0.0,348.78537
158,0.6795828744981788,-17.627717732234032,-882.372282267766,0.0,-7.5596538
159,0.6779277059997244,-14.799480769083516,-885.2005192309165,0.0,217.54399
160,0.6762766289780126,-7.1025915917770135,-892.897408408223,0.0,373.6453
161,0.6746296333191595,-17.627720807408423,-882.3722791925916,0.0,-206.01384
162,0.6729867089342824,-13.792653055794972,-886.207346944205,0.0,125.605316
163,0.6713478457594372,-13.869117093811155,-886.1308829061888,0.0,154.95975
164,0.6697130337555578,-26.407418153560798,-873.5925818464392,0.0,26.865942
165,0.6680822629083937,-14.059767919385422,-885.9402320806146,0.0,123.7501
166,0.666455523228449,-29.05994533050398,-870.940054669496,0.0,46.95485
167,0.6648328047509215,-13.621855751954172,-886.3781442480458,0.0,279.42462
168,0.6632140975356413,-14.053486053610982,-885.946513946389,0.0,266.90125
169,0.6615993916670098,-13.806220721776867,-886.1937792782231,0.0,326.58383
170,0.6599886772539394,-4.061771919399916,-895.9382280806001,0.0,480.15887
171,0.6583819444297926,-13.981392631706399,-886.0186073682936,0.0,248.58302
172,0.6567791833523215,-17.479549443905512,-882.5204505560945,0.0,-278.98297
173,0.655180384203608,-13.858982171238267,-886.1410178287617,0.0,-410.59555
174,0.653585537190003,-13.361731489724662,-886.6382685102753,0.0,-246.68814
175,0.6519946325420666,-13.883776119238405,-886.1162238807616,0.0,321.86328
176,0.6504076605145085,-11.874719568719684,-888.1252804312803,0.0,326.12598
177,0.6488246113861285,-71.7690251592411,-828.2309748407589,0.0,-886.71625
178,0.6472454754597562,-50.557558401309734,-849.4424415986903,0.0,-817.77734
179,0.6456702430621921,-16.379491213885785,-883.6205087861142,0.0,79.861145
180,0.6440989045441483,-16.36850967081523,-883.6314903291848,0.0,263.99335
181,0.6425314502801897,-16.242466112327406,-883.7575338876726,0.0,79.91489
182,0.6409678706686739,-20.694133898074824,-879.3058661019252,0.0,-491.62158
183,0.6394081561316939,-14.057580820070484,-885.9424191799295,0.0,228.9932
184,0.6378522971150183,-13.962410820470268,-886.0375891795297,0.0,297.81793
185,0.6363002840880337,-26.40741815508204,-873.592581844918,0.0,74.35963
186,0.6347521075436852,-26.407418153561025,-873.592581846439,0.0,101.0463
187,0.6332077579984188,-14.302849390976235,-885.6971506090238,0.0,186.29388
188,0.631667225992124,-13.822005732909133,-886.1779942670909,0.0,279.98688
189,0.6301305020880741,-73.39322113646085,-826.6067788635391,0.0,-900.2773
190,0.6285975768728703,-13.756727277450182,-886.2432727225498,0.0,333.8887
191,0.6270684409563826,-13.838810196502664,-886.1611898034973,0.0,302.35254
192,0.625543084971693,-27.82884186421859,-872.1711581357814,0.0,55.299995
193,0.6240214995750383,-67.67262765594626,-832.3273723440537,0.0,-743.3474
194,0.6225036754457516,-13.794596090009463,-886.2054039099905,0.0,197.32512
195,0.6209896032862074,-14.711260602478319,-885.2887393975217,0.0,263.5702
196,0.6194792738217622,-20.004987112129015,-879.995012887871,0.0,-211.43265
197,0.6179726778006994,-26.40741815356148,-873.5925818464385,0.0,101.80421
198,0.6164698059941723,-9.637037952666901,-890.3629620473331,0.0,405.41168
199,0.6149706491961469,-26.41206763268508,-873.5879323673149,0.0,98.76237
200,0.6134751982233462,-20.694133898073687,-879.3058661019263,0.0,217.87758
201,0.6119834439151935,-15.121577260960521,-884.8784227390395,0.0,236.03775
202,0.6104953771337571,-13.595290715286069,-886.4047092847139,0.0,177.38597
203,0.6090109887636929,-10.106668839071062,-889.8933311609289,0.0,358.90155
204,0.6075302697121896,-14.059572729670322,-885.9404272703297,0.0,335.66977
205,0.6060532109089133,-72.72534725027742,-827.2746527497226,0.0,-841.9609
206,0.6045798033059507,-27.82884186966976,-872.1711581303302,0.0,-109.2829
207,0.6031100378777552,-16.368509670812273,-883.6314903291877,0.0,-68.57027
208,0.60164390562109,-13.772538702179645,-886.2274612978204,0.0,336.6578
209,0.6001813975549742,-16.25549448591073,-883.7445055140893,0.0,177.76953
210,0.5987225047206273,-14.078061629216222,-885.9219383707838,0.0,62.47113
211,0.5972672181814143,-14.535522963639437,-885.4644770363606,0.0,314.39926
212,0.595815529022791,-26.425238842917224,-873.5747611570828,0.0,78.80008
213,0.5943674283522494,-17.627717732241535,-882.3722822677585,0.0,157.42842
214,0.5929229072992634,-9.623914304749633,-890.3760856952504,0.0,-9.9621105
215,0.5914819570152343,-26.407418153569097,-873.5925818464309,0.0,86.587204
216,0.5900445686734364,-15.838223678306576,-884.1617763216934,0.0,215.98991
217,0.5886107334689631,-74.53765043002534,-825.4623495699747,0.0,-894.04
218,0.5871804426186733,-14.267895220030937,-885.7321047799691,0.0,268.56055
219,0.5857536873611372,-14.18492563721179,-885.8150743627882,0.0,-120.33593
220,0.5843304589565825,-8.760750737652756,-891.2392492623472,0.0,-212.69855
221,0.5829107486868415,-9.634353315395401,-890.3656466846046,0.0,396.615
222,0.5814945478552968,-11.557870552043369,-888.4421294479566,0.0,310.3592
223,0.5800818477868288,-13.91414393168202,-886.085856068318,0.0,173.82256
224,0.5786726398277623,-26.407418157050984,-873.592581842949,0.0,-223.09021
225,0.5772669153458133,-72.18651851274421,-827.8134814872558,0.0,-816.4298
226,0.5758646657300365,-11.216397109116542,-888.7836028908835,0.0,311.72165
227,0.5744658823907721,-15.542945091251681,-884.4570549087483,0.0,155.1688
228,0.5730705567595936,-13.759233057666165,-886.2407669423338,0.0,329.34473
229,0.5716786802892551,-13.12331958072491,-886.8766804192751,0.0,285.4841
230,0.5702902444536387,-18.72093073805047,-881.2790692619495,0.0,-605.3485
231,0.568905240747703,-14.297283222708074,-885.7027167772919,0.0,-19.683857
232,0.5675236606874304,-16.39306076257469,-883.6069392374253,0.0,47.835815
233,0.5661454958097752,-74.75113644340809,-825.2488635565919,0.0,-933.6413
234,0.5647707376726119,-10.295984486656721,-889.7040155133433,0.0,304.1331
235,0.5633993778546831,-13.911517519602512,-886.0884824803975,0.0,267.26483
236,0.5620314079555487,-16.746430123622417,-883.2535698763776,0.0,-237.72144
237,0.5606668195955339,-13.318275312642868,-886.6817246873571,0.0,273.27786
238,0.5593056044156778,-81.10194552941914,-818.8980544705809,0.0,-1008.9035
239,0.5579477540776823,-13.778354249459312,-886.2216457505407,0.0,205.95062
240,0.5565932602638612,-14.041305065520987,-885.958694934479,0.0,295.20227
241,0.5552421146770894,-0.1217526354301981,-899.8782473645698,0.0,-179.22115
242,0.5538943090407512,-75.89035360555113,-824.1096463944489,0.0,-920.84283
243,0.5525498350986904,-74.5189482266884,-825.4810517733116,0.0,-900.4555
244,0.5512086846151599,-66.89085878330286,-833.1091412166971,0.0,-761.8134
245,0.5498708493747704,-26.4074181582331,-873.5925818417669,0.0,85.43083
246,0.5485363211824408,-15.249499412664363,-884.7505005873356,0.0,321.11853
247,0.5472050918633474,-13.75223002272628,-886.2477699772737,0.0,343.55945
248,0.5458771532628749,-15.353669986347313,-884.6463300136527,0.0,67.29841
249,0.5445524972465648,-26.40741815356091,-873.5925818464391,0.0,72.85861
250,0.5432311157000672,-17.62771773223551,-882.3722822677645,0.0,83.72284
251,0.5419130005290902,-16.369114006258883,-883.6308859937411,0.0,117.1636
252,0.5405981436593503,-26.409560574461807,-873.5904394255382,448.74707,-299.07483
253,0.5392865370365233,-26.40741816084403,-873.592581839156,723.7904,78.327896
254,0.5379781726261947,-40.13450647392574,-859.8654935260743,631.818,-240.70537
255,0.5366730424138109,-82.63162577471269,-817.3683742252873,605.82336,-1020.6712
256,0.5353711384046294,-28.516688029397642,-871.4833119706024,606.3191,62.44975
257,0.5340724526236702,-46.48275084902957,-853.5172491509704,519.70636,-297.46402
258,0.5327769771156675,-13.028300859220053,-886.97169914078,589.9732,368.69754
259,0.5314847039450199,-43.61430873145298,-856.385691268547,664.94037,-239.50266
260,0.5301956251957426,-77.26445443145849,-822.7355455685415,529.2543,-912.50555
261,0.5289097329714184,-43.73954223584201,-856.260457764158,610.31555,-242.00735
262,0.5276270193951499,-16.86720663717233,-883.1327933628277,480.94608,295.43936
263,0.5263474766095108,-28.809606555081587,-871.1903934449184,654.91583,56.591373
264,0.5250710967764975,-45.80202013176631,-854.1979798682337,524.21954,-283.93124
265,0.523797872077482,-27.611166716766093,-872.3888332832339,673.74335,80.56017
266,0.5225277947131634,-83.94618987749436,-816.0538101225056,721.745,-1046.1495
267,0.5212608569035198,-41.5397861400819,-858.4602138599181,666.81885,-198.76996
268,0.5199970508877615,-83.22974385009286,-816.7702561499071,549.70154,-1035.155
269,0.5187363689242828,-44.338456470952906,-855.6615435290471,670.9121,-253.98563
270,0.5174788032906147,-50.033147370669326,-849.9668526293307,538.6749,-368.08588
271,0.5162243462833779,-86.4458031720286,-813.5541968279714,590.78467,-1123.0336
272,0.5149729902182353,-45.73973255194028,-854.2602674480597,592.02374,-282.01334
273,0.5137247274298449,-49.00178589400787,-850.9982141059921,607.5586,-347.2522
274,0.512479550271813,-44.37151264836223,-855.6284873516378,679.96387,-254.64673
275,0.5112374511166475,-107.00573250058403,-792.994267499416,673.3754,-1507.5891
276,0.5099984223557109,-80.68683537514562,-819.3131646248544,630.221,-980.9536
277,0.5087624563991736,-81.17397257822995,-818.82602742177,649.3538,-990.8889
278,0.507529545675968,-16.88662236613129,-883.1133776338687,591.3019,295.05103
279,0.5062996826337413,-78.4307065289089,-821.5692934710911,691.8696,-935.8306
280,0.50507285973881,-52.5291513762088,-847.4708486237912,612.4107,-650.5122
281,0.5038490694761131,-45.08822858767007,-854.9117714123299,523.59436,-268.98108
282,0.5026283043491667,-83.66131204995963,-816.3386879500404,655.43414,-1040.4427
283,0.5014105568800176,-88.95650998817996,-811.04349001182,729.5292,-1147.2258
284,0.5001958196091976,-80.44137222604763,-819.5586277739524,576.267,-976.0439
285,0.4989840850956778,-79.34915931713874,-820.6508406828613,743.96826,-956.335
286,0.4977753459168234,-19.088993621774648,-880.9110063782254,722.04895,248.58553
287,0.4965695946683475,-44.661119139343555,-855.3388808606564,687.3707,-260.44846
288,0.4953668239642664,-83.4206686371034,-816.5793313628966,747.27106,-1035.6299
289,0.4941670264368541,-15.394623319621246,-884.6053766803788,698.6443,324.89105
290,0.4929701947365971,-78.17588851058986,-821.8241114894101,738.5218,-930.81244
291,0.49177632153214934,-91.02904856170721,-808.9709514382928,597.4603,-1187.9586
292,0.4905853995102878,-16.83878999647402,-883.161210003526,729.89905,295.53552
293,0.4893974213758668,-16.430310485061,-883.569689514939,627.6354,304.17734
294,0.48821237985177424,-74.2517043066008,-825.7482956933992,966.9679,-852.25055
295,0.48703026767888624,-23.54877459892907,-876.4512254010709,637.8436,156.27237
296,0.4858510776160234,-83.56791203415378,-816.4320879658462,582.147,-1038.5748
297,0.48467480243990585,-79.96860649223083,-820.0313935077692,752.88544,-966.5887
298,0.4835014349451093,-28.070166556343565,-871.9298334436564,580.17865,71.38017
299,0.4823309679440208,-17.936456044172928,-882.0635439558271,687.36487,273.99374
300,0.4811633942667947,-92.48573581824826,-807.5142641817517,785.4683,-1218.0598
301,0.479998706761309,-82.98452841600874,-817.0154715839913,705.49066,-1026.907
302,0.478836898293121,-43.37725246639013,-856.6227475336099,738.4063,-234.76155
303,0.47767796174542415,-78.25180440329211,-821.7481955967079,770.13,-932.25256
304,0.4765218900190041,-80.88113901892348,-819.1188609810765,698.8239,-984.8393
305,0.47536867603219535,-20.86947149753587,-879.1305285024641,583.4506,212.78772
306,0.4742183127208379,-34.06381159358443,-865.9361884064156,697.5568,-52.21615
307,0.4730707930382339,-21.35370833955153,-878.6462916604485,642.2888,203.14664
308,0.47192610995510453,-86.39534882911835,-813.6046511708817,748.77875,-1095.1426
309,0.4707842564595469,-29.739847367558127,-870.2601526324419,799.1145,37.759537
310,0.46964522555699106,-26.40763828415129,-873.5923617158487,673.27313,83.02625
311,0.46850901027015734,-14.94465951905454,-885.0553404809455,465.19162,295.17676
312,0.4673756036390133,-26.407418153563185,-873.5925818464368,613.80664,78.498
313,0.46624499872073155,-15.091535799773055,-884.908464200227,812.6409,0.3125
314,0.46511718858964674,-74.93307839940587,-825.0669216005941,686.4652,-936.20544
315,0.4639921663372134,-4.977225243788666,-895.0227747562113,810.1468,-125.07336
316,0.46286992507196356,-16.368509670832736,-883.6314903291673,896.2518,164.46548
317,0.4617504579194646,-13.810551666402603,-886.1894483335974,757.4187,256.33344
318,0.460633758022277,-14.418684926888545,-885.5813150731115,714.78406,-8.972961
319,0.45951981853991253,-44.65018745601992,-855.3498125439801,732.2749,-457.7827
320,0.4584086326487921,-18.434801555890658,-881.5651984441093,628.23663,-1063.931
321,0.4573001935422042,-13.720734514999208,-886.2792654850008,743.3932,116.72705
322,0.4561944944302631,-26.40741815356148,-873.5925818464385,890.1926,98.77166
323,0.4550915285398672,-17.627716777914088,-882.3722832220859,974.1426,-46.782883
324,0.4539912891146575,-26.407418153562162,-873.5925818464378,751.0419,102.5966
325,0.4528937694149765,-74.61722489060037,-825.3827751093996,673.2762,-941.34344
326,0.4517989627178267,-13.754020407318308,-886.2459795926817,805.6576,330.0964
327,0.4507068623168294,-26.407418153563185,-873.5925818464368,946.89734,100.31747
328,0.4496174615221836,-14.077225917293617,-885.9227740827064,788.2666,186.1099
329,0.4485307536606252,-72.31129559521855,-827.6887044047814,655.24927,-893.2015
330,0.44744673207538604,-26.407418153562162,-873.5925818464378,806.38776,98.55492
331,0.4463653901261528,-11.019419698844786,-888.9805803011552,620.3512,-692.5218
332,0.445286721189027,-72.01627091703358,-827.9837290829664,1004.9219,-919.27716
333,0.4442107186564838,-17.627717734175576,-882.3722822658244,747.05945,-81.575226
334,0.44313737593733177,-2.5858364214244602,-897.4141635785755,557.25543,378.75037
335,0.4420666864566727,-26.407418153561252,-873.5925818464387,783.4248,95.652756
336,0.44099864365586083,-11.95965701668922,-888.0403429833108,817.2933,197.69601
337,0.4399332409924633,-26.407418153561252,-873.5925818464387,688.8428,-35.340755
338,0.4388704719402194,-16.37407034183832,-883.6259296581617,733.6084,85.51787
339,0.43781032998900127,-13.771509564708026,-886.228490435292,835.37787,293.02408
340,0.4367528086447735,-26.407418153562958,-873.592581846437,683.4784,45.379353
341,0.4356979014295536,-12.789434627372202,-887.2105653726278,886.1796,278.5545
342,0.43464560188137236,-13.752311850129786,-886.2476881498702,617.91144,334.6762
343,0.4335959035542339,-13.765641662133817,-886.2343583378662,693.3754,177.37532
344,0.4325488000180768,-78.00573399396217,-821.9942660060378,1184.4994,-975.57007
345,0.43150428485873404,-17.479544425491667,-882.5204555745083,710.65753,-42.457436
346,0.43046235167789426,-13.753124359819594,-886.2468756401804,669.9855,333.96027
347,0.42942299409306217,-68.37277699166066,-831.6272230083393,651.56177,-846.1559
348,0.42838620573751984,-12.714878020636434,-887.2851219793636,645.6359,250.88657
349,0.42735198026028726,-16.2413433653021,-883.7586566346979,1105.8118,92.76463
350,0.42632031132608383,-75.23308018967987,-824.7669198103201,672.65106,-992.2158
351,0.4252911926152893,-13.752581841835195,-886.2474181581648,823.3273,318.1217
352,0.42426461782390507,-26.40741815356273,-873.5925818464373,1005.7338,72.41021
353,0.42324058066351583,-15.498403112574351,-884.5015968874256,854.2207,-117.72904
354,0.42221907486125065,-26.40741815356762,-873.5925818464324,752.25696,104.00687
355,0.4212000941597449,-26.40741815356114,-873.5925818464389,863.5029,48.25838
356,0.42018363231710176,-12.384473973911895,-887.6155260260881,586.8835,158.43887
357,0.41916968310685393,-10.837072066701467,-889.1629279332985,672.7829,278.34137
358,0.4181582403179257,-12.60797592680035,-887.3920240731997,722.1286,201.2207
359,0.41714929775459453,-72.96866171814406,-827.0313382818559,663.53284,-933.7753
360,0.41614284923645356,-26.407418154588413,-873.5925818454116,807.7551,78.79302
361,0.41513888859837345,-15.400602310858403,-884.5993976891416,580.2503,37.372066
362,0.41413740969046464,-17.87447552277547,-882.1255244772245,789.70465,-493.5017
363,0.4131384063780397,-15.955657732094437,-884.0443422679056,931.61255,146.55031
364,0.4121418725415761,-13.754087652641942,-886.2459123473581,1051.9011,85.68574
365,0.41114780207667784,-13.589659162975295,-886.4103408370247,660.4015,155.56598
366,0.4101561888940391,-12.345085207050715,-887.6549147929493,789.41675,307.35016
367,0.40916702691940615,-84.65387317581963,-815.3461268241804,753.8241,-1076.9994
368,0.4081803100935407,-13.753922721987692,-886.2460772780123,769.06464,278.89487
369,0.4071960323721823,-12.47792131633173,-887.5220786836683,610.4021,217.41805
370,0.4062141877260118,-13.752335490967653,-886.2476645090323,642.2665,323.2043
371,0.4052347701406139,-14.022064364074026,-885.977935635926,779.35614,229.58961
372,0.40425777361644066,-26.40741815356091,-873.5925818464391,981.1479,89.43033
373,0.40328319216877473,-73.97779164697033,-826.0222083530297,620.0489,-946.785
374,0.4023110198276927,-14.031535059253656,-885.9684649407463,679.6764,221.67455
375,0.40134125063802817,-13.752188654291785,-886.2478113457082,709.7787,341.45694
376,0.4003738786593358,-26.40741831199307,-873.5925816880069,839.1637,26.682335
377,0.39940889796585455,-26.40741815356273,-873.5925818464373,618.35144,76.36941
378,0.3984463026464716,-14.087729616776528,-885.9122703832235,794.0862,234.07846
379,0.3974860868046859,-13.410764571399,-886.589235428601,886.23645,204.33698
380,0.3965282445585724,-78.00577126128155,-821.9942287387184,681.9533,-989.39294
381,0.39557277004074554,-26.40741815356182,-873.5925818464382,871.8766,76.2489
382,0.3946196573983239,-26.407418153561366,-873.5925818464386,660.20325,23.172083
383,0.3936689007928937,-71.07769299964423,-828.9223070003558,580.46155,-835.00854
384,0.3927204944004737,-13.80017304078217,-886.1998269592178,773.6894,221.955
385,0.39177443241147897,-13.752561201120557,-886.2474387988794,798.37585,314.2513
386,0.3908307090306855,-2.048174393647969,-897.951825606352,730.31213,140.07794
387,0.3898893184771949,-26.407418153561252,-873.5925818464387,564.86084,88.01191
388,0.38895025498439867,-13.75232440339039,-886.2476755966096,845.8378,197.9173
389,0.38801351279994317,-11.427520257711876,-888.5724797422881,753.24963,231.35432
390,0.387079086185694,-11.609606155022902,-888.3903938449771,761.4643,273.46973
391,0.3861469694177012,-17.62771847033082,-882.3722815296692,735.30493,-423.2033
392,0.3852171567861642,-0.004243433316787559,-899.9957565666832,616.8632,-207.47926
393,0.38428964259539644,-13.752213082682488,-886.2477869173175,780.3184,322.94196
394,0.38336442116379105,-26.40741815356523,-873.5925818464348,839.2993,55.608074
395,0.3824414868237855,-26.407418153561593,-873.5925818464384,806.17114,97.790215
396,0.3815208339218273,-27.23682664483124,-872.7631733551688,618.0918,-426.89703
397,0.3806024568183391,-12.240348973934147,-887.7596510260659,803.5949,304.4403
398,0.3796863498876843,-14.050698005440836,-885.9493019945592,755.9725,204.8334
399,0.3787725075181325,-14.94821340809267,-885.0517865919073,446.96057,266.01044
400,0.37786092411182526,-14.115031357888483,-885.8849686421115,778.71277,-80.248886
401,0.3769515940847415,-13.752308767137492,-886.2476912328625,411.3572,238.5801
402,0.3760445118666637,-16.368509670815,-883.631490329185,675.32404,12.137442
403,0.37513967190114356,-4.612441646245429,-895.3875583537546,687.8631,473.81482
404,0.3742370686454678,-14.824680718519062,-885.1753192814809,719.75336,25.312607
405,0.3733366965706247,-13.754109163003136,-886.2458908369969,719.18835,255.94077
406,0.3724385501612696,-27.828841864218703,-872.1711581357813,669.515,-189.85626
407,0.37154262391569165,-13.76700017458893,-886.2329998254111,534.92017,207.33311
408,0.37064891234577985,-67.96575455309232,-832.0342454469077,691.5376,-850.02356
409,0.36975740997698947,-16.368509670811022,-883.631490329189,827.1697,201.62396
410,0.3688681113483085,-78.93874159891277,-821.0612584010872,773.637,-991.7437
411,0.3679810110122243,-13.755489204059472,-886.2445107959405,674.41064,253.2861
412,0.36709610353469,-9.6247223991586,-890.3752776008414,652.3806,-362.20868
413,0.3662133834950917,-3.9962342461025173,-896.0037657538975,736.7306,-760.53827
414,0.36533284548621436,-13.752134263085964,-886.247865736914,743.1765,250.77098
415,0.36445448411420983,-10.849656078310773,-889.1503439216892,730.577,132.67368
416,0.36357829399856295,-26.407418153560116,-873.5925818464399,542.91254,-89.600044
417,0.3627042697720588,-10.761265979672544,-889.2387340203275,653.7412,224.57378
418,0.36183240608075,-13.752134290994832,-886.2478657090052,607.1063,303.7367
419,0.36096269758392396,-26.407418153560798,-873.5925818464392,664.999,77.54521
420,0.3600951389540697,-9.625497655295362,-890.3745023447046,596.74396,360.13965
421,0.3592297248768458,-26.40741815356023,-873.5925818464398,665.9497,67.22058
422,0.3583664500510473,-4.0168505348477765,-895.9831494651522,835.6826,-416.33032
423,0.35750530918857376,-13.591804521661516,-886.4081954783385,693.6249,-183.56493
424,0.35664629701439643,-16.368509670822732,-883.6314903291773,972.04913,-310.00766
425,0.3557894082665261,-26.40741815356205,-873.592581846438,511.20172,-24.509869
426,0.35493463769598116,-13.752154614726692,-886.2478453852733,652.10736,175.93611
427,0.35408198006675484,-0.02423199900022155,-899.9757680009998,623.45764,-59.396767
428,0.3532314301557835,-10.442494551424716,-889.5575054485753,876.74603,12.998953
429,0.35238298275291485,-26.407418153561025,-873.592581846439,709.3214,45.03789
430,0.3515366326608755,-26.407418153560457,-873.5925818464395,739.2584,89.43448
431,0.3506923746952396,-26.40741815356091,-873.5925818464391,915.9642,2.6636078
432,0.34985020368439673,-10.901940612104795,-889.0980593878952,760.6011,250.24455
433,0.3490101144695205,-71.54080085062719,-828.4591991493728,707.8948,-1111.8418
434,0.3481721019045368,-26.407418153560343,-873.5925818464397,870.64435,26.241016
435,0.34733616085609226,-13.77973960064105,-886.220260399359,828.19604,-53.495544
436,0.34650228620352286,-10.358170874816665,-889.6418291251833,685.3158,294.5035
437,0.34567047283882263,-9.627476166730276,-890.3725238332697,944.426,338.80637
438,0.34484071566661223,-13.752134282185466,-886.2478657178145,897.162,282.84717
439,0.3440130096041078,-68.5910367765241,-831.4089632234759,661.9887,-856.7455
440,0.34318734958108965,-0.3486289013270607,-899.6513710986729,864.4683,72.43564
441,0.3423637305398717,-6.814888003338865,-893.1851119966611,668.31287,314.93378
442,0.34154214743526995,-12.689675000450507,-887.3103249995495,743.4414,260.14597
443,0.34072259523457177,-67.34188020215151,-832.6581197978485,885.9463,-836.4884
444,0.33990506891750516,-26.40741815356057,-873.5925818464394,892.20605,44.780422
445,0.33908956347620794,-26.407418153560343,-873.5925818464397,953.8078,-72.61606
446,0.338276073915197,-9.702933520387319,-890.2970664796127,827.2926,283.70975
447,0.3374645952513379,-9.625645067047799,-890.3743549329522,784.3289,277.93738
448,0.336655122513814,-16.706608404427357,-883.2933915955726,882.06354,-362.158
449,0.3358476507440964,-9.867022839025935,-890.1329771609741,1072.6666,263.54153
450,0.3350421749959133,-0.4417712986711422,-899.5582287013289,999.95667,583.1056
451,0.3342386903352198,-0.33392092468898227,-899.666079075311,622.6512,110.51562
452,0.3334371918401676,-0.013247816783746202,-899.9867521832163,1041.7081,-645.1841
453,0.33263767460107513,-0.030395853007348705,-899.9696041469927,696.34607,-625.5482
454,0.33184013372039695,-9.624203186871455,-890.3757968131285,927.023,381.63654
455,0.33104456431269424,-21.144644887359505,-878.8553551126405,798.38214,-713.9465
456,0.3302509615046048,-9.626710567046757,-890.3732894329532,685.5949,360.00003
457,0.32945932043481274,-10.223942198864961,-889.776057801135,965.0865,287.34564
458,0.32866963625401935,-9.624149024213125,-890.3758509757869,733.35974,370.48615
459,0.32788190412491297,-9.786771505917272,-890.2132284940827,848.635,147.82117
460,0.3270961192221396,-15.786028442356155,-884.2139715576438,1034.1062,-128.67233
461,0.3263122767322731,-9.62583641298545,-890.3741635870146,1010.9115,284.56293
462,0.3255303718537858,-10.196425247750085,-889.8035747522499,679.532,178.81767
463,0.32475039979701925,-26.407418153560002,-873.59258184644,877.7041,39.795673
464,0.3239723557841547,-13.815188446630827,-886.1848115533692,1169.7853,152.30583
465,0.32319623504918377,-9.696293943916999,-890.303706056083,974.77386,262.52982
466,0.3224220328378795,-13.75213427423273,-886.2478657257673,749.1842,1.864109
467,0.3216497444077671,-73.65927558491705,-826.340724415083,815.5567,-867.75525
468,0.32087936502809483,-84.6409812800481,-815.3590187199519,883.30493,-1115.8397
469,0.32011088997980497,-17.479544425486438,-882.5204555745136,787.91174,49.82583
470,0.31934431455550527,-26.407418153560343,-873.5925818464397,1199.4785,30.80224
471,0.3185796340594398,-26.40741818411027,-873.5925818158897,1362.9697,-375.59677
472,0.31781684380746006,-26.407418153560116,-873.5925818464399,905.4469,96.03424
473,0.31705593912699664,-9.807983739481188,-890.1920162605188,1108.9126,280.46844
474,0.3162969153570306,-9.632216403460006,-890.36778359654,1213.4731,197.2738
475,0.3155397678480643,-26.40741815356057,-873.5925818464394,914.0188,35.639767
476,0.31478449196209396,-13.093441134918749,-886.9065588650813,917.2543,-2.1766481
477,0.31403108307258026,-84.65386778312325,-815.3461322168768,1164.7769,-1096.9326
478,0.3132795365644204,-10.713347955445442,-889.2866520445546,1109.4443,-127.80609
479,0.31252984783392007,-26.407418153593085,-873.5925818464069,1163.9093,-148.19345
480,0.31178201228876484,-26.407418153560684,-873.5925818464393,816.18677,70.37759
481,0.3110360253479924,-9.626885901231844,-890.3731140987682,934.06287,333.7451
482,0.31029188244196393,-72.22942261227809,-827.7705773877219,1245.5121,-959.6885
483,0.309549579012337,-13.752138896126098,-886.2478611038739,1271.9733,223.52113
484,0.3088091105120365,-9.627629356385228,-890.3723706436148,841.04114,242.07117
485,0.30807047240522806,-13.75218687883364,-886.2478131211664,1103.8118,75.970825
486,0.30733366016728914,-13.752134656624321,-886.2478653433757,1462.5359,138.74924
487,0.306598669284782,-8.943120525372933,-891.0568794746271,932.5039,251.823
488,0.30586549525542595,-4.122187638520245,-895.8778123614798,1319.0992,192.9317
489,0.30513413358806935,-9.624071493379347,-890.3759285066207,1328.949,314.94952
490,0.30440457980266267,-68.50128077750651,-831.4987192224935,1238.348,-868.46643
491,0.3036768294302307,-9.640004014088845,-890.3599959859112,804.63416,204.44403
492,0.30295087801284537,-13.752863226176146,-886.2471367738239,1113.81,207.0629
493,0.3022267211035983,-9.054263379747681,-890.9457366202523,925.7784,118.55679
494,0.30150435426657335,-12.444214105796732,-887.5557858942033,1476.1226,213.36641
495,0.30078377307681997,-10.208183121188767,-889.7918168788112,1035.6543,249.33224
496,0.3000649731203259,-26.407418153561025,-873.592581846439,903.0414,-22.932663
497,0.29934794999398984,-13.752120396327427,-886.2478796036726,1195.6411,138.2037
498,0.29863269930559466,-0.3746018695233033,-899.6253981304767,1132.363,346.07635
499,0.2979192166737807,-0.048681608812671584,-899.9513183911873,867.376,-251.7507
500,0.29720749772801874,-0.0682031589944927,-899.9317968410055,1071.0048,-312.99255
501,0.2964975381085831,-0.42914408244121205,-899.5708559175588,1273.4255,80.25632
502,0.2957893334665252,-13.752138114606282,-886.2478618853937,1432.1953,154.38156
503,0.2950828794636468,-26.407418153559888,-873.5925818464401,1155.8794,15.336393
504,0.2943781717724733,-13.752134302671948,-886.247865697328,1549.24,251.54507
505,0.2936752060762275,-17.62771773465056,-882.3722822653494,1036.248,-334.63757
506,0.292973978068803,-13.752137726874935,-886.2478622731251,1547.0813,188.57434
507,0.29227448345473767,-1.05871258685238,-898.9412874131476,661.08795,36.167427
508,0.29157671794918777,-9.624147834649307,-890.3758521653507,1015.21857,355.51126
509,0.29088067727790123,-13.097902896789606,-886.9020971032104,1430.3129,-102.08593
510,0.29018635717719177,-26.407418153560457,-873.5925818464395,922.7112,21.160795
511,0.28949375339391253,-11.556511826641554,-888.4434881733584,1341.5542,285.37192
512,0.2888028616854305,-16.36850967080977,-883.6314903291902,1072.3561,-340.43808
513,0.2881136778195998,-9.626618228836719,-890.3733817711633,1891.7871,237.28806
514,0.2874261975747365,-73.42073598173738,-826.5792640182626,1388.0071,-1005.0498
515,0.28674041673959216,-26.407418153560684,-873.5925818464393,1485.7224,-126.61835
516,0.28605633111332845,-13.752174065058512,-886.2478259349415,1606.342,250.04706
517,0.28537393650549125,-9.75266347343404,-890.247336526566,1096.3286,299.68512
518,0.2846932287359849,-26.407418153560457,-873.5925818464395,1380.9329,61.8595
519,0.28401420363504687,-13.84478169906356,-886.1552183009364,1487.5399,228.24313
520,0.2833368570432217,-69.97437718187462,-830.0256228181254,1564.9967,-889.9121
521,0.28266118481133623,-26.407418153559888,-873.5925818464401,1922.1136,20.674347
522,0.2819871828004735,-13.752136359948167,-886.2478636400518,1264.5427,295.33865
523,0.281314846881948,-9.71569687873307,-890.2843031212669,1422.1368,247.3143
524,0.2806441729372797,-13.752165695222402,-886.2478343047776,895.96893,224.3351
525,0.2799751568581696,-9.680494571560985,-890.319505428439,1241.0881,306.52103
526,0.279307794546474,-71.44236616447427,-828.5576338355257,1724.6514,-930.147
527,0.2786420819141794,-17.430974339000613,-882.5690256609994,1064.71,194.748
528,0.2779780148833778,-16.36850967080977,-883.6314903291902,1357.0298,160.47537
529,0.2773155893862416,-93.76063447596016,-806.2393655240398,1790.1371,-1259.096
530,0.27665480136499854,-10.938967969320856,-889.0610320306791,2216.1838,193.0579
531,0.2759956467719069,-67.17848487327933,-832.8215151267207,1554.7284,-847.7487
532,0.2753381215692308,-9.626650298789627,-890.3733497012104,1358.8286,302.48605
533,0.27468222172921536,-9.74565830386996,-890.25434169613,2178.902,340.1585
534,0.274027943234062,-9.939229879251798,-890.0607701207482,1955.0112,274.63135
535,0.27337528207590395,-68.1117411000688,-831.8882588999312,1519.2695,-903.7572
536,0.2727242342567818,-10.030392640867149,-889.9696073591329,1957.5549,158.07364
537,0.27207479578861865,-13.781930548996115,-886.2180694510039,1755.7048,76.270355
538,0.2714269626931959,-74.0086728217052,-825.9913271782948,1455.1279,-968.1578
539,0.270780731002129,-84.65386335207643,-815.3461366479236,1397.4094,-1103.9269
540,0.27013609675684286,-26.407418153560116,-873.5925818464399,1593.45,73.591125
541,0.26949305600854784,-26.407418153560457,-873.5925818464395,1591.9261,74.96332
542,0.26885160481821546,-0.05688990438056862,-899.9431100956194,1563.6768,-16.512327
543,0.2682117392565543,-9.804919305476346,-890.1950806945237,1595.1179,237.07521
544,0.2675734554039858,-13.918795658666227,-886.0812043413338,2053.2332,157.754
545,0.2669367493506205,-3.395237874493432,-896.6047621255066,1001.09106,410.29288
546,0.2663016171962338,-12.274601151318052,-887.725398848682,2171.5754,-107.0712
547,0.2656680550502425,-9.81464933582572,-890.1853506641743,2936.38,284.05063
548,0.26503605903168026,-13.752143148071582,-886.2478568519284,996.7072,172.14197
549,0.26440562526917466,-9.623831488480619,-890.3761685115194,2641.79,301.2943
550,0.26377674990092287,-68.5683132033538,-831.4316867966462,1527.4988,-900.37115
551,0.2631494290746682,-14.098979076998603,-885.9010209230014,2412.242,179.27751
552,0.2625236589476766,-13.752134255356964,-886.247865744643,1751.5497,275.11447
553,0.261899435686713,-0.2239788450050355,-899.776021154995,1568.3865,-456.66687
554,0.26127675546801776,-9.623986359867445,-890.3760136401326,2752.0505,334.59506
555,0.2606556144772835,-87.06640372770084,-812.9335962722992,1954.0999,-1139.4393
556,0.2600360089096314,-67.40807223893125,-832.5919277610687,2830.0835,-868.4095
557,0.2594179349695883,-12.269967971574602,-887.7300320284254,1532.5104,198.3237
558,0.258801388871063,-11.763258204242902,-888.2367417957571,1245.9358,15.060596
559,0.2581863668373234,-14.062606772281129,-885.9373932277189,1931.6787,190.60603
560,0.2575728651009732,-13.087142253905768,-886.9128577460942,2017.613,186.73315
561,0.2569608799039289,-9.736709162949182,-890.2632908370508,2701.2302,281.77197
562,0.2563504074973968,-13.752134271374075,-886.2478657286259,1582.2224,341.00473
563,0.25574144414184996,-13.752134267650035,-886.24786573235,2381.0059,204.9161
564,0.25513398610700533,-73.05764340298026,-826.9423565970197,1559.6318,-895.77466
565,0.2545280296718008,-12.801340963635766,-887.1986590363642,2088.1445,217.937
566,0.25392357112437275,-9.628588812593875,-890.3714111874061,2744.5837,296.56662
567,0.2533206067620328,-5.861329771216219,-894.1386702287838,2922.9614,-119.6624
568,0.2527191328912454,-74.18349595919801,-825.816504040802,2301.9775,-1014.5982
569,0.2521191458276054,-13.752102262846847,-886.2478977371532,2496.583,250.0773
570,0.2515206418958152,-13.752150182743662,-886.2478498172563,3506.472,196.00142
571,0.25092361742966224,-78.89521624125393,-821.1047837587461,2174.231,-1008.0383
572,0.25032806877199665,-26.407418153559888,-873.5925818464401,3656.057,-371.15775
573,0.2497339922747088,-26.407418153559775,-873.5925818464402,1715.2452,-9.026582
574,0.24914138429870702,-0.8515589633049103,-899.1484410366951,2905.024,116.75343
575,0.24855024121389524,-9.717065143116997,-890.282934856883,1920.3667,312.0684
576,0.24796055939915068,-9.636619132140709,-890.3633808678593,2446.4336,282.2301
577,0.2473723352423019,-9.909455896438885,-890.0905441035611,2340.3,205.53876
578,0.24678556514010644,-0.199647499634807,-899.8003525003652,3103.8381,114.57344
579,0.24620024549822886,-16.36850967081,-883.63149032919,3044.0447,-72.01824
580,0.24561637273121867,-26.407418153560457,-873.5925818464395,2107.1228,47.853786
581,0.24503394326248848,-9.652701288206913,-890.3472987117931,2087.6968,290.79922
582,0.24445295352429192,-13.752134356941497,-886.2478656430585,2483.8518,172.14062
583,0.2438733999577019,-4.578807283704464,-895.4211927162955,2575.7356,447.71497
584,0.2432952790125888,-26.407418153560457,-873.5925818464395,2175.31,-77.511696
585,0.24271858714759872,-13.752154236455794,-886.2478457635442,2929.3748,242.54422
586,0.24214332083013174,-9.62382657739306,-890.3761734226069,3083.4856,389.2366
587,0.24156947653632027,-16.368509670809885,-883.6314903291901,3169.436,19.008482
588,0.24099705075100766,-13.761580630255821,-886.2384193697442,2414.734,101.05494
589,0.24042603996772638,-12.96143052634659,-887.0385694736534,2899.937,121.96347
590,0.23985644068867665,-13.8544476503846,-886.1455523496154,2936.6907,162.67691
591,0.23928824942470522,-0.42474340998364823,-899.5752565900164,2774.583,-53.386505
592,0.2387214626952836,-16.36850967081,-883.63149032919,2845.502,62.72971
593,0.23815607702848712,-9.646363808996284,-890.3536361910037,3606.1545,350.62234
594,0.23759208896097342,-26.407418153560116,-873.5925818464399,3411.562,-39.47346
595,0.23702949503796134,-71.0211143131354,-828.9788856868646,2107.365,-844.2855
596,0.2364682918132097,-26.407418153560116,-873.5925818464399,4796.905,28.018076
597,0.2359084758489962,-13.752134335582696,-886.2478656644173,3051.0642,330.39328
598,0.23535004371609652,-4.246315640723765,-895.7536843592762,2405.9182,-28.113596
599,0.23479299199376308,-26.407418153780668,-873.5925818462193,3187.5623,-112.48179
600,0.23423731726970407,-9.673956876221723,-890.3260431237783,2784.9077,211.51404
601,0.23368301614006287,-13.76551237096487,-886.2344876290351,3654.9846,222.1572
602,0.23313008520939688,-4.783090331071094,-895.2169096689289,2438.546,-480.18204
603,0.23257852109065677,-26.407418153559888,-873.5925818464401,5461.9077,-37.67077
604,0.23202832040516594,-13.752134268471877,-886.2478657315281,2987.7144,263.4965
605,0.23147947978259953,-10.009581743095282,-889.9904182569047,3856.4595,271.63425
606,0.230931995860964,-26.407418153560684,-873.5925818464393,2562.586,71.40754
607,0.2303858652865765,-13.752135212194617,-886.2478647878054,4281.735,195.02766
608,0.22984108471404416,-71.00999065561302,-828.990009344387,3236.378,-887.6151
609,0.2292976508062438,-26.407418153559888,-873.5925818464401,4159.0566,58.614323
610,0.2287555602343014,-26.407418153561025,-873.592581846439,4687.835,-222.68657
611,0.22821480967757168,-26.40741815356114,-873.5925818464389,3480.1228,21.793062
612,0.22767539582361784,-0.0952186255082097,-899.9047813744918,4900.9307,-136.88567
613,0.2271373153681912,-13.752134432510502,-886.2478655674895,3868.2854,255.41202
614,0.226600565015211,-26.407418153561252,-873.5925818464387,6009.2734,19.321543
615,0.22606514147674417,-9.625608306694858,-890.3743916933051,5640.842,324.35156
616,0.2255310414729852,-13.754397460363066,-886.2456025396369,3669.6519,130.41483
617,0.22499826173223614,-0.5090913083554369,-899.4909086916446,3068.5654,282.8566
618,0.22446679899088634,-0.17838753241267113,-899.8216124675873,2734.904,146.83757
619,0.22393664999339277,-13.756035720163709,-886.2439642798363,3434.1548,239.5743
620,0.22340781149225977,-68.97547053510243,-831.0245294648976,6359.5156,-891.1028
621,0.22288028024801937,-16.368509670809885,-883.6314903291901,1295.0223,190.03998
622,0.22235405302921132,-9.677019663760802,-890.3229803362392,4448.027,228.96571
623,0.22182912661236337,-26.407418153560457,-873.5925818464395,3634.432,87.622055
624,0.2213054977819715,-16.368509670809885,-883.6314903291901,3214.0928,184.96347
625,0.22078316333048023,-29.057349184894633,-870.9426508151054,4463.9517,34.737713
626,0.22026212005826296,-13.758026814878122,-886.2419731851219,3969.2139,188.07335
627,0.21974236477360232,-26.407418153559888,-873.5925818464401,4154.4517,98.126564
628,0.21922389429267075,-0.18293528165338557,-899.8170647183466,3984.4822,-535.6581
629,0.2187067054395109,-9.658972602821677,-890.3410273971783,2319.5605,303.87924
630,0.21819079504601618,-80.50229348344317,-819.4977065165568,3399.0044,-1001.5547
631,0.21767615995191134,-70.99427123339296,-829.005728766607,5239.916,-877.666
632,0.2171627970047332,-26.407418153561593,-873.5925818464384,5686.6533,72.72337
633,0.21665070305981127,-9.652709830082586,-890.3472901699174,2869.6938,348.23615
634,0.21613987498024842,-67.40996892382543,-832.5900310761746,4031.5286,-794.17395
635,0.21563030963690188,-9.657024235316612,-890.3429757646834,5234.995,276.26816
636,0.21512200390836375,-9.625979176253168,-890.3740208237468,4270.951,370.30017
637,0.21461495468094224,-26.407418153561252,-873.5925818464387,3073.7031,-4.4514427
638,0.21410915884864234,-26.407418153560457,-873.5925818464395,3521.7385,48.16965
639,0.2136046133131468,-13.75217303381487,-886.2478269661851,3295.5427,248.10529
640,0.2131013149837974,-10.892719295252277,-889.1072807047477,3238.942,271.10773
641,0.21259926077757565,-9.626073471124869,-890.3739265288751,6370.9443,314.6246
642,0.2120984476190842,-0.08576184689059119,-899.9142381531094,4514.548,-244.18109
643,0.21159887244052794,-13.753342461475313,-886.2466575385247,3542.3364,231.52174
644,0.21110053218169503,-4.980431172374097,-895.0195688276259,3786.6858,-56.484398
645,0.2106034237899384,-27.82884186421927,-872.1711581357807,5227.299,-659.4556
646,0.21010754422015696,-13.30553657272958,-886.6944634272704,7516.2764,203.70467
647,0.20961289043477674,-13.894705238035385,-886.1052947619646,7781.7295,116.97799
648,0.2091194594037327,-26.407418153559775,-873.5925818464402,5937.1157,27.71474
649,0.2086272481044498,-10.134721520672997,-889.865278479327,2922.6943,276.6744
650,0.20813625352182463,-16.368509670809658,-883.6314903291903,2844.1643,40.398613
651,0.20764647264820701,-13.145388937644384,-886.8546110623556,7322.1787,202.27176
652,0.20715790248338145,-16.368509670810113,-883.6314903291899,5262.327,180.45676
653,0.2066705400345488,-9.623841389912627,-890.3761586100874,4977.784,296.9977
654,0.20618438231630792,-16.368509670810226,-883.6314903291898,6245.6177,160.04755
655,0.2056994263506374,-11.052953963574282,-888.9470460364257,10333.968,249.32439
656,0.20521566916687736,-26.407418153560457,-873.5925818464395,5549.2183,69.41353
657,0.2047331078017112,-9.682454844659333,-890.3175451553407,6395.1113,223.41536
658,0.20425173929914744,-14.101420331084341,-885.8985796689157,4788.9995,101.29881
659,0.20377156071050165,-70.63208592488445,-829.3679140751156,6775.9062,-907.5244
660,0.20329256909437832,-11.312999566573353,-888.6870004334266,3687.9485,204.09358
661,0.202814761516653,-84.65386322202869,-815.3461367779713,4459.2676,-1062.3528
662,0.2023381350504541,-0.36172550508524637,-899.6382744949148,8598.828,-58.758873
663,0.20186268677614513,-11.478658930680353,-888.5213410693196,5132.832,213.5206
664,0.2013884137813068,-13.752134877926665,-886.2478651220733,5466.115,328.70554
665,0.20091531316071912,-0.6784467800407583,-899.3215532199592,4153.329,508.6424
666,0.20044338201634357,-26.407418153560002,-873.59258184644,9135.843,87.93746
667,0.1999726174573055,-13.752134274055038,-886.247865725945,7202.6104,267.5589
668,0.19950301659987627,-70.70922170965207,-829.2907782903479,6141.568,-889.3791
669,0.19903457656745568,-8.323363940034369,-891.6766360599656,1784.9025,-113.507965
670,0.19856729449055424,-9.627826051499483,-890.3721739485005,3605.4465,291.8694
671,0.1981011675067758,-26.40741815356421,-873.5925818464358,7614.338,-60.582413
672,0.19763619276079972,-9.937165509608121,-890.0628344903919,6565.08,251.87416
673,0.19717236740436367,-67.76158282262156,-832.2384171773784,12395.783,-840.8329
674,0.19670968859624596,-10.721586755270437,-889.2784132447296,6012.793,143.96443
675,0.19624815350224828,-13.752134268114446,-886.2478657318856,5295.7656,339.84338
676,0.19578775929517828,-0.18317819743458585,-899.8168218025654,6148.3945,-204.23083
677,0.1953285031548323,-9.623830279906542,-890.3761697200935,4414.118,192.13625
678,0.19487038226797793,-11.606759547988304,-888.3932404520117,3198.6982,252.68729
679,0.19441339382833703,-26.407418153560116,-873.5925818464399,2954.6143,-4.263813
680,0.19395753503656837,-16.368509670810226,-883.6314903291898,5314.4404,-174.55246
681,0.19350280310025045,-9.665830682333763,-890.3341693176662,4888.636,363.61407
682,0.19304919523386463,-16.368509670809658,-883.6314903291903,6678.539,202.09726
683,0.1925967086587777,-9.631867121348023,-890.368132878652,5705.89,345.66498
684,0.19214534060322525,-9.627569755496665,-890.3724302445033,2644.066,296.73337
685,0.19169508830229434,-16.36850967081,-883.63149032919,7522.5366,111.85102
686,0.1912459489979069,-9.623826208437663,-890.3761737915623,3888.208,21.219666
687,0.19079791993880255,-8.529122452826982,-891.470877547173,9732.919,320.323
688,0.19035099838052183,-26.407418153560002,-873.59258184644,4252.901,75.771286
689,0.18990518158538955,-13.752139836836363,-886.2478601631636,3591.1814,217.81554
690,0.18946046682249776,-78.93815717152279,-821.0618428284772,11541.52,-1008.6354
691,0.18901685136768925,-10.881938136062217,-889.1180618639378,4533.921,293.26993
692,0.18857433250354064,-13.752134970075645,-886.2478650299244,3625.041,224.77878
693,0.18813290751934592,-0.05586522473402056,-899.944134775266,5304.228,-758.952
694,0.18769257371109987,-26.40741815356091,-873.5925818464391,8029.0586,82.8454
695,0.18725332838148132,-26.407418153561366,-873.5925818464386,2003.3158,91.74544
696,0.18681516883983665,-11.036038065072148,-888.9639619349279,3553.5317,343.17804
697,0.18637809240216352,-16.3685106544292,-883.6314893455708,7172.532,-275.50742
698,0.18594209639109416,-13.769583335009202,-886.2304166649908,6871.58,175.05005
699,0.1855071781358792,-9.624704981643731,-890.3752950183563,6825.8228,369.5713
700,0.1850733349723711,-13.752251353204542,-886.2477486467955,3371.4175,166.45549
701,0.18464056424300798,-11.474462074765256,-888.5255379252347,4163.534,261.1088
702,0.18420886329679728,-26.40741815356148,-873.5925818464385,8392.777,97.37083
703,0.18377822948929956,-26.40741815356091,-873.5925818464391,3807.8315,97.024185
704,0.18334866018261226,-9.765582274325425,-890.2344177256746,7433.1006,310.92874
705,0.18292015274535353,-4.037086895686912,-895.9629131043131,7405.098,-316.24252
706,0.18249270455264618,-9.796895656810875,-890.2031043431891,5273.6616,331.94577
707,0.18206631298610151,-70.97364854992838,-829.0263514500716,9890.645,-934.71686
708,0.1816409754338034,-0.1935945514130708,-899.8064054485869,3028.6353,-303.16312
709,0.1812166892902921,-17.430972712868083,-882.5690272871319,5986.966,126.34267
710,0.18079345195654858,-26.407418153561366,-873.5925818464386,3114.1714,-54.95942
711,0.18037126083997823,-13.75213434910711,-886.2478656508929,5067.6313,228.56221
712,0.17995011335439529,-71.04276322168243,-828.9572367783176,5014.7754,-888.81995
713,0.1795300069200069,-13.752134290435265,-886.2478657095647,7602.822,330.0818
714,0.17911093896339725,-26.407418153560343,-873.5925818464397,3676.8335,94.39274
715,0.17869290691751188,-20.6941338980738,-879.3058661019262,4238.9004,193.23705
716,0.178275908221642,-26.407418153559433,-873.5925818464406,4846.6807,-28.3591
717,0.17785994032140853,-26.407418153561252,-873.5925818464387,5425.2983,97.442345
718,0.17744500066874694,-13.752135490629144,-886.2478645093709,9450.406,289.44473
719,0.17703108672189113,-14.26132135924911,-885.7386786407509,4470.7324,-52.50688
720,0.17661819594535824,-80.41509411763434,-819.5849058823657,4989.4766,-1048.8994
721,0.17620632580993287,-70.70790633817558,-829.2920936618244,5459.8315,-826.2421
722,0.17579547379265176,-26.40741815356091,-873.5925818464391,3794.0972,48.888367
723,0.17538563737678825,-0.004098239877293963,-899.9959017601227,7755.463,-681.3909
724,0.17497681405183685,-26.407418153560457,-873.5925818464395,7441.489,41.35649
725,0.17456900131349787,-70.8968194706797,-829.1031805293203,3281.8198,-819.11957
726,0.17416219666366217,-13.754442947204325,-886.2455570527957,5081.748,55.630356
727,0.1737563976103957,-10.919635322029421,-889.0803646779706,5872.9106,162.55963
728,0.17335160166792446,-9.624655155494452,-890.3753448445055,7650.538,326.5732
729,0.17294780635661897,-13.752663080302796,-886.2473369196972,7048.802,13.150304
730,0.1725450092029793,-26.407418153559775,-873.5925818464402,9881.306,9.279014
731,0.1721432077396199,-13.77248434070384,-886.2275156592962,2604.2517,160.25255
732,0.17174239950525444,-66.74714087210361,-833.2528591278964,5549.043,-826.2373
733,0.17134258204468067,-26.407418153560002,-873.59258184644,5779.55,75.832245
734,0.1709437529087656,-26.407418153560798,-873.5925818464392,5107.4473,57.28333
735,0.17054590965443017,-26.407418153560457,-873.5925818464395,7333.686,49.745342
736,0.1701490498446346,-26.40741815356114,-873.5925818464389,10700.316,38.018536
737,0.16975317104836324,-4.171093687626922,-895.8289063123731,3941.4915,212.99289
738,0.16935827084060984,-78.99383241717874,-821.0061675828213,3404.415,-1035.866
739,0.16896434680236255,-26.407418153560457,-873.5925818464395,5816.6436,-46.973045
740,0.16857139652058922,-26.407418153559775,-873.5925818464402,8856.971,66.22748
741,0.16817941758822252,-26.407418153560343,-873.5925818464397,5338.5674,-30.700758
742,0.16778840760414535,-2.7145745011284816,-897.2854254988715,9515.636,232.16167
743,0.16739836417317586,-10.605312606097073,-889.3946873939029,4035.2227,311.6791
744,0.1670092849060531,-26.40741815356057,-873.5925818464394,6344.408,103.68595
745,0.16662116741942215,-9.724167105625611,-890.2758328943744,7132.921,307.7174
746,0.1662340093358196,-26.40741815356091,-873.5925818464391,6039.4395,-9.419675
747,0.16584780828365905,-11.422325816351531,-888.5776741836485,3448.8528,117.36614
748,0.16546256189721645,-13.773171773591798,-886.2268282264082,5044.3047,-38.73649
749,0.1650782678166157,-70.6163087059133,-829.3836912940867,8216.427,-821.57874
750,0.16469492368781416,-26.40741815356023,-873.5925818464398,5501.9434,61.807293
751,0.16431252716258823,-26.407418153560684,-873.5925818464393,5150.5376,-2.732161
752,0.16393107589851902,-68.81530836628804,-831.184691633712,5482.47,-882.8617
753,0.16355056755897796,-26.407418153560343,-873.5925818464397,9962.6,16.913683
754,0.16317099981311245,-12.492032161005682,-887.5079678389943,7739.1978,228.90959
755,0.16279237033583163,-71.00950433316643,-828.9904956668336,5600.9297,-845.8378
756,0.16241467680779212,-26.407418153560684,-873.5925818464393,9308.094,99.155525
757,0.16203791691538383,-9.623829465621156,-890.3761705343788,8986.07,340.37476
758,0.16166208835071574,-68.18987806222617,-831.8101219377738,12370.889,-881.0657
759,0.16128718881160184,-9.631980156338955,-890.368019843661,3845.916,343.6132
760,0.160913216001547,-13.752154802530754,-886.2478451974692,6020.528,268.95374
761,0.1605401676297328,-9.626648792016908,-890.3733512079831,8677.435,359.87036
762,0.16016804141100366,-0.29872896995789233,-899.7012710300421,4374.72,459.44623
763,0.1597968350658528,-16.368509670810226,-883.6314903291898,7352.4214,20.725912
764,0.1594265463204081,-26.407418153560343,-873.5925818464397,5486.341,101.16415
765,0.15905717290641846,-9.624310080777036,-890.375689919223,7201.0645,386.40308
766,0.1586887125612397,-13.752468090213824,-886.2475319097862,4798.3623,174.08655
767,0.1583211630278208,-9.997517413500987,-890.002482586499,7898.6177,284.2292
768,0.1579545220546899,-9.623896764452525,-890.3761032355475,4155.662,313.27792
769,0.15758878739594084,-9.624578078219088,-890.3754219217809,8046.1885,379.99347
770,0.1572239568112191,-13.75213482124957,-886.2478651787504,7519.278,222.49721
771,0.15686002806570812,-13.752134261982519,-886.2478657380175,10363.428,263.98203
772,0.1564969989301158,-13.752577137468165,-886.2474228625318,7757.8115,89.94588
773,0.15613486718066064,-9.625925984135165,-890.3740740158648,10052.963,325.66425
774,0.15577363059905822,-12.474844819388636,-887.5251551806114,5173.505,242.30444
775,0.15541328697250753,-6.184178392470471,-893.8158216075295,4798.7812,87.21589
776,0.15505383409367757,-26.407418153561366,-873.5925818464386,5633.2407,89.748405
777,0.15469526976069367,-26.407418153560684,-873.5925818464393,8501.248,-94.51411
778,0.15433759177712403,-9.641558726488825,-890.3584412735112,9789.548,230.15791
779,0.15398079795196634,-13.752456084625805,-886.2475439153742,7244.5557,251.56953
780,0.15362488609963437,-0.4149213341590894,-899.5850786658409,8569.671,259.1026
781,0.1532698540399444,-16.09439368451467,-883.9056063154853,17433.818,96.35417
782,0.15291569959810208,-14.389851730237638,-885.6101482697624,19249.057,-510.79852
783,0.152562420604689,-26.40741815356023,-873.5925818464398,7133.1685,99.999275
784,0.15221001489564942,-26.407418153560684,-873.5925818464393,14222.107,100.39409
785,0.151858480312277,-69.06100686746777,-830.9389931325322,8180.623,-845.5241
786,0.15150781470120162,-26.407418153560684,-873.5925818464393,5065.2734,97.81381
787,0.1511580159143762,-26.407418153560343,-873.5925818464397,6660.5225,57.293583
788,0.15080908180906336,-2.50148251742462,-897.4985174825754,6469.7734,509.62643
789,0.15046101024782263,-13.752134319740321,-886.2478656802597,6722.1685,285.85556
790,0.15011379909849695,-12.561628855522486,-887.4383711444775,7256.706,285.4321
791,0.14976744623420005,-9.63822138628177,-890.3617786137182,6301.1436,320.39337
792,0.149421949533303,-12.403853934481504,-887.5961460655185,7207.0156,303.99896
793,0.14907730687942156,-9.628546488302732,-890.3714535116973,5088.6724,353.2756
794,0.1487335161614029,-13.754204588819107,-886.2457954111809,8761.208,212.45428
795,0.14839057527331304,-9.624776495778065,-890.3752235042219,9667.612,317.51794
796,0.1480484821144236,-9.85619470383324,-890.1438052961668,6404.523,327.661
797,0.14770723458919902,-9.662663994695436,-890.3373360053046,6632.9375,347.0073
798,0.14736683060728395,-13.752143851878486,-886.2478561481215,9806.606,307.3284
799,0.14702726808349018,-26.407418153560684,-873.5925818464393,11994.088,63.310028
800,0.1466885449377839,-0.9088054963655168,-899.0911945036345,10007.963,94.16807
801,0.14635065909527314,-9.624025397932883,-890.3759746020671,7863.128,320.56638
802,0.14601360848619482,-16.368509670811704,-883.6314903291883,5940.5073,8.707731
803,0.14567739104590235,-9.635600376305547,-890.3643996236945,9991.902,287.68976
804,0.14534200471485265,-9.626917010961279,-890.3730829890387,12376.663,375.14032
805,0.14500744743859376,-20.694133898073687,-879.3058661019263,9124.351,-140.50551
806,0.14467371716775226,-16.36872577092879,-883.6312742290712,8015.16,-191.68929
807,0.1443408118580206,-9.556911236549126,-890.4430887634509,8409.985,318.1035
808,0.14400872947014468,-9.626145470511688,-890.3738545294883,11876.799,376.13428
809,0.14367746796991124,-26.407418153560457,-873.5925818464395,8292.91,-96.02144
810,0.14334702532813554,-9.027279029575084,-890.9727209704249,10538.708,359.50745
811,0.1430173995206488,-13.752134584474447,-886.2478654155256,12797.102,266.60513
812,0.14268858852828598,-6.762972881731002,-893.237027118269,9450.772,440.9405
813,0.14236059033687315,-10.566826380469706,-889.4331736195303,6652.825,286.2513
814,0.1420334029372154,-13.517450951544447,-886.4825490484556,14241.406,335.5885
815,0.14170702432508436,-26.407418153559888,-873.5925818464401,10138.611,56.375954
816,0.14138145250120607,-26.40741815356114,-873.5925818464389,16707.89,91.6194
817,0.14105668547124856,-26.407418153562503,-873.5925818464375,10325.408,102.78492
818,0.1407327212458098,-15.82449774744282,-884.1755022525572,9122.957,-65.44387
819,0.1404095578404054,-70.42483456529783,-829.5751654347022,23518.098,-811.0676
820,0.14008719327545655,-73.19185009117245,-826.8081499088275,13537.392,-897.7119
821,0.13976562557627775,-10.628757387483233,-889.3712426125168,9349.08,349.47528
822,0.13944485277306493,-0.6942387529173857,-899.3057612470826,9660.489,-649.797
823,0.1391248729008831,-13.752134265590598,-886.2478657344094,11931.738,349.7693
824,0.13880568399965465,-13.752134257417197,-886.2478657425828,18601.402,355.29718
825,0.13848728411414699,-26.407418153561593,-873.5925818464384,12038.819,92.49576
826,0.13816967129396085,-0.3271394967056267,-899.6728605032944,11718.808,-3.0772552
827,0.1378528435935182,-17.430989993070398,-882.5690100069296,9682.473,129.20145
828,0.1375367990720504,-10.456741195241875,-889.5432588047581,14213.592,285.73083
829,0.1372215357935862,-11.844174155916107,-888.1558258440839,16731.287,350.32132
830,0.13690705182694005,-12.104020079287125,-887.8959799207129,10409.684,324.29404
831,0.13659334524570005,-3.2398114182365134,-896.7601885817635,12322.37,498.9055
832,0.13628041412821634,-9.679866745139293,-890.3201332548607,12592.372,321.75333
833,0.13596825655758935,-26.407418153562503,-873.5925818464375,18766.934,67.37737
834,0.1356568706216578,-13.752139732401929,-886.2478602675981,18932.64,348.87146
835,0.13534625441298725,-26.407418153577737,-873.5925818464223,10098.455,102.03963
836,0.13503640602885839,-77.83353877025718,-822.1664612297428,17091.383,-979.9809
837,0.13472732357125514,-26.41099441586448,-873.5890055841355,15452.871,-117.61906
838,0.1344190051468534,-13.752136651746582,-886.2478633482534,12298.495,325.16833
839,0.13411144886700913,-93.76063447596039,-806.2393655240396,13300.936,-1245.3549
840,0.13380465284774684,-9.70718148436788,-890.2928185156321,14832.456,212.49258
841,0.13349861520974834,-10.120583394745722,-889.8794166052543,23135.03,304.89264
842,0.13319333407834077,-10.299030449631118,-889.7009695503689,10643.784,358.45782
843,0.13288880758348554,-9.839108423395828,-890.1608915766042,12425.446,282.39432
844,0.13258503385976647,-22.272684665083034,-877.727315334917,12870.62,-721.711
845,0.1322820110463788,-26.40741815356091,-873.5925818464391,15509.19,80.343636
846,0.13197973728711743,-68.83428216437233,-831.1657178356277,11119.56,-880.1641
847,0.13167821073036565,-0.09446215649063561,-899.9055378435094,16192.634,-672.1101
848,0.13137742952908396,-16.368509670809885,-883.6314903291901,20849.744,273.04703
849,0.13107739184079858,-4.608958940495995,-895.391041059504,26193.363,494.78796
850,0.1307780958275902,-14.860005891778883,-885.1399941082211,19556.133,26.50238
851,0.13047953965608275,-13.752426263942652,-886.2475737360573,17226.746,280.76074
852,0.13018172149743212,-13.752684301346335,-886.2473156986537,13305.57,305.30762
853,0.12988463952731505,-1.9336471105360715,-898.0663528894639,27320.357,138.16058
854,0.12958829192591784,-69.24012297888214,-830.7598770211179,14999.728,-859.47546
855,0.1292926768779253,-26.407418153561593,-873.5925818464384,8845.379,-9.119233
856,0.1289977925725096,-13.75214866768988,-886.2478513323101,11449.913,336.86728
857,0.12870363720331912,-10.476825370841652,-889.5231746291583,27124.861,265.12756
858,0.12841020896846744,-13.752134598738735,-886.2478654012613,14137.986,132.94458
859,0.12811750607052239,-73.60872487246547,-826.3912751275345,13388.113,-864.2756
860,0.12782552671649478,-13.75469732632098,-886.245302673679,20490.691,89.19948
861,0.12753426911782767,-16.36850967081,-883.63149032919,11437.163,210.61221
862,0.12724373149038537,-13.752138559710147,-886.2478614402899,15002.921,271.76257
863,0.1269539120544424,-13.752136406585123,-886.2478635934149,31336.557,315.25473
864,0.12666480903467267,-26.40741815356091,-873.5925818464391,17189.504,104.12526
865,0.12637642066013857,-12.342242851431934,-887.6577571485681,24423.639,297.71457
866,0.1260887451642802,-26.407418153560798,-873.5925818464392,15088.191,94.543304
867,0.1258017807849044,-26.407418153561593,-873.5925818464384,19923.162,90.13379
868,0.12551552576417416,-3.663214559956373,-896.3367854400436,15304.664,178.65298
869,0.12522997834859761,-26.40741815356057,-873.5925818464394,17217.271,90.156235
870,0.1249451367890175,-9.645335131406114,-890.3546648685939,31787.73,342.9022
871,0.12466099934060038,-12.071496071255979,-887.928503928744,19419.12,327.91614
872,0.12437756426282587,-13.752137863460689,-886.2478621365393,31570.201,338.29562
873,0.1240948298194761,-26.407418153561366,-873.5925818464386,20088.775,94.493454
874,0.12381279427862502,-13.759380696845483,-886.2406193031545,18835.443,327.26462
875,0.12353145591262778,-10.966208878897874,-889.0337911211021,18157.527,342.49948
876,0.12325081299811015,-11.264350811426198,-888.7356491885738,19923.977,345.0172
877,0.12297086381595804,-13.92735773680738,-886.0726422631926,17418.965,275.95154
878,0.12269160665130685,-13.752146006775433,-886.2478539932246,19590.646,333.06015
879,0.12241303979353102,-4.2016269054993245,-895.7983730945007,22447.873,-23.612688
880,0.12213516153623358,-9.652455434892317,-890.3475445651077,37882.184,228.46089
881,0.12185797017723568,-0.9091425778904068,-899.0908574221096,20735.414,-709.5579
882,0.12158146401856611,-26.407418153565118,-873.5925818464349,12793.601,101.67861
883,0.12130564136645097,-4.17358969069835,-895.8264103093017,14422.0,-670.0346
884,0.12103050053130329,-13.752165200318586,-886.2478347996814,39505.992,333.82083
885,0.1207560398277126,-67.04181971838261,-832.9581802816174,15513.414,-832.2946
886,0.12048225757443472,-26.407418153562844,-873.5925818464372,20735.4,90.67613
887,0.12020915209438135,-26.40741815356307,-873.5925818464369,18871.166,104.161644
888,0.11993672171460991,-13.752287178106371,-886.2477128218936,16272.633,273.75104
889,0.11966496476631318,-10.209992352423,-889.790007647577,22759.473,338.60876
890,0.11939387958480918,-11.109174688297571,-888.8908253117024,24270.586,281.12024
891,0.11912346450953085,-16.36850967081,-883.63149032919,40938.832,191.17978
892,0.11885371788401605,-10.071431700670018,-889.92856829933,23997.008,355.0875
893,0.11858463805589724,-13.752141884575394,-886.2478581154246,18543.574,338.4777
894,0.11831622337689145,-0.7396675869599676,-899.26033241304,18341.455,98.91985
895,0.11804847220279019,-13.309067538110526,-886.6909324618895,24571.355,-25.72664
896,0.11778138289344932,-12.957908754517916,-887.0420912454821,26628.03,282.53204
897,0.11751495381277907,-44.650187455962964,-855.349812544037,14672.519,-459.94684
898,0.11724918332873395,-17.211844785140556,-882.7881552148594,22507.914,-400.98502
899,0.11698406981330284,-26.407418153562617,-873.5925818464374,15457.355,102.72031
900,0.1167196116424989,-11.106557992681815,-888.8934420073182,16729.137,260.4943
901,0.11645580719634974,-11.220227154798636,-888.7797728452014,24433.207,317.46063
902,0.11619265485888741,-13.752256822794493,-886.2477431772055,22532.932,327.64688
903,0.11593015301813857,-1.9067230488517453,-898.0932769511483,22030.422,-719.6444
904,0.11566830006611453,-3.9999025348029136,-896.0000974651971,17235.203,323.34772
905,0.11540709439880152,-26.40741815356148,-873.5925818464385,24242.123,100.43946
906,0.11514653441615072,-9.867404701787905,-890.1325952982121,22580.89,364.99384
907,0.1148866185220686,-26.40741815356205,-873.592581846438,12742.444,92.185455
908,0.11462734512440705,-13.75213427210474,-886.2478657278953,19522.3,352.87915
909,0.11436871263495363,-59.872519098566386,-840.1274809014336,13121.898,-829.4513
910,0.1141107194694219,-13.752135115015449,-886.2478648849846,19552.488,347.54214
911,0.11385336404744167,-17.627717732234032,-882.372282267766,50595.867,150.74039
912,0.11359664479254933,-68.04156721797551,-831.9584327820245,22011.426,-836.95654
913,0.11334056013217818,-15.934497918313014,-884.065502081687,12280.8125,75.32768
914,0.11308510849764883,-13.752158299267535,-886.2478417007325,25447.49,281.07794
915,0.11283028832415956,-13.752134641440534,-886.2478653585595,12166.828,315.94867
916,0.11257609805077676,-13.752137984001592,-886.2478620159984,14682.938,269.59003
917,0.11232253612042531,-13.814641003230236,-886.1853589967698,16597.129,253.76314
918,0.11206960097987917,-10.819096670764793,-889.1809033292352,22519.52,353.22763
919,0.11181729107975168,-26.40741815356091,-873.5925818464391,16039.208,102.424614
920,0.11156560487448623,-26.407418153560457,-873.5925818464395,24833.793,104.40975
921,0.11131454082234674,-26.407418153563867,-873.5925818464361,20304.209,95.39358
922,0.11106409738540819,-13.752160731026379,-886.2478392689736,23100.02,343.30908
923,0.11081427302954719,-16.368509670809885,-883.6314903291901,67149.27,225.13467
924,0.11056506622443266,-4.875930912943318,-895.1240690870567,15613.946,466.41382
925,0.11031647544351639,-13.75218550192153,-886.2478144980785,16044.824,304.95203
926,0.11006849916402368,-10.078214868560849,-889.9217851314392,27516.38,264.6884
927,0.10982113586694407,-12.206927408624551,-887.7930725913754,31232.873,295.08914
928,0.10957438403702201,-16.368509670810113,-883.6314903291899,19216.494,161.70842
929,0.10932824216274752,-68.59539547185409,-831.4046045281459,24183.408,-801.0438
930,0.10908270873634701,-11.190191815473327,-888.8098081845267,23085.3,312.30713
931,0.10883778225377404,-0.2327332645019169,-899.7672667354981,21956.012,626.76306
932,0.10859346121470004,-79.3326090140506,-820.6673909859494,30558.049,-1003.2241
933,0.1083497441225052,-70.75178992789779,-829.2482100721022,11422.367,-858.4427
934,0.10810662948426923,-11.64842508213951,-888.3515749178605,19365.498,283.8492
935,0.1078641158107623,-16.368509670810568,-883.6314903291894,17780.197,209.05975
936,0.10762220161643578,-80.56277799826955,-819.4372220017304,31840.479,-987.79224
937,0.10738088541941328,-11.631062641956987,-888.368937358043,15100.625,283.17523
938,0.10714016574148152,-26.40741815357933,-873.5925818464207,15690.587,29.91182
939,0.10690004110808131,-13.752148221266566,-886.2478517787334,18585.36,277.8209
940,0.1066605100482984,-13.752137170382184,-886.2478628296178,21276.59,342.99548
941,0.1064215710948546,-11.741153378049944,-888.25884662195,20578.72,351.5229
942,0.10618322278409874,-26.407418153561593,-873.5925818464384,37283.562,13.22548
943,0.10594546365599772,-9.99731450963202,-890.002685490368,25833.94,294.19604
944,0.10570829225412752,-26.407437796463,-873.592562203537,21595.102,-8.466551
945,0.10547170712566432,-26.40741815356205,-873.592581846438,29228.229,103.508965
946,0.10523570682137562,-12.30720663634861,-887.6927933636514,18187.34,344.8949
947,0.10500028989561132,-26.407418153562503,-873.5925818464375,31231.285,101.39523
948,0.10476545490629488,-26.407418153560343,-873.5925818464397,33945.477,104.0436
949,0.10453120041491447,-12.823818637445697,-887.1761813625543,31447.49,197.50844
950,0.10429752498651419,-11.66846418385478,-888.3315358161452,21407.78,278.53275
951,0.10406442718968528,-10.787278826670558,-889.2127211733294,40950.27,350.03473
952,0.10383190559655729,-8.852836953508131,-891.1471630464919,18534.9,-726.81775
953,0.10359995878278944,-26.407418153562844,-873.5925818464372,18296.549,84.94382
954,0.10336858532756178,-17.633389042966087,-882.3666109570339,21557.227,-392.72287
955,0.10313778381356659,-7.94680097560672,-892.0531990243933,18920.549,-274.9677
956,0.1029075528269996,-26.40741815356148,-873.5925818464385,18084.746,103.011246
957,0.10267789095755141,-11.574699197074096,-888.4253008029259,33183.965,344.96765
958,0.10244879679839881,-26.407418153560684,-873.5925818464393,25069.21,102.29472
959,0.1022202689461962,-14.024217989129966,-885.97578201087,19090.121,314.324
960,0.1019923060010669,-14.194556813719942,-885.8054431862801,19282.725,191.26602
961,0.10176490656659472,-13.817106534223285,-886.1828934657767,41432.414,-21.735252
962,0.10153806924981526,-10.504986338376511,-889.4950136616235,31664.59,339.45654
963,0.10131179266120749,-69.16251627667145,-830.8374837233285,23730.771,-820.1836
964,0.10108607541468516,-71.70070824232107,-828.2992917576789,25014.861,-902.4001
965,0.10086091612758835,-13.190256296079042,-886.809743703921,27226.994,294.49734
966,0.10063631342067503,-26.40741815380659,-873.5925818461934,24854.045,32.79072
967,0.10041226591811252,-12.35033727275379,-887.6496627272462,14832.148,275.84152
968,0.10018877224746914,-0.12400014865124831,-899.8759998513488,21969.61,-286.72284
969,0.09996583103970576,-0.3912784945516705,-899.6087215054483,18978.682,332.24915
970,0.09974344092916748,-26.40741815356205,-873.592581846438,16320.746,104.55093
971,0.09952160055357515,-16.368509670809658,-883.6314903291903,22330.53,-123.77685
972,0.09930030855401714,-10.832463599425978,-889.167536400574,18609.121,346.06833
973,0.09907956357494095,-76.1477076683525,-823.8522923316475,17352.77,-937.62305
974,0.09885936426414495,-13.757544265689262,-886.2424557343107,34948.984,253.67828
975,0.09863970927277001,-77.8368942202219,-822.1631057797781,23826.719,-945.9171
976,0.09842059725529136,-26.407418153561935,-873.5925818464381,18835.57,84.57501
977,0.09820202686951025,-68.56621404507905,-831.433785954921,20118.156,-820.7442
978,0.0979839967765458,-26.4074181535633,-873.5925818464367,44091.117,78.446304
979,0.09776650564082671,-26.407418153566937,-873.5925818464331,20946.547,99.451195
980,0.09754955213008319,-13.752142671972365,-886.2478573280276,21178.947,343.61462
981,0.0973331349153387,-11.04495287902489,-888.9550471209751,23441.352,351.1641
982,0.09711725267090185,-10.201041058645046,-889.798958941355,20674.129,297.9052
983,0.0969019040743583,-26.40741815356239,-873.5925818464376,21221.803,70.4033
984,0.09668708780656264,-13.752481019903598,-886.2475189800964,26025.262,-124.54496
985,0.09647280255163031,-13.886221629204215,-886.1137783707958,26475.316,94.61108
986,0.09625904699692947,-2.8632719334301555,-897.1367280665698,28413.05,-151.70432
987,0.09604581983307314,-13.752163077814998,-886.247836922185,16734.24,337.89822
988,0.09583311975391097,-0.758645082418866,-899.2413549175811,15774.711,-522.04083
989,0.0956209454565214,-74.13269689379047,-825.8673031062095,28295.799,-917.5185
990,0.09540929564120358,-13.742606566356471,-886.2573934336435,11671.141,279.73047
991,0.09519816901146942,-13.752139366122947,-886.247860633877,28226.68,338.64697
992,0.09498756427403575,-9.623827054983053,-890.376172945017,26588.232,417.00375
993,0.0947774801388162,-3.9549799696224,-896.0450200303776,22756.504,504.54288
994,0.09456791531891355,-77.83098672969413,-822.1690132703059,18511.2,-950.9631
995,0.09435886853061161,-26.40741815364595,-873.592581846354,18607.055,91.81352
996,0.09415033849336747,-16.368886913188817,-883.6311130868112,16728.107,-777.8325
997,0.09394232392980374,-12.25983281382446,-887.7401671861755,38619.35,193.73793
998,0.0937348235657005,-11.005565319688912,-888.9944346803111,20963.213,333.6844
999,0.09352783612998768,-13.755286241958743,-886.2447137580413,34860.17,225.91257
1000,0.09332136035473725,-26.407418153617982,-873.592581846382,32909.625,85.64861
1001,0.09311539497515538,-13.752409281080645,-886.2475907189194,20731.041,1.9866467
1002,0.09290993872957476,-16.368517120700517,-883.6314828792995,33700.156,-2.4696074
1003,0.09270499035944683,-13.75213748050976,-886.2478625194902,17341.512,247.3696
1004,0.09250054860933409,-26.407418153561025,-873.592581846439,28592.004,86.866776
1005,0.09229661222690237,-26.407418153561707,-873.5925818464383,16899.865,96.76387
1006,0.09209317996291327,-70.82635317499205,-829.173646825008,27405.787,-810.62244
1007,0.0918902505712164,-17.431062926743152,-882.5689370732568,26164.676,-43.54993
1008,0.09168782280874173,-10.232663161779215,-889.7673368382208,22641.234,359.74805
1009,0.0914858954354921,-26.407418153563526,-873.5925818464365,25676.572,101.19465
