-72.635315,6.503601,8.547639,0.025668478,5.9199443,11.621778,2.207878,0.0004340885,9.562541e-09,2.9558578e-12,0.0,0.0,0.0,0.0,0.0,0.0,0.8886117,0.0,0.0,0.0
-165.85725,9.64599,0.00090695376,5.684342e-14,0.0,0.0,0.0,0.0,0.0,0.0,0.0,0.0,0.0,0.0,0.0,0.0,0.0,0.0,0.0,0.0
-173.81436,10.995076,0.0,0.0,27.301931,61.884438,3.9849117,3.8391557,0.0,0.0,0.0,0.0,0.0,0.0,0.0,0.0,7.568993,0.4269283,5.080165,2.1351516e-05
-131.85074,0.51800025,1.3966314e-06,1.04430455e-08,2.842171e-12,1.1368684e-13,0.0,0.0,0.0,0.0,0.0,0.0,0.0,0.0,0.0,0.0,0.0,0.0,0.0,0.0
-323.97852,61.476807,170.83875,18.032688,8.956248,0.0018763394,1.1055704e-08,5.684342e-14,0.0,0.0,0.0,0.0,0.0,0.0,0.0,0.0,0.0,0.0,0.0,0.0
-92.451225,53.612324,0.035544977,6.0854575e-08,5.684342e-14,0.0,0.0,5.684342e-14,0.0,0.0,0.0,0.0,0.0,0.0,0.0,0.0,0.0,0.0,0.0,0.0
-83.59684,0.020546513,5.5740657e-10,0.0,0.0,0.0,0.0,5.684342e-14,5.684342e-14,0.0,0.0,1.1254997e-11,0.0,0.0,0.0,0.0,0.0,0.0,0.0,0.0
-86.52612,36.77449,0.00022129582,7.004166,18.503332,1.3598732,2.3173861e-06,2.842171e-13,0.46971434,0.52493054,0.7104241,0.004756093,0.0,0.0,0.0,0.0,0.0,0.0,0.0,0.0
-337.52078,130.76984,140.08296,15.925133,3.5147095e-06,1.1368684e-13,0.0,0.0,0.0,0.0,1.1937118e-12,5.684342e-14,0.0,0.0,0.0,0.0,0.0,0.0,0.0,0.0
-271.33948,17.663939,19.774332,0.0,0.0,0.0,0.0,0.0,0.0,0.0,0.0,0.0,0.0,0.0,0.0,0.0,0.0,0.0,0.0,0.0
-80.76118,23.083889,9.682807,2.2718086,0.5286404,0.0,0.7704048,0.26806965,2.7897613e-09,1.7053026e-12,0.0,0.0,0.0,0.0,0.0,0.0,0.0005229101,0.0,0.0,0.0
-234.04697,99.862595,41.635906,21.342611,0.269587,1.7053026e-12,0.0,0.0,0.0,0.0,0.0,2.2684157,0.000116169256,5.684342e-13,1.8449254,1.7678303e-11,0.0,5.211347e-07,6.036727e-06,9.035881e-08
-128.94592,20.75571,39.38824,4.432383,4.1648293,0.0025678047,2.6954876e-06,2.306706e-10,0.0,0.0,0.0,0.0,0.0,0.0,0.0,0.0,0.0,0.0,0.0,0.0
-64.28093,0.6037334,3.3239115e-07,2.7101805e-09,0.0,2.2737368e-12,0.0,0.0,0.0,0.0,0.0,0.0,1.14482646e-10,2.6034286e-11,2.9558578e-12,1.7053026e-13,0.0,0.0,0.0,0.0
-70.985596,14.273053,1.1099443e-05,0.0,1.8803506,5.7278776,8.006908,15.168063,0.05911359,0.7584329,0.0,0.0,0.0,0.0,0.0,0.0,0.0,0.0,0.0,0.0
-90.169014,20.521948,3.394881e-05,6.03758e-06,1.2903291e-07,5.818606e-09,0.0,1.7053026e-12,0.0,0.0,0.0,0.0,0.0,0.0,6.25418e-08,1.377316e-10,5.684342e-14,0.0,0.0,0.0
-149.92537,67.31638,24.493172,4.3322663,0.5400752,0.0,0.10799292,0.7319031,0.665644,0.000120839686,1.5736881e-05,3.500591e-07,1.7595724,0.0,0.0,0.0,0.0,0.0,0.0,0.0
-129.344,7.857794e-05,2.3533175e-11,3.410605e-13,0.0,0.0,0.0,0.0,0.0,0.0,0.0,0.0,0.0,0.0,0.0,0.0,0.0,0.0,0.0,0.0
-57.73626,0.028728336,2.5185036e-06,5.661775e-09,6.676265e-08,7.247536e-11,0.0,0.0,0.0,0.0,0.0,0.0,0.0,0.0,0.0,0.0,0.0,0.0,0.0,0.0
-102.00151,15.439879,0.0002750537,5.3353233e-10,0.99446255,0.00048539054,8.6181,6.5284653,2.087972,5.5541344,0.095332034,2.4118282e-07,2.375316e-09,8.951336,0.6710498,0.08352301,0.9208802,3.2882304,0.01415799,0.00020219838
-152.22908,0.0031876566,1.3436647e-08,1.7507773e-11,2.842171e-14,6.016876e-11,2.2737368e-13,0.0,0.0,0.0,0.0,0.0,0.0,0.0,0.0,0.0,0.0,0.0,0.0,0.0
-69.31173,2.649598,2.5704521e-06,6.130954,0.0,0.0,0.0,0.0,0.0,0.0,0.0,0.0,0.0,0.0,0.0,0.0,0.0,0.0,0.0,0.0
-177.22285,102.59985,0.0012424691,3.1946e-11,0.0,0.0,0.0,0.0,0.0,0.0,0.0,0.0,0.0,0.0,0.0,0.0,0.0,0.0,0.0,0.0
-90.54818,0.00736549,9.016844e-09,1.1368684e-13,0.0,0.0,0.0,0.0,0.0,0.0,0.0,0.0,0.0,0.0,0.0,0.0,0.0,0.0,0.0,0.0
-172.34396,13.317544,0.0,0.0,0.0,0.0,0.0,0.0,0.0,0.0,0.0,0.0,0.0,0.0,0.0,0.0,0.0,0.0,0.0,0.0
-144.26802,0.00034568587,3.9790393e-13,2.842171e-14,0.0,0.0,0.0,0.0,0.0,0.9887094,11.103243,4.7492867,1.067974,9.849012e-06,7.617018e-12,0.0,0.0,0.0,0.0,0.0
-193.36337,0.32358608,0.0024348074,0.0,0.0,0.0,0.0,0.0010048044,0.0,0.0,0.0,0.0,0.0,0.99473566,0.99518234,5.7522698e-08,0.0,0.0,0.14814559,0.0
-253.71736,154.74802,20.505917,1.346928,0.96173656,2.5048578,0.0,0.0,0.0,0.0,0.0,0.0,0.0,0.0,0.0,0.0,0.0,0.0,0.0,0.0
-224.88821,137.05923,0.027663723,0.99524635,1.9620252e-06,0.0,0.0,0.0,0.0,0.0,0.0,0.0,0.0,0.0,0.99364054,25.611935,1.2528992,0.00011392827,0.99470973,0.0002613558
-301.3146,90.863846,21.329437,0.0,0.0,0.0,0.0,0.0,0.0,0.0,0.0,0.0,0.0,0.0,0.0,0.0,0.0,0.0,0.0,0.0
-201.75702,148.02914,0.9827892,0.012345831,2.1119149e-08,6.5938366e-12,1.1368684e-13,0.0,0.0,0.0,0.0,0.0,0.0,0.0,0.0,0.0,0.0,0.0,0.0,0.0
-193.06322,4.0227637,0.00022715506,5.579466e-10,5.684342e-14,0.0,0.0,0.0,0.0,0.0,0.0,0.0,0.0,0.0,0.0,0.0,0.0,0.0,37.198498,0.8894027
-111.87464,48.613518,13.1688795,8.454136,0.0,0.0,0.0,0.0,0.0,0.0,0.0,0.0,0.0,0.0,0.0,0.0,0.0,0.99935126,0.18242893,0.00021338646
-251.5227,167.44618,9.185497,5.244356,9.687379e-05,7.0970714e-09,2.2737368e-13,0.0,0.0,0.0,0.0,0.0,0.0,0.0,0.0,0.0,0.0,0.0,0.0,0.0
-231.01646,160.43593,4.8487353,0.0,0.0,12.921073,5.0077066,0.04457077,2.6685896,0.0,0.0,0.0,0.0,8.283042,2.1985033,0.48946267,8.810652e-05,2.0393467,1.1655341,0.070230044
-106.81379,35.176865,2.8549122e-05,6.1799597e-09,5.684342e-14,0.0,5.684342e-14,1.7053026e-13,0.0,0.0,8.929766,4.7690415,0.008707502,0.0,0.0,0.0,0.17910756,3.855172,0.0,0.0
-30.189396,0.34060672,2.9889858e-05,3.6160436e-06,3.6834535e-11,2.2737368e-13,0.0,0.0,0.0,0.0,0.0,0.0,0.0,0.0,0.0,0.0,0.0,0.0,0.0,0.0
-108.48094,55.747368,0.0008327035,1.0582028e-08,4.778258e-10,0.0,0.0,5.684342e-14,0.0,0.0,0.0,0.0,0.0,0.0,0.0,0.0,0.0,0.0,1.8382456,1.1406207
-92.60994,0.07898914,12.004381,11.874523,6.0045672e-06,2.5579538e-12,0.0,0.98337054,0.0,1.7983919,9.7108,0.34009135,13.933758,3.6455443,1.4266586,2.719844e-09,7.3896445e-13,0.0,0.0,0.0
-74.14246,0.51562685,2.05329e-07,5.1159077e-13,0.0,0.0,0.0,0.0,0.0,0.0,0.0,0.0,0.0,0.0,0.0,0.0,0.0,0.0,0.0,0.0
-164.04724,35.666477,0.030428978,0.0012105299,7.751437e-06,1.2846613e-11,0.0,0.0,0.0,0.0,0.0,0.0,0.0,0.0,0.0,0.0,0.0,0.0,0.0,0.0
-243.96358,132.52766,0.9739723,25.829771,0.0,0.0,0.0,0.0,0.0,0.0,2.6907668,0.06346437,0.0,0.0,0.0,0.0,0.0,0.0,0.0,0.0
-199.83463,125.161354,0.048792135,0.0025706538,4.2120973e-11,0.0,0.0,0.0,0.0,0.0,0.0,0.0,0.0,0.0,0.0,0.0,0.0,0.0,0.0,0.0
-58.350067,8.602195,5.5194464e-06,2.4984956e-09,6.252776e-13,0.0,0.0,0.0,0.0,0.0,0.0,0.0,0.0,0.0,0.0,0.0,0.0,0.0,0.0,0.0
-85.02835,13.371721,0.019531766,0.0002413402,8.4685325e-09,0.0,0.0,0.0,0.0,0.0,0.0,1.1368684e-13,0.0,0.0,0.0,0.0,0.0,0.0,0.0,0.0
-109.5743,43.872833,0.010794167,0.0101059545,0.0001993735,0.011720417,0.0,0.0,0.0,0.0,0.0,0.0,0.0,0.0,0.0,0.0,0.0,0.0,0.0,0.0
-72.480644,1.7842375,0.024623329,0.015201541,0.0,0.0,0.0,0.0,0.0,0.0,0.0,0.0,0.0,0.0,0.0,0.0,0.0,0.0,0.0,0.0
-69.59886,0.94432044,0.00029981212,0.0022103603,9.4884155e-07,1.0572876e-11,0.0,0.0,0.0,0.0,0.0,0.0,0.0,0.0,0.0,0.0,0.0,0.0,0.0,0.0
-87.05702,48.206284,0.011690822,0.9978913,0.032753453,9.708856e-11,3.975685,0.0041457997,3.600142e-07,0.0,1.2286267e-07,6.4801498e-12,1.7053026e-13,0.0,0.0,0.0,0.0,0.0,0.0,0.96851444
-48.758083,0.9992641,0.00088507566,1.4097168e-11,0.0,0.0,0.0,0.0,0.0,0.0,5.684342e-14,0.0,0.0,0.0,8.850999,18.15951,5.823027,6.2934614e-06,0.5313498,0.056238648
-178.29597,57.205418,0.37869236,0.080855206,0.028428236,1.1937118e-12,0.0,0.0,0.0,0.0,0.0,0.0,0.0,0.0,0.0,0.0,0.0,0.0,0.0,0.0
-92.86525,16.25331,15.020035,1.894478,5.2369564e-06,9.568795e-07,1.2712517e-06,6.135906e-09,3.2986236e-10,1.512296,0.4776208,3.4169207,0.5629104,1.889407e-07,3.4683e-07,3.8075283,1.1670439,2.330753,1.6492578,3.5324192
-157.76707,3.5489469,33.544327,7.2500324,1.3727233e-05,7.616576,0.0,0.0,0.0,0.0,0.0,0.0,0.0,0.0,0.0,0.0,0.0,0.0,0.0,0.0
-73.59256,22.099981,0.39183754,0.1685004,0.0058359997,0.006807243,0.0037634277,0.022614982,0.021755945,1.5331073e-06,0.001374835,2.211209e-11,4.4337867e-12,0.0,0.0,0.0,5.684342e-14,0.0,0.0,0.0
-168.17058,69.12735,0.16803245,0.0066075986,0.0,0.0,0.0,0.0,0.0,0.0,0.0,0.0,0.0,0.0,0.0,0.0,0.0,0.0,0.0,0.0
-120.44422,60.767265,0.69568694,0.0,0.0,0.0,0.0,0.0,0.0,0.0,0.0,0.0,0.0,0.0,0.0,0.0,0.0,0.0,0.0,0.0
-108.71306,51.357662,0.30309632,0.04503436,0.044722363,0.039934307,0.0,0.0,0.0,0.0,0.0,0.0,0.0,0.0,0.0,0.0,0.0,0.0,0.0,0.0
-272.38364,167.5728,0.23340397,1.4354212,0.32163084,1.8022354,1.1435172e-05,0.033396762,0.0,0.0,0.0,0.008211054,0.0002814863,6.644717e-08,3.4633388e-08,0.0,0.0,0.0,0.0,0.0
-135.66989,34.76919,0.0009373628,0.036627363,0.0011336235,0.0,0.0,0.0,0.0,0.0,0.0,0.0,0.0,0.0,0.0,0.0,0.0,0.0,0.0,1.7053026e-13
-316.22617,222.21906,14.66651,5.6164513,9.240562,1.7823437,0.00479144,0.002452112,0.0023061214,11.7187195,1.224653,4.5580748e-08,9.1204413e-07,3.4788172e-11,5.684342e-14,0.0,0.0,0.0,0.0,0.0
-61.10436,16.867659,0.0059824353,8.922103,0.044263013,3.800518,0.21032985,0.0,0.0,0.0,0.0,5.684342e-14,0.0,0.0,0.99267393,0.0022851385,2.7600029,1.2194968,8.549133e-05,0.00024608878
-226.11156,125.99399,0.0012767285,0.0,0.0,0.0,0.0,0.0,0.0,0.0,0.0,0.0,0.0,0.0,0.0,0.0,0.0,0.0,0.0,0.0
-217.82643,131.51302,4.320256,0.0,0.0,0.0,0.0,0.0,0.0,0.0,0.0,0.0,0.0,0.0,0.0,0.0,0.0,0.0,0.0,0.0
-224.84909,116.83941,1.560793e-07,0.020801587,1.6370905e-11,0.0,0.0,0.0,0.0,0.0,0.0,0.0,0.0,0.0,0.0,0.0,0.0,0.0,0.0,0.0
-65.88118,0.20904015,0.0007174156,0.0,0.0,0.0,0.0,0.0,0.0,0.0,0.0,0.0,0.0,0.0,0.0,0.0,0.0,0.0,0.0,0.0
-104.47072,0.0005451289,6.031087e-11,6.82121e-13,0.0,0.0,0.0,0.0,0.0,0.0,5.684342e-14,5.684342e-14,0.0,0.0,0.0,0.0,0.0,0.0,0.0,0.0
-156.63065,47.19426,0.61100036,7.7778125,0.5568506,0.00013071355,1.2619239e-11,0.0,0.0,0.0,0.0,0.0,0.0,0.0,0.0,0.0,0.0,0.0,0.0,0.0
-228.48254,97.80653,17.199968,0.1928474,0.0013584296,0.0,0.0,0.0,0.0,0.0,0.0,0.0,0.0,0.0,0.0,0.0,0.0,0.0,0.0,0.0
-170.9128,73.31293,1.4294392,0.0,0.0,0.0,0.0,0.0,0.0,0.0,0.0,0.0,0.0,0.0,0.0,0.0,0.0,0.0,0.0,0.0
-89.64146,10.931717,0.01459061,0.079603635,0.0067432546,0.0072610746,5.2119276e-08,0.0,0.0,0.0,0.0,0.0,0.0,3.410605e-13,0.0,0.0,0.0,0.0,0.0,0.0
-65.6031,6.972537,0.16438039,0.0,0.0,0.0,0.0,0.0,0.0,0.0,0.0,0.0,0.0,0.0,0.0,0.0,0.0,0.0,0.0,0.0
-115.29421,46.137737,1.3019246,3.9857907,0.019173026,0.0010972788,0.011401225,1.1368684e-13,0.0,0.0,0.0,0.0,0.0,0.0,0.0,0.0,0.0,0.0,0.0,0.0
-78.94594,6.3661666,0.0029531855,0.0,0.0,0.0,0.0,0.0,0.0,0.0,0.0,0.0,0.0,0.0,0.0,0.0,0.0,0.0,0.0,0.0
-323.56607,179.89241,0.9668623,17.255333,6.0334992,4.0018563,0.00030026896,0.0,0.0,0.0,0.0,0.001344008,8.774273e-06,10.536937,4.6691904,2.6158407,8.749359,10.763254,0.102888614,0.0
-45.178013,2.3326542,0.00091786886,0.01196229,0.99356735,0.050635062,4.705365e-06,6.1080216e-05,5.684342e-14,0.0,0.0,0.0,0.0,0.0,0.0,0.0,0.0,0.0,0.0,0.0
-92.679726,25.368036,0.42220792,0.0026441037,1.801008,0.18891786,0.0,4.913103,1.0566462,6.9920816e-09,1.2105374e-09,4.1274006e-10,0.0,0.0,0.0,0.0,0.0,0.0,0.0,0.0
-70.28651,12.279578,0.3897106,0.0,0.0,0.0,0.0,0.0,0.0,0.0,0.0,0.0,0.0,0.0,0.0,0.0,0.0,0.0,0.0,0.0
-54.2876,11.123498,1.9338213,0.0,0.0,0.0,0.0,0.0,0.0,0.0,0.0,0.0,0.0,0.0,0.0,0.0,0.0,0.0,0.0,0.0
-212.23328,100.04716,0.0,0.0,0.0,0.0,0.0,0.0,0.0,0.0,0.0,0.0,0.0,0.0,0.0,0.0,0.0,3.978068,0.0017631743,0.0
-74.79055,0.6241831,0.47404176,0.0,0.0,0.0,0.0,0.0,0.0,0.0,0.0,0.0,0.0,0.0,0.0,0.0,0.0,0.0,0.0,0.0
-169.19067,61.28379,0.13602804,1.7255526,0.3515328,5.684342e-13,0.0,5.684342e-14,0.0,0.0,0.0,0.0,0.0,0.0,0.0,0.0,0.0,0.0,0.0,0.0
-232.46921,101.75708,19.8096,1.2497051,0.035385806,0.005526729,4.399319e-07,4.3222036,0.65258723,0.0,0.0,0.0,0.0,0.0,0.0,0.0,0.0,0.0,0.0,0.0
-132.37047,29.785963,0.006769638,0.99495906,0.3642455,4.4601483,3.5842464,0.99525267,7.97867,0.71855885,1.027636,0.1327125,2.94788e-06,0.0,0.0,0.0,0.0,0.9949581,9.66193e-07,0.0
-200.28148,81.377625,0.10680403,2.9433836e-06,0.0,0.0,0.0,0.0,0.0,0.0,0.0,0.0,0.0,0.0,0.0,0.0,0.0,0.0,0.0,0.0
-77.387146,15.324153,0.27541745,0.0,0.0,0.0,0.0,0.0,0.0,0.0,0.0,0.0,0.0,0.0,0.0,0.0,0.0,0.0,0.0,0.0
-106.80631,32.889442,0.18882965,0.99495906,0.0,0.0,0.0,0.0,0.0,0.0,0.0,0.0,0.0,0.0,0.0,0.0,0.0,0.0,0.0,0.0
-77.98324,5.6117587,0.007509639,0.0,0.0,0.0,3.9796941,0.0001370495,0.0,0.0,0.0,0.0,0.0,0.0,0.0,0.0,0.0,0.0,0.0,0.0
-150.69444,69.230515,0.029610742,5.684342e-14,0.0,0.0,0.0,0.0,0.0,0.0,0.0,0.0,0.0,0.0,0.0,0.0,0.0,0.0,0.0,0.0
-68.62629,6.197712,0.060972355,0.0,0.0,0.0,0.0,0.0,0.0,0.0,0.0,0.0,0.0,0.0,0.0,0.0,0.0,0.0,0.0,0.0
-315.39133,187.28603,5.543318,0.54110473,0.9952269,0.0007829039,0.005438655,0.010213597,4.4554906,0.51929367,5.6688955e-06,0.9940499,0.9958688,8.910969,0.04362061,6.867513e-06,0.9874128,0.0075511388,1.8509922e-09,8.592451e-10
-196.80795,109.41692,1.0877883,2.0531843e-10,0.0,0.0,0.0,0.0,0.0,0.0,0.0,0.0,0.0,0.0,0.0,0.0,0.0,0.0,0.0,0.0
-147.5791,38.537895,3.6460853,13.768592,0.77075005,0.31488037,1.4425723e-08,0.0,0.0,0.0,0.0,0.0,0.0,0.0,0.0,0.0,0.0,0.0,0.0,0.0
-62.70975,0.02745827,2.3702569e-08,2.2737368e-13,0.0,0.0,0.0,0.0,0.0,0.0,0.0,0.0,0.0,0.0,0.0,0.0,0.0,0.0,0.0,0.0
-124.219635,42.856956,0.13153717,0.0,0.0,0.0,0.0,0.0,0.0,0.0,0.0,0.0,0.0,0.0,0.0,0.0,0.0,0.0,0.0,0.0
-158.85498,67.50793,0.51447105,0.0,0.0,0.0,0.0,0.0,0.0,0.0,0.0,0.0,0.0,0.0,0.0,0.0,0.0,0.0,0.0,0.0
-231.11076,76.523415,0.0,0.0,0.0,0.0,0.0,0.0,0.0,0.0,0.0,0.0,0.0,0.0,0.0,0.0,0.0,0.0,0.0,0.0
-82.75589,11.212972,1.0916601,0.0,0.0,0.0,0.0,0.0,0.0,0.0,0.0,0.0,0.0,0.0,0.0,0.0,0.0,0.0,0.0,0.0
-82.1169,5.0915847,0.14721267,0.0,0.0,0.0,0.0,0.0,0.0,0.0,0.0,0.0,0.0,0.0,0.0,0.0,0.0,0.0,0.0,0.0
-178.86676,46.42183,0.49708647,0.0,0.0,0.0,0.0,0.0,0.0,0.0,0.0,0.0,0.0,0.0,0.0,0.0,0.0,0.0,0.0,0.0
-83.125,7.860719,0.04582903,0.0,0.0,0.0,0.0,0.0,0.0,0.0,0.0,0.0,0.0,0.0,0.0,0.0,0.0,0.0,0.0,0.0
-89.26626,14.598898,0.006134867,0.0,0.0,0.0,0.0,0.0,0.0,0.0,0.0,0.0,0.0,0.0,0.0,0.0,0.0,0.0,0.0,0.0
-257.1114,111.96754,1.1488475,2.1431163e-08,0.0,0.0,0.0,0.0,0.0,0.0,0.0,0.0,0.0,0.0,0.0,0.0,0.0,0.0,0.0,0.0
-136.13853,36.40445,7.229206,6.850652,2.981666,5.2972155,1.5786246,2.758487,1.32083,2.907805,1.1186625,0.99525434,0.013053128,0.9352323,0.06062056,3.93451,1.0402119,1.15482976e-07,8.4923864e-05,0.9750712
-99.454605,25.134848,4.1164412,0.004046121,0.0,5.684342e-14,0.0,0.0,0.0,0.0,0.0,0.0,0.0,0.0,0.0,0.0,0.0,0.0,0.0,0.0
-93.16938,19.75117,0.10211201,0.0,0.0,0.0,0.0,0.0,0.0,0.0,0.0,0.0,0.0,0.0,0.0,0.0,0.0,0.0,0.0,0.0
-100.99092,5.1135044,0.0126804635,0.0,0.99495906,0.0,0.0,0.0,0.0,0.0,0.0,0.0,0.0,0.0,0.0,0.0,0.0,0.0,0.0,0.0
-224.75,89.356804,0.3170929,33.611847,5.477046,0.002295219,0.24816819,0.011959012,0.00031660195,5.86909e-07,8.21808e-09,2.444267e-12,1.1368684e-13,0.0,0.0,0.0,0.0,0.0,0.0,0.0
-291.13528,159.90933,8.526576,0.0,0.0,0.0,0.0,0.0,0.0,0.0,0.0,0.0,0.0,0.0,0.0,0.0,0.0,0.0,0.0,0.0
-256.56293,112.01028,50.02385,0.007992953,4.504841e-10,0.0,0.0,0.0,5.684342e-14,0.0,0.0,0.0,0.0,0.0,0.0,0.0,0.0,0.0,0.0,0.0
-264.37106,161.19273,2.0416222,6.0362026e-10,0.0,0.0,0.0,0.0,0.0,0.0,0.0,0.0,0.0,0.0,0.0,0.0,0.0,0.0,0.0,0.0
-340.74225,211.21062,4.310091,0.045115773,0.06655998,3.5392157e-05,5.684342e-14,0.0,0.0,0.0,0.0,0.0,0.0,0.0,0.0,0.0,0.0,0.0,0.0,0.0
-116.30343,10.938479,33.0681,0.6599963,5.6281806e-09,3.410605e-13,0.0,0.0,0.0,0.0,0.0,0.0,0.0,0.0,0.0,0.0,0.0,0.0,0.0,0.0
-66.61902,3.1860683,0.0968766,0.034642126,0.31403705,0.023978999,0.038132492,0.06782251,3.9402778e-08,3.410605e-13,0.0,0.0,0.0,5.684342e-14,0.0,0.0,0.0,0.0,0.0,0.0
-294.9923,152.16484,4.9812617,1.7053026e-13,0.0,0.0,0.0,0.0,0.0,0.0,0.0,0.0,0.0,0.0,0.0,0.0,0.0,0.0,0.0,0.0
-236.245,112.413376,4.2312684,6.6353323e-09,0.0,0.0,0.0,0.0,0.0,0.0,0.0,0.0,0.0,0.0,0.0,0.0,0.0,0.0,0.0,0.0
-196.73341,75.612656,43.00406,1.4625653,0.013635111,0.024127726,0.0048458846,3.896115e-07,5.684342e-14,0.0,0.0,0.0,0.0,0.0,0.0,0.0,0.0,0.0,0.0,0.0
-115.71865,42.338085,0.008025912,0.0,0.0,0.0,0.0,0.0,0.0,0.0,0.0,0.0,0.0,0.0,0.0,0.0,0.0,0.0,0.0,0.0
-127.486694,49.287865,1.952971,0.0,0.0,0.0,0.0,0.0,0.0,0.0,0.0,0.0,0.0,0.0,0.0,0.0,0.0,0.0,0.0,0.0
-172.38762,47.118557,2.0848482,0.0,0.0,0.0,0.0,0.0,0.0,0.0,0.0,0.0,0.0,0.0,0.0,0.0,0.0,0.0,0.0,0.0
-255.1222,143.21913,2.46831,43.616257,0.3804247,3.5926823e-05,0.7657147,3.6231063e-07,9.388827e-10,0.0,0.0,0.0,0.0,0.0,0.0,0.0,0.0,0.0,0.0,0.0
-103.32842,18.019428,0.084751666,0.0,0.0,0.0,0.0,0.0,0.0,0.0,0.0,0.0,0.0,0.0,0.0,0.0,0.0,0.0,0.0,0.0
-105.50618,20.052795,3.8209372,7.13958,1.7360638,4.0722065,0.6131006,0.9952938,0.3309184,0.071294814,0.009711674,3.1966538,0.78344285,0.00022957973,0.00017918016,0.99495596,0.00024515743,3.198636e-09,1.2195756e-09,0.7081228
-313.5724,247.84816,0.10917928,5.235403,0.41691288,0.26521766,0.00017051156,2.3855478e-09,5.684342e-14,0.0,0.0,0.0,0.0,0.0,0.0,0.0,0.0,0.0,0.0,0.0
-183.83162,74.111244,39.064667,0.013605739,4.8868287e-09,1.1368684e-13,0.0,0.0,0.0,0.0,0.0,0.0,0.0,0.0,0.0,0.0,0.0,0.0,0.0,0.0
-138.97826,54.552166,1.3389703,0.0,0.0,0.0,0.0,0.0,0.0,0.0,0.0,0.0,0.0,0.0,0.0,0.0,0.0,0.0,0.0,0.0
-256.16022,147.10606,0.26215205,0.0,0.0,0.0,0.0,0.0,0.0,0.0,0.0,0.0,0.0,0.0,0.0,0.0,0.0,0.0,0.0,0.0
-98.5294,39.13453,13.072865,1.5225785,0.026311241,3.7555316e-07,8.713471e-09,2.8825298e-10,5.684342e-13,5.684342e-14,5.684342e-14,0.0,0.0,0.0,0.0,0.0,0.9939937,0.0009613702,0.99455005,0.00041117784
-251.81958,115.06269,89.99382,5.0119324e-05,2.2737368e-13,0.0,0.0,0.0,0.0,0.0,0.0,0.0,0.0,0.0,0.0,0.0,0.0,0.0,0.0,0.0
-199.7411,115.61554,30.143059,0.2396054,0.0068623926,1.9873855,0.0052083414,7.4495336e-05,2.2813313e-06,6.704295e-08,2.534307e-09,2.0568223e-09,0.9935105,0.0014483606,8.465122e-10,0.0,0.0,0.0,0.0,0.0
-102.143875,28.134033,7.2518034,0.09594793,3.5154812e-08,5.684342e-14,3.1928948e-10,0.0,0.0,0.0,0.0,7.4408035e-11,6.786536e-10,1.4210855e-12,3.1320724e-11,0.9949587,3.7460427e-07,1.1038992e-10,1.2107648e-10,1.1368684e-12
-331.0609,210.27612,0.0,0.0,0.0,0.0,0.0,0.0,0.0,0.0,0.0,0.0,0.0,0.0,0.0,0.0,0.0,0.0,0.0,0.0
-131.09756,33.122063,8.960844,0.81761086,0.9003798,0.0,0.019577729,0.041318085,0.04080689,7.287383e-09,0.0,0.0,0.0,0.0,3.8732986e-05,0.002839739,5.5999266e-05,2.8315276e-07,4.6838977e-11,1.1368684e-13
-262.68857,95.89445,79.96629,5.917858,0.007487345,0.0,0.0,0.0,0.0,0.0,0.0,0.0,0.0,0.0,0.0,0.0,0.0,0.0,0.0,0.0
-203.54143,126.96739,20.757,0.098573714,0.0007263194,0.00010449347,1.4904642e-05,2.9413093e-07,1.157747e-08,3.3243737e-09,8.086829e-09,6.4233063e-12,8.526513e-13,2.842171e-13,0.0,5.684342e-14,0.0,0.0,0.0,0.0
-260.93472,157.5729,25.105785,10.099151,0.05067381,0.0,0.0,0.0,0.0,0.0,0.0,0.0,0.0,0.0,0.0,0.0,0.0,0.0,0.0,0.0
-238.14403,123.73149,40.758335,2.0162392,0.0009857677,5.315305,1.6327207,15.90286,1.9765286,8.957089,3.0073428,0.0113309845,1.0028819,0.80730397,0.18897437,1.6271886e-05,1.386411e-10,0.0,0.0,0.0
-147.95891,48.80749,20.38537,0.16444662,7.629177e-07,8.545021e-08,1.2746e-09,1.0589929e-10,2.5920599e-11,7.3896445e-13,0.0,0.0,0.0,5.684342e-14,0.0,0.0,0.0,0.0,0.0,0.0
-166.3367,32.312912,23.733887,4.1486497,2.5715282,0.7703246,0.00012034284,0.0018912333,0.0018992873,1.4210855e-12,5.684342e-14,0.0,0.0,0.0,0.0,0.0,0.0,0.0,0.0,0.0
-104.23549,31.446182,0.35455406,0.0,0.0,0.0,0.0,0.0,0.0,0.0,0.0,0.0,0.0,0.0,0.0,0.0,0.0,0.0,0.0,0.9949585
-117.98186,22.631195,0.72055924,9.888869,1.9363557,14.224661,2.26092,0.45940116,0.8464118,3.9890664,0.9985723,0.2077379,9.726412,0.2288303,0.0010142942,1.3108092e-10,0.0,0.0,0.0,0.0
-324.6236,191.86995,13.204815,1.3196029e-08,0.0,0.0,0.0,0.0,0.0,0.0,0.0,0.0,0.0,0.0,0.0,0.0,0.0,0.0,0.0,0.0
-296.20218,132.00179,4.764154,0.0,24.068123,13.111373,14.945803,4.658943,7.9293046,1.4168296,1.0956342,0.41780996,0.0024370872,1.3210391,0.6672751,14.494508,2.413743,0.23931485,0.76088786,2.4660757
-115.68166,43.541615,11.586515,10.725161,0.3896517,8.178811,0.73904926,1.0063773,0.63105845,9.059987e-06,4.7464255e-11,0.01175388,0.0178563,0.050007287,0.00045093027,3.89889e-10,0.0,0.0,0.0,0.0
-202.7645,78.002686,49.477757,4.544975,0.1643453,3.8336442,2.428636,18.192442,0.34848383,1.3237879e-05,2.4893211e-08,9.742962e-11,3.410605e-13,1.1368684e-13,0.0,0.0,0.0,0.0,0.0,0.0
-193.14249,94.75461,2.455519,0.3913586,0.0,12.621273,4.150135,1.1219081,1.2788563,7.9580786e-13,0.0,0.0,0.0,0.0,0.0,0.0,0.0,0.0,0.0,0.0
-287.227,81.91391,51.978775,10.342026,25.154737,0.15106103,7.7337103,3.0404203,0.9067345,0.3156617,0.015092844,0.175286,1.0046103,0.0029015415,2.1245234,1.8563598,0.00036238277,0.007073545,3.1867738e-05,0.01059568
-197.72353,83.32899,3.5491612,38.18791,3.1560571,8.425921,4.0290346,1.2060604,16.515976,3.404955,1.3626702,0.7434919,2.5472867e-05,2.1827873e-11,0.0,0.0,0.0,0.0,0.0,0.0
-188.13994,68.42902,44.093857,0.00039238032,3.733305e-09,2.842171e-13,0.0,0.0,0.0,0.0,5.684342e-14,0.0,5.684342e-14,0.0,0.0,0.0,0.0,0.0,0.0,0.0
-293.7949,131.11594,1.5076543,0.0,0.0,0.0,0.0,0.0,0.0,0.0,0.0,0.0,0.0,0.0,0.0,0.0,0.0,0.0,0.0,0.0
-238.97589,98.55802,46.879375,0.012664903,3.044886e-08,0.0,0.0,0.0,0.0,0.0,0.0,0.0,0.0,0.0,0.0,0.0,0.0,0.0,0.0,0.0
-108.50626,23.4353,1.0103763,0.0,0.0,0.0,0.0,0.0,0.0,0.0,0.0,0.0,0.0,0.0,0.0,0.0,0.0,0.0,0.0,0.0
-275.54938,126.313835,82.82644,2.1661692,0.06336593,0.0,0.0,0.0,0.0,0.0,0.0,0.0,0.0,0.0,0.0,0.0,0.0,0.0,0.0,0.0
-250.94548,94.86926,41.858215,0.7931754,5.482789e-06,4.2632564e-11,0.0,0.0,0.0,0.0,0.0,0.0,0.0,0.0,0.0,0.0,0.0,0.0,0.0,0.0
-69.763504,3.0652337,0.3103142,0.0,0.0,0.0,0.0,0.0,0.0,0.0,0.0,0.0,0.0,0.0,0.0,0.0,0.0,0.0,0.0,0.0
-241.78911,118.81338,39.19972,0.19974174,1.2496685e-08,0.0,0.0,0.0,0.0,0.0,0.0,0.0,0.0,0.0,0.0,0.0,5.684342e-13,0.0,0.0,0.0
-185.04514,53.505524,62.232105,25.287197,0.044663895,1.145917,0.039518226,0.00045840276,0.99039686,0.0072795846,4.5716846e-05,0.0,0.0,0.0,0.0,0.0,0.0,0.0,0.0,0.0
-200.40189,62.276993,21.648935,0.06618154,0.9836976,0.010305646,6.889596e-05,0.0,0.0,0.0,0.0,0.0,0.0,0.0,0.0,0.0,0.0,0.0,0.0,0.0
-220.2309,87.54252,22.980394,0.26290303,1.0240705e-06,2.2737368e-13,0.0,0.0,0.0,0.0,0.0,0.0,0.0,0.0,0.0,0.0,0.0,0.0,0.0,0.0
-302.21338,196.52199,28.944275,2.1253188,4.1075896e-06,1.1368684e-13,0.0,0.0,0.0,0.0,0.0,0.0,0.0,0.0,0.0,0.0,0.0,0.0,0.0,0.0
-269.42218,97.49049,0.0,0.0,0.0,0.0,0.0,0.0,0.0,0.0,0.0,0.0,0.0,0.0,0.0,0.0,0.0,0.0,0.0,0.0
-214.99983,54.419605,39.21394,0.00013631253,1.1330599e-09,0.0,0.0,0.0,0.0,0.0,0.0,0.0,0.0,0.0,0.0,0.0,0.0,0.0,0.0,0.0
-274.97253,98.01363,47.28314,5.0636697,0.26113528,3.7233593e-07,1.4210855e-12,0.0,0.0,0.0,0.0,0.0,0.0,0.0,0.0,0.0,0.0,0.0,0.0,0.0
-291.5182,175.74443,36.84972,8.693265,0.03051858,0.0,0.0,0.0,0.0,0.0,0.0,0.0,0.0,0.0,0.0,0.0,0.0,0.0,0.0,0.0
-258.9384,140.45853,80.689606,0.4488769,0.0,7.8662595e-08,0.0032731553,0.0050389166,0.0008858105,1.0949044e-06,2.6147973e-12,5.684342e-14,0.0,0.0,0.0,0.0,0.0,0.0,0.0,0.0
-260.04892,78.82543,44.665615,1.2435439,0.0004313977,7.76713e-08,1.7394086e-11,0.0,0.0,0.0,0.0,0.0,0.0,0.0,0.0,0.0,0.0,0.0,5.684342e-14,5.684342e-14
-198.6809,80.73811,31.381496,3.180657e-05,2.444267e-12,0.0,0.0,0.0,0.0,0.0,0.0,0.0,0.0,0.0,0.0,0.0,0.0,0.0,0.0,0.0
-153.3163,32.834488,26.82503,0.130689,4.77823e-06,8.220695e-10,1.364242e-12,0.0,0.0,5.684342e-14,5.684342e-14,0.0,0.0,0.0,0.0,0.0,0.0,0.0,0.0,0.0
-282.81982,112.616554,59.656776,1.1013445,7.119374e-06,3.637979e-12,0.0,0.0,0.0,0.0,0.0,0.0,0.0,0.0,0.0,0.0,0.0,0.0,0.0,0.0
-160.3083,63.22875,24.684011,0.7583322,0.00029932175,1.7351454e-09,0.0,0.0,0.0,1.1368684e-13,0.0,0.0,0.0,0.0,0.0,0.0,0.0,0.0,0.0,0.0
-232.83133,77.78324,50.750793,5.0506086,0.66585946,0.07992071,0.00035969843,1.0430614e-07,1.114131e-11,1.1368684e-13,1.7053026e-13,0.0,0.0,1.7053026e-13,0.0,0.0,3.976602,0.0031581277,7.293909e-08,0.0
-248.69469,98.35623,62.17875,0.58595884,0.0022376021,0.015074255,0.00027555035,5.7631837e-09,0.0,0.0,0.0,0.0,0.0,0.0,0.0,0.0,0.0,0.0,0.0,0.0
-180.44836,58.99675,31.904945,0.0005682891,7.5544904e-11,0.0,0.0,0.0,0.0,0.0,0.0,0.0,0.0,0.0,0.0,0.0,0.0,0.0,0.0,0.0
-230.75392,95.72745,51.44859,0.0014977235,1.1564225e-09,0.0,0.0,5.684342e-14,0.0,0.0,5.684342e-14,0.0,0.0,0.0,0.0,0.0,0.0,0.0,0.0,0.0
-120.15706,24.893898,0.09213677,0.0,0.0,0.0,0.0,0.0,0.0,0.0,0.0,0.0,0.0,0.0,0.0,0.0,0.0,0.0,0.0,0.0
-222.0663,68.34697,69.724525,0.41840404,3.2346463e-07,5.1159077e-13,0.0,0.0,0.0,0.0,0.0,0.0,0.0,0.0,0.0,0.0,0.0,0.0,0.0,0.0
-266.88586,152.87756,44.26162,0.09973069,2.0654905e-05,1.5347723e-12,0.0,0.0,0.0,3.410605e-13,0.0,5.684342e-14,0.0,0.0,0.0,0.0,0.0,0.0,0.0,0.0
-265.62454,98.258575,61.827297,0.07351615,5.8731825e-06,5.3489657e-10,0.0,0.0,0.0,0.0,0.0,0.0,0.0,0.0,0.0,0.0,0.0,0.0,0.0,0.0
-309.245,175.53754,17.85197,1.1368684e-13,38.404743,11.230967,1.8921443,0.026011517,4.5474735e-13,0.0,0.0,0.0,0.0,0.0,0.0,0.0,0.0,0.0,0.0,0.0
-171.76202,70.00527,16.190052,0.00045015445,2.2737368e-13,0.0,0.0,5.684342e-14,0.0,0.0,0.0,0.0,0.0,0.0,0.0,0.0,0.0,3.9790393e-13,0.0,0.0
-239.16512,73.87093,28.437204,7.5108423,0.001826517,7.1911374e-05,6.501864e-09,5.684342e-14,0.0,0.0,0.0,0.0,0.0,0.0,0.0,0.0,0.0,0.0,5.684342e-14,0.0
-299.86725,145.0098,9.262294,0.0,0.0,0.0,0.0,0.0,0.0,0.0,0.0,0.0,0.0,0.0,0.0,0.0,0.0,0.0,0.0,0.0
-243.19504,117.01487,53.58057,0.00014779507,0.031096017,2.8838467e-06,0.000306722,4.1661857e-05,0.00022646964,0.0,0.0,0.0,0.0,0.0,0.0,0.0,0.0,0.0,0.0,0.0
-275.75638,118.700294,43.874928,4.730827,6.3050415e-05,3.8807002e-10,0.0,0.0,2.2737368e-13,0.0,0.0,0.0,0.0,0.0,0.0,0.0,0.0,0.0,0.0,0.0
-184.63423,51.711636,17.514448,11.637966,0.06889362,0.0,0.0,0.0,0.0,0.0,0.0,0.0,0.0,0.0,0.99495906,8.127927e-09,0.0,0.0,0.0,0.0
-204.8874,62.958397,49.23209,0.14359377,0.0,0.0,0.0,0.0,0.0,0.0,0.0,0.00045160903,0.0,0.0,0.0,0.0,0.0,0.0,0.0,0.0
-302.84348,211.47108,37.539948,2.0945385,8.8199275e-05,1.2686421e-05,2.548859e-09,1.364242e-12,2.7966962e-11,0.0,0.0,0.0,0.0,0.0,0.0,0.0,0.0,0.0,0.0,0.0
-328.9008,196.4994,4.710628,2.0102258,1.5810195,7.464711,5.7800856,4.956249,8.7490844e-05,8.146511,0.7089252,0.026575109,0.16309993,1.586543e-06,4.6156856e-11,0.0,0.0,5.684342e-14,0.0,0.0
-318.40433,159.01459,14.327499,0.0,0.0,0.0,0.0,0.0,0.0,0.0,0.0,0.0,0.0,0.0,0.0,0.0,0.0,0.0,0.0,0.0
-295.89087,176.25685,58.52684,1.0837624,0.0052439175,0.004941084,0.0010917223,0.00024014876,1.1794327e-08,0.9948006,0.00015074373,3.9796736,0.0001590232,0.0,0.0,0.0,0.0,0.0,0.0,0.0
-287.50125,143.97798,22.578413,30.086271,1.312299,0.00016641598,1.0008989e-09,5.684342e-14,0.0,0.0,0.0,0.0,0.0,0.0,0.0,0.0,0.0,0.0,0.0,0.0
-281.49286,181.13806,45.925304,7.06864,1.113168,7.2494116,0.19769013,5.395443,0.0782396,3.9800122,0.005404146,0.0014128089,0.48557907,0.00067740673,3.838816e-05,1.542736e-08,1.4126726e-09,3.9165116e-11,2.3874236e-12,0.0
-280.40012,115.81095,93.9469,0.00035416498,9.197265e-10,0.0,0.0,0.0,0.0,0.0,0.0,0.0,0.0,0.0,0.0,0.0,0.0,0.0,0.0,0.0
-314.9341,144.32268,35.916477,1.9002532,4.6915646,0.0,0.0,0.0,0.0,0.0,0.0,0.0,0.0,0.0,0.0,0.0,0.0,0.0,0.0,0.0
-348.20648,221.50925,0.0,0.0,0.0,0.0,0.0,0.0,0.0,0.0,0.0,0.0,0.0,0.0,0.0,0.0,0.0,0.0,0.0,0.0
-220.48552,96.47994,26.495827,0.0040291455,2.3408688e-09,0.0,0.0,0.0,0.0,0.0,0.0,0.0,0.0,0.0,0.0,0.0,0.0,0.0,0.0,0.0
-260.27444,55.102253,10.185427,7.489579,7.719176,0.7943294,2.843882,0.033100802,4.2765748e-07,2.842171e-14,0.0,0.0,0.0,0.0,0.0,0.0,0.0,0.0,0.0,0.0
-326.96582,182.21735,21.32921,0.042187955,0.0027192333,3.8233384e-06,1.3221779e-10,0.0,1.1368684e-13,0.0,0.0,0.0,0.0,0.0,0.0,0.0,0.0,0.0,0.0,0.0
-372.61343,191.42319,113.82686,0.5321349,0.0032971413,0.0,0.0,0.0,0.0,0.0,0.0,0.0,0.0,0.0,0.0,0.0,0.0,0.0,0.0,0.0
-261.7129,127.58229,43.257393,3.4024813,5.828611,0.0,0.0,0.0,0.0,0.0,0.0,0.0,0.0,0.0,0.0,0.0,0.0,0.0,0.0,0.0
-226.19626,88.25711,36.45309,0.0004858841,2.5511326e-10,1.7053026e-13,0.0,0.0,0.0,0.0,0.0,0.0,0.0,0.0,0.0,0.0,0.0,0.0,0.0,0.0
-226.70126,92.92044,0.28356472,0.0,23.041616,1.4979093,25.93258,2.4278665,0.005830528,1.9256277e-08,0.0,0.0,0.0,0.0,0.0,0.0,0.0,0.0,0.0,0.0
-301.46954,140.43982,90.96673,0.41620168,1.0579928e-06,1.1368684e-13,0.0,0.0,0.0,0.0,0.0,0.0,0.0,0.0,0.0,0.0,0.0,0.0,0.0,0.0
-307.4186,148.67209,72.92548,0.25219223,0.0025717344,3.0010824e-08,1.364242e-12,0.0,0.0,0.0,0.0,0.0,0.0,0.0,0.0,0.0,0.0,0.0,0.0,0.0
-395.5297,197.49359,90.38882,0.19237998,5.113219e-08,5.684342e-14,0.0,0.0,0.0,0.0,0.0,0.0,0.0,0.0,0.0,0.0,0.0,0.0,0.0,0.0
-330.67532,194.5234,1.0493385,0.0,0.0,0.0,0.0,0.0,0.0,0.0,0.0,0.0,0.0,0.0,0.0,0.0,0.0,0.0,0.0,0.0
-288.37842,81.62625,61.452118,0.034464046,0.002379075,2.397069e-06,1.0042299e-08,2.400483e-07,3.8653525e-12,0.0,0.0,0.0,0.0,2.842171e-14,0.0,0.0,0.0,0.0,2.842171e-14,0.0
-338.27908,210.49947,59.324245,2.7881732,2.3788596e-05,1.0288659e-11,0.0,0.0,0.0,0.0,5.684342e-14,0.0,0.0,0.0,0.0,0.0,0.0,0.0,0.0,0.0
-239.60466,84.185555,49.879116,0.074743465,6.495941e-08,1.1368684e-13,0.0,0.0,1.1368684e-13,0.0,0.0,0.0,0.0,0.0,0.0,0.0,0.0,0.0,5.684342e-14,0.0
-284.02072,135.51295,55.539566,11.115224,5.662701,0.0,0.0,0.0,0.0,0.0,0.0,0.0,0.0,0.0,0.0,0.0,0.0,0.0,0.0,0.0
-271.29712,188.67465,0.041024115,9.970336e-11,0.0,0.0,0.0,0.0,0.0,0.0,0.0,0.0,0.0,0.0,0.0,0.0,0.0,0.0,0.0,0.0
-344.00757,196.39462,2.233136,4.4262886,43.153324,1.73859,0.04194569,0.0,0.6760934,3.9806182,4.712941,8.53937,1.4579813,0.19684394,0.0029170555,4.704364e-05,0.00029431656,4.313484,4.5975614,0.79897904
-230.28575,83.2401,0.10458891,0.0,15.449503,1.8685825,10.247689,2.763049,0.1985353,15.812254,4.021315,0.05148804,0.0013662144,0.0,0.0,0.0,0.0,0.0,0.0,0.0
-356.3945,177.70973,95.10145,0.0069573177,5.2295945e-12,5.684342e-14,5.684342e-14,0.0,0.0,0.0,0.0,0.0,0.0,0.0,0.0,0.0,0.0,0.0,0.0,0.0
-338.41818,148.41591,96.26958,9.103201,0.049547087,0.009063762,1.484581e-05,2.2851054e-11,1.1368684e-13,0.0,0.0,0.0,0.0,0.0,0.0,0.0,0.0,0.0,0.0,0.0
-283.46515,117.46425,61.370075,6.124068,0.0052909534,10.448242,7.272181,20.253447,7.632775,0.0100081265,1.1068658e-05,2.5579538e-12,0.0,0.0,0.0,0.0,0.0,0.0,0.0,0.0
-330.4216,168.97066,5.0684485,0.0,0.0,0.0,0.0,0.0,0.0,0.0,0.0,0.0,8.954585,1.6334012e-05,0.0,0.0,0.0,0.0,0.0,0.0
-344.64456,228.63326,0.5570489,0.0,0.0,0.0,0.0,0.0,0.0,0.0,0.0,0.0,0.0,0.0,0.0,0.0,0.0,0.0,0.0,0.0
-361.85733,173.08347,0.0,0.0,0.0,0.0,0.0,0.0,0.0,0.0,0.0,0.0,0.0,0.0,0.0,0.0,0.0,0.0,0.0,0.0
-374.771,141.55573,107.06545,0.037643258,15.237778,0.83256733,0.0,0.0,0.0,0.00033092665,1.2374812e-10,0.00089655834,0.0,0.0,0.0,0.0,0.0,0.0,0.0,0.0
-425.54343,231.37543,0.489695,0.0,0.0,0.0,0.0,0.0,0.0,0.0,0.0,0.0,0.0,0.0,0.0,0.0,0.0,0.0,0.0,0.0
-309.22018,140.50153,6.2268386,38.248177,17.27192,3.411737,0.08470992,1.4510048e-05,2.3874236e-12,0.0,0.0,0.0,0.0,0.0,0.0,0.0,0.0,0.0,0.0,0.0
-306.826,152.35736,97.661415,3.7956686,0.0011497514,0.005822784,8.9382925,0.016798526,6.981855e-07,5.9424775e-07,1.1368684e-13,0.0,0.0,0.0,0.0,0.0,0.0,0.0,0.0,0.0
-291.2601,93.793564,32.391724,19.69588,0.07029338,0.1097309,9.72623e-07,2.9128984e-08,1.494982e-11,2.842171e-14,0.0,0.0,0.0,0.0,0.0,0.0,0.0,0.0,0.0,0.0
-379.84732,235.34035,38.5456,6.1687956,0.008739649,0.13084562,0.15690015,0.0004785135,2.6785623e-05,1.0999913e-06,1.1471002e-10,1.2505552e-12,5.684342e-13,0.0,0.0,0.0,0.0,0.0,0.0,0.0
-295.71964,160.98753,67.60547,0.46447426,5.8243074e-08,1.0402346e-11,0.0,0.0,0.0,0.0,0.0,0.0,0.0,5.684342e-14,0.0,0.0,0.0,0.0,0.0,0.0
-368.48254,244.05197,69.60066,0.10724546,3.1490745e-06,2.1312303e-09,1.1937118e-12,0.0,0.0,0.0,0.0,0.0,0.0,0.0,0.0,0.0,0.0,0.0,0.0,0.0
-320.81808,198.29749,1.0599566,0.0,0.0,0.0,0.0,0.0,0.0,0.0,0.0,0.0,0.0,0.0,0.0,0.0,0.0,0.0,0.0,0.0
-343.77676,204.2603,3.1560102,4.193101,0.9862772,0.3808553,5.4312506,0.068186894,16.773516,0.5602273,0.25694653,5.3373645e-07,3.9743466,2.9898598,3.967544,0.012736258,6.831254e-05,3.9795384,0.00028638952,8.2410236e-07
-310.43518,155.38225,7.4426594,1.0677323,3.5081484e-09,0.0,0.0,0.0,0.0,0.0,0.0,0.0,0.0,0.0,0.0,0.0,0.0,0.0,0.0,0.0
-328.10214,182.47173,41.14463,0.015753008,1.0026497e-08,3.2969183e-12,0.0,0.0,0.0,0.0,0.0,0.0,0.0,0.0,0.0,0.0,0.0,0.0,0.0,0.0
-350.4206,188.6232,36.54482,12.008382,0.00071480096,3.4077093e-05,1.1552773,0.0,0.0,0.0,0.0,19.074877,0.0,0.0,0.0,0.0,0.0,0.0,0.0,0.0
-328.77997,138.96382,72.57642,5.9706836,0.0002722153,0.0,0.0,0.0,0.0,0.0,0.0,0.0,0.0,0.0,0.0,0.0,0.0,0.0,0.0,0.0
-398.49234,230.8048,37.224224,0.063519284,7.5524545,0.0,0.0,0.0,0.0,0.0,0.0,0.0,0.0,0.0,0.0,0.0,0.0,0.0,0.0,0.0
-401.6796,220.3461,5.1103616,0.0,0.0,0.0,0.0,0.0,0.0,0.0,0.0,0.0,0.0,0.0,0.0,0.0,0.0,0.0,0.0,0.0
-400.97366,221.06706,57.744812,0.03398905,1.6892508,1.1034929,20.034742,0.0,0.0,0.0,0.0,0.0,0.0,0.0,0.0,0.0,8.2718543e-10,0.057157125,0.0,0.0
-400.05902,223.54602,0.0,0.0,0.0,0.0,0.0,0.0,0.0,0.0,0.0,0.0,0.0,0.0,0.0,0.0,0.0,0.0,0.0,0.0
-334.2477,203.83565,64.82759,0.046818793,0.017360697,2.8446445,0.0,0.06894114,0.0009459542,0.0,0.0,0.0,0.0,0.0,0.0,0.0,0.0,0.0,0.0,0.0
-351.02567,206.32019,0.54715925,2.842171e-14,0.0,0.0,0.0,0.0,0.0,0.0,0.0,0.0,0.0,0.0,0.0,0.0,0.0,0.0,0.0,0.0
-472.69608,230.14685,53.78467,15.463775,0.0010618798,0.32289848,0.66031444,0.013363094,3.5730119,0.20315437,0.0,0.00026809852,0.0004319105,0.0,5.165194e-06,0.0005409699,7.787548e-12,0.0,0.0,0.0
-339.58902,176.94458,7.7886963,0.10545643,0.0,0.0,0.0,0.0,0.0,0.0,0.0,0.0,0.0,0.0,0.0,0.0,0.0,0.0,0.0,0.0
-386.6126,247.71828,56.696476,11.406522,0.03194157,0.0016430954,0.11211555,1.3962774e-06,0.0010359505,0.0,0.0010339075,0.00037489558,1.2062173e-10,0.0,0.0012040584,2.2530914e-05,1.7607912e-05,1.9418849e-09,0.0,2.2737368e-13
-415.3371,276.61557,63.025414,0.0030916545,0.0001372572,0.0,0.0,0.0,0.12209133,5.684342e-14,0.0,0.0,0.0,0.00046247,0.02239946,0.0,0.0,0.0,0.0,0.0
-387.1993,216.52429,0.0,0.0,0.0,0.0,0.0,0.0,0.0,0.0,0.0,0.0,0.0,0.0,0.0,0.0,0.0,0.0,0.0,0.0
-358.94562,207.0425,2.366518,0.0,0.0,0.0,0.0,0.0,0.0,0.0,0.0,0.0,8.9545765,2.4682948e-05,0.0,0.0,0.0,0.0,0.0,0.0
-428.54758,217.01932,71.34864,21.987043,7.288899e-05,0.00013945143,2.6116421,0.0049979524,3.834657e-10,0.0,0.0,5.7323858e-05,7.090648e-10,1.1368684e-13,0.0,0.0,0.0,0.0,0.0,0.0
-389.2266,180.13622,20.457151,23.106085,0.0,0.0947661,1.5506387e-07,0.0,0.0,0.0,0.0,0.0,0.0,0.0,0.0,0.0,0.0,0.0,0.0,0.0
-382.19125,223.91568,77.9236,0.5330245,4.5474735e-13,0.0,0.0,0.0,0.0,0.0,0.0,0.0,0.0,0.0,0.0,0.0,0.0,0.0,0.0,0.0
-392.0254,241.05206,1.9254091,1.6705878,0.0,0.0,0.0,0.0,0.0,0.0,0.0,0.0,0.0,0.0,0.0,0.0,0.0,0.0,0.0,0.0
-445.23996,240.81522,68.3119,0.25398728,0.33969307,1.1368684e-13,0.0,0.019714002,0.0,0.0032793914,3.8317798e-05,0.0,0.0,0.0,0.0,0.0,0.0,0.0,0.0,0.0
-415.7969,275.5498,54.7035,0.030581646,0.0,0.0,0.0,0.0060922108,1.364242e-12,0.0,0.0,0.0,0.0,0.0,0.0,0.0,0.0,0.0,0.0,0.0
-403.79987,253.24193,0.0,1.2787478,9.732662e-07,0.0,0.0,0.0,0.0,0.0,0.0,0.0,0.0,0.0,0.0,0.0,0.0,0.0,0.0,0.0
-404.37204,227.37834,0.0,0.0,0.0,0.0,0.0,0.0,0.0,0.0,0.0,0.0,0.0,0.0,0.0,0.0,0.0,0.0,0.0,0.0
-417.12903,256.44644,17.02924,0.012668625,0.0,0.0,0.0,0.0,0.0,0.0,0.0,0.0,0.0,0.0,0.0,0.0,0.0,0.0,0.0,0.0
-399.2489,256.1348,47.82972,0.003998189,7.486286e-05,0.0,0.0036866795,0.00016713717,5.684342e-14,0.0,5.684342e-14,0.028817533,0.03502097,0.0,0.0,0.0,0.0,0.0,0.0,0.0
-428.52838,291.5326,46.110073,0.04678047,10.838901,0.0,0.0,0.0,0.0,0.0,0.0,0.0,0.0,0.0,0.0,0.0,0.0,0.0,0.0,0.0
-422.3005,284.59705,0.0,0.0029310135,2.0034263,0.0,0.0,0.0,0.0,0.0,0.0,0.0,0.0,0.0,0.0,0.0,0.0,0.0,0.0,0.0
-509.50287,288.35226,62.55791,0.000103190876,0.08232018,0.0,0.0,0.0,0.0,0.0,0.0,0.0,0.0,0.0,0.0,0.0,0.0,0.0,0.0,0.0
-424.8674,287.49594,0.0021195626,2.0591443,0.0,0.0,0.0,0.0,0.0,0.0,0.0,0.0,0.0,0.0,0.0,0.0,0.0,0.0,0.0,0.0
-397.03262,222.96622,0.0,0.0035658146,0.7309272,0.0,0.0,0.0,0.0,0.0,0.0,0.0,0.0,0.0,0.0,0.0,0.0,0.0,0.0,0.0
-387.49448,270.29486,17.69462,3.8292554e-05,0.030254837,0.0,0.0,0.0,0.0,0.0,0.0,0.0,0.0,0.0,0.0,0.0,0.0,0.0,0.0,0.0
-441.77118,240.2958,26.927876,0.02082119,0.84617615,0.0,0.0,0.0,0.0,0.0,0.0,0.0,0.0,0.0,0.0,0.0,0.0,0.0,0.0,0.0
-419.6359,252.25252,22.324478,4.227357,0.0,0.0,0.0,0.0,0.0,0.0,0.0,0.0,0.0,0.0,0.0,0.0,0.0,0.0,0.0,0.0
-421.14334,238.86545,0.0,0.0,0.0,0.0,0.0,0.0,0.0,0.0,0.0,0.0,0.0,0.0,0.0,0.0,0.0,0.0,0.0,0.0
-458.81107,254.43297,15.791737,0.0,0.0,0.0,0.0,0.0,0.0,0.0,0.0,0.0,0.0,0.0,0.0,0.0,0.0,0.0,0.0,0.0
-412.04245,240.3667,6.1151285,1.1170904e-05,0.0,0.0,0.0,0.0,0.0,0.0,0.0,0.0,0.0,0.0,0.0,0.0,0.0,0.0,0.0,0.0
-417.7201,222.00932,38.675827,0.14355455,0.16205524,0.0,0.0,0.0,0.0,0.0,0.0,0.0,0.0,0.0,0.0,0.0,0.0,0.0,0.0,0.0
-464.97495,305.7611,0.0,8.766284,0.0,0.0,0.0,0.0,0.0,0.0,0.0,0.0,0.0,0.0,0.0,0.0,0.0,0.0,0.0,0.0
-415.4992,238.94402,0.0,2.1272426,0.0,0.0,0.0,0.0,0.0,0.0,0.0,0.0,0.0,0.0,0.0,0.0,0.0,0.0,0.0,0.0
-452.09048,288.8974,20.576595,0.0,0.0,0.0,0.0,0.0,0.0,0.0,0.0,0.0,0.0,0.0,0.0,0.0,0.0,0.0,0.0,0.0
-430.63098,263.15744,27.90525,0.00012985269,2.012257e-11,0.0,0.7424216,0.0,0.0,0.0,0.0,0.0,0.0,0.0,0.0,0.0,0.0,0.0,0.0,0.0
-450.34338,220.19862,23.955933,0.1501137,0.0,0.026266493,5.869083e-11,0.0,0.0,0.0,0.0,0.0,0.0,0.0,0.0,0.0,0.0,0.0,0.0,0.0
-426.2956,223.13889,6.8684435,1.06900586e-07,0.0,0.11418704,0.0,0.0,0.0,0.0,0.0,0.0,0.0,0.0,0.0,0.0,0.0,0.0,0.0,0.0
-408.58475,234.83925,2.7625902e-11,5.570655e-12,0.0,2.7778177,0.0,0.0,0.0,0.0,0.0,0.0,0.0,0.0,0.0,0.0,0.0,0.0,0.0,0.0
-397.82422,178.02068,3.2648237,8.758826e-08,0.0,0.5332107,0.0,0.0,0.0,0.0,0.0,0.0,0.0,0.0,0.0,0.0,0.0,0.0,0.0,0.0
-456.22708,296.91885,0.0,0.0,0.0,0.0,0.0,0.0,0.0,0.0,0.0,0.0,0.0,0.0,0.0,0.0,0.0,0.0,0.0,0.0
-542.9301,309.73837,15.251618,4.318761e-05,0.0,0.63311034,0.0,0.0,0.0,0.0,0.0,0.0,0.0,0.0,0.0,0.0,0.0,0.0,0.0,0.0
-402.56467,228.84517,4.7382607,0.0,28.156776,2.421516e-06,1.1368684e-13,0.0,3.2513082,0.0,0.0,0.0,0.0,0.0,0.0,0.0,0.0,0.0,0.0,0.0
-426.28622,299.32468,12.965267,6.5318773e-09,0.0,4.199584,0.0,0.0,0.0,0.0,0.0,0.0,0.0,0.0,0.0,0.0,0.0,0.0,0.0,0.0
-398.01608,245.07085,0.043099247,0.0,8.919516,0.0,0.0,0.0,0.0,0.0,0.0,0.0,0.0,0.0,0.0,0.0,0.0,0.0,0.0,0.0
-392.19275,229.4729,0.0,0.0,0.0,0.0,0.0,0.0,0.0,0.0,0.0,0.0,0.0,0.0,0.0,0.0,0.0,0.0,0.0,0.0
-585.4189,277.0694,0.0,1.0930147,0.0,0.0,0.0,0.0,0.0,0.0,0.0,0.0,0.0,0.0,0.0,0.0,0.0,0.0,0.0,0.0
-480.51694,333.8894,0.0,38.3176,0.0,0.0,0.0,0.0,0.0,0.0,0.0,0.0,0.0,0.0,0.0,0.0,0.0,0.0,0.0,0.0
-466.3801,285.72388,1.1401634,0.0,0.0,0.0,0.0,0.0,0.0,0.0,0.0,0.0,0.0,0.0,0.0,0.0,0.0,0.0,0.0,0.0
-513.1239,350.90802,0.0,7.7370553,4.65036e-10,0.0,0.0,0.0,0.0,0.0,0.0,0.0,0.0,0.0,0.0,0.0,0.0,0.0,0.0,0.0
-430.65097,234.53194,0.0,0.656401,5.579466e-10,0.0,2.2520416,0.0,0.0,0.0,0.0,0.0,0.0,0.0,0.0,0.0,0.0,0.0,0.0,0.0
-447.22617,327.53238,0.0,1.034124,0.0,0.0,0.0,0.0,0.0,0.0,0.0,0.0,0.0,0.0,0.0,0.0,0.0,0.0,0.0,0.0
-406.6439,231.64401,6.1217046,1.844569e-11,0.0,0.0,0.0,0.0,0.0,0.0,0.0,0.0,0.0,0.0,0.0,0.0,0.0,0.0,0.0,0.0
-453.84692,268.90417,0.0,11.8154955,0.0,0.0,0.0,0.0,0.0,0.0,0.0,0.0,0.0,0.0,0.0,0.0,0.0,0.0,0.0,0.0
-408.26077,267.8985,0.0,1.0394628,0.0,0.0,0.0,0.0,0.0,0.0,0.0,0.0,0.0,0.0,0.0,0.0,0.0,0.0,0.0,0.0
-476.481,308.5255,2.462412,1.675728,1.6228796e-11,0.0,0.0,0.0,0.0,0.0,0.0,0.0,0.0,0.0,0.0,0.0,0.0,0.0,0.0,0.0
-409.30096,230.75296,11.976281,1.7053026e-13,0.0,0.03317814,0.0,0.0,0.0,0.0,0.0,0.0,0.0,0.0,0.0,0.0,0.0,0.0,0.0,0.0
-445.8062,268.75528,9.280461,0.0,2.8572443,0.0,0.0,0.0,0.0,0.0,0.0,0.0,0.0,0.0,0.0,0.0,0.0,0.0,0.0,0.0
-459.25925,276.62048,7.0878563,0.0,8.905714,0.00011830609,0.0,0.0,0.0,0.0,0.0,0.0,0.0,0.0,0.0,0.0,0.0,0.0,0.0,0.0
-531.0846,305.27588,2.114045,0.02186171,0.0,0.0,0.0,0.0,0.0,0.0,0.0,0.0,0.0,0.0,0.0,0.0,0.0,0.0,0.0,0.0
-590.3582,293.604,9.397651e-06,0.0,0.0,0.0,0.0,0.0,0.0,0.0,0.0,0.0,0.0,0.0,0.0,0.0,0.0,0.0,0.0,0.0
-403.52847,199.95403,0.38604417,1.0854648,0.0,0.0,0.0,0.0,0.0,0.0,0.0,0.0,0.0,0.0,0.0,0.0,0.0,0.0,0.0,0.0
-447.19562,203.44229,2.731648,0.0,24.819939,1.9326762e-11,0.0,0.0,0.0,0.0,0.0,0.0,0.0,0.0,0.0,0.0,0.0,0.0,0.0,0.0
-440.25296,278.6813,0.0,0.0,0.0,0.0,0.0,0.0,0.0,0.0,0.0,0.0,0.0,0.0,0.0,0.0,0.0,0.0,0.0,0.0
-475.23822,263.64136,2.677936,1.5231593,4.0112127e-09,0.0,0.0,0.0,0.0,0.0,0.0,0.0,0.0,0.0,0.0,0.0,0.0,0.0,0.0,0.0
-435.05035,244.69966,1.2533917e-08,0.0,0.2508041,0.0,0.0,0.0,0.0,0.0,0.0,0.0,0.0,0.0,0.0,0.0,0.0,0.0,0.0,0.0
-408.9723,252.96698,1.3611157e-09,0.0,0.0,0.0,0.0,0.0,0.0,0.0,0.0,0.0,0.0,0.0,0.0,0.0,0.0,0.0,0.0,0.0
-404.907,227.73643,0.0,0.0,0.0,1.9271153,0.0,0.0,0.0,0.0,0.0,0.0,0.0,0.0,0.0,0.0,0.0,0.0,0.0,0.0
-407.3118,271.1464,6.6188,0.0,11.046894,0.0006211858,0.0,0.060692526,0.0,0.0,0.0,0.0,0.0,0.0,0.0,0.0,0.0,0.0,0.0,0.0
-424.47693,212.77962,0.0,0.92733765,0.0,0.0,0.0,0.0,0.0,0.0,0.0,0.0,0.0,0.0,0.0,0.0,0.0,0.0,0.0,0.0
-437.73013,238.18623,12.202237,2.2473783,3.126388e-13,0.0,0.0,0.0,0.0,0.0,0.0,0.0,0.0,0.0,0.0,0.0,0.0,0.0,0.0,0.0
-413.12216,262.1496,2.4116216,0.0,5.640923,0.0,0.0,0.0,0.0,0.0,0.0,0.0,0.0,0.0,0.0,0.0,0.0,0.0,0.0,0.0
-452.2026,329.92267,1.4495072e-11,0.0,2.023712,0.0,0.0,0.0,0.0,0.0,0.0,0.0,0.0,0.0,0.0,0.0,0.0,0.0,0.0,0.0
-488.63977,321.71768,0.0,7.064163,0.0,0.0,0.0,0.0,0.0,0.0,0.0,0.0,0.0,0.0,0.0,0.0,0.0,0.0,0.0,0.0
-418.49042,251.1763,0.0,5.6199694,0.0,0.0,0.0,0.0,0.0,0.0,0.0,0.0,0.0,0.0,0.0,0.0,0.0,0.0,0.0,0.0
-472.90015,329.9301,0.0,0.008600126,0.0014122291,0.0,0.63537776,0.0,0.0,0.0,0.0,0.0,0.0,0.0,0.0,0.0,0.0,0.0,0.0,0.0
-486.55212,265.1343,0.0,0.0,0.0,0.0,0.0,0.0,0.0,0.0,0.015425485,4.0643044e-12,0.0,0.0,0.0,0.0,0.0,0.0,0.0,0.0
-466.75015,261.04626,0.0,35.904316,0.00015696682,0.0,0.0,0.0,0.0,0.0,0.0,0.0,0.0,0.0,0.0,0.0,0.0,0.0,0.0,0.0
-448.1737,263.66876,0.0,0.0,0.0,0.0,0.0,0.0,0.0,0.0,0.0,0.0,0.0,0.0,0.0,0.0,0.0,0.0,0.0,0.0
-416.8935,278.74268,1.902547,1.0868462e-10,0.0,7.5220466,0.0,0.0,0.0,0.0,0.0,0.0,0.0,0.0,0.0,0.0,0.0,0.0,0.0,0.0
-446.53,267.0514,8.229152,2.7133638e-09,0.0,0.42593887,0.0,0.0,0.0,0.0,0.0,0.0,0.0,0.0,4.963525,0.011265454,0.0,0.0,0.0,0.0
-443.86664,227.92194,0.90130675,2.1459212,8.269321e-07,0.0,3.4678178,0.0,0.0,0.0,0.0,0.0,0.0,0.0,0.0,0.0,0.0,0.0,0.0,0.0
-430.31204,274.39313,0.0,0.0,0.0,0.0,0.0,0.0,0.0,0.0,0.0,0.0,0.0,0.0,0.0,0.0,0.0,0.0,0.0,0.0
-510.379,336.95383,3.5787404,1.7934099e-11,0.0,3.7418196,0.0,0.0,0.0,0.0,0.0,0.0,0.0,0.0,0.0,0.0,0.0,0.0,0.0,0.0
-432.90204,251.56917,0.0,0.0,0.0,0.0,0.0,0.0,0.0,0.0,0.0,0.0,0.0,0.0,0.0,0.0,0.0,0.0,0.0,0.0
-428.7716,290.54907,2.288777,0.0,0.0,0.0,0.0,0.0,0.0,0.0,0.0,0.0,0.0,0.0,0.0,0.0,0.0,0.0,0.0,0.0
-419.93686,249.345,0.0,0.07805499,0.0,0.0,0.0,0.0,0.0,0.0,0.0,0.0,0.0,0.0,0.0,0.0,0.0,0.0,0.0,0.0
-492.23074,325.60785,0.21485624,1.152236e-08,0.0,11.499965,0.0,0.0,0.0,0.0,0.0,0.0,0.0,0.0,0.0,0.0,0.0,0.0,0.0,0.0
-461.52466,335.25906,0.0,0.0,0.0,0.0,2.7804728,0.0,0.0,0.0,0.0,0.0,0.0,0.0,0.0,0.0,0.0,0.0,0.0,0.0
-444.6515,289.1208,0.0,2.480876,0.0,0.0,0.0,0.0,0.0,0.0,0.0,0.0,0.0,0.0,0.0,0.0,0.0,0.0,0.0,0.0
-462.80728,326.35666,0.0,0.0,0.0,0.8184447,0.0,0.0,0.0,0.0,0.0,0.0,0.0,0.0,0.0,0.0,0.0,0.0,0.0,0.0
-437.1367,249.53445,0.0,0.0,0.6451595,0.0,0.0,0.0,0.0,0.0,0.0,0.0,0.0,0.0,0.0,0.0,0.0,0.0,0.0,0.0
-480.09668,276.57504,0.0,42.638367,6.934897e-12,0.0,0.0,0.0,0.0,0.0,0.0,0.0,0.0,0.0,0.0,0.0,0.0,0.0,0.0,0.0
-500.7561,300.5165,16.698175,5.063814,9.663381e-13,0.0,0.044531025,0.0,0.0,0.0,0.0,0.0,0.0,0.0,0.0,0.0,0.0,0.0,0.0,0.0
-558.03375,303.1941,0.0,4.9209323,0.0,0.0,0.0,0.0,0.0,0.0,0.0,0.0,0.0,0.0,0.0,0.0,0.0,0.0,0.0,0.0
-422.1604,276.18524,1.0595613e-10,0.0,5.7289104,0.0,0.0,0.0,0.0,0.0,0.0,0.0,0.0,0.0,0.0,0.0,0.0,0.0,0.0,0.0
-458.43735,297.96698,7.818005e-08,0.0,0.0,0.0,0.0,0.0,0.0,0.0,0.0,0.0,0.0,0.0,0.0,0.0,0.0,0.0,0.0,0.0
-464.03113,359.97296,0.0,0.0,0.0,0.0,0.0,0.0,0.0,0.0,0.0,0.0,0.0,0.0,0.0,0.0,0.0,0.0,0.0,0.0
-513.95135,292.22232,2.835455,0.18007357,0.0,13.0950775,1.945466e-09,0.0,0.0,0.0,0.036982108,2.5579538e-13,0.0,0.0,0.0,0.0,0.0,0.0,0.0,0.0
-445.3808,257.7746,0.0,0.0,0.0,0.0,0.0,0.0,0.0,0.0,0.0,0.0,0.0,0.0,0.0,0.0,0.0,0.0,0.0,0.0
-449.25455,314.8287,0.0,0.0,0.0,0.0,0.0,0.0,0.0,0.0,0.0,0.0,0.0,0.0,0.0,0.0,0.0,0.0,0.0,0.0
-479.738,297.7963,0.0,0.0,0.0,0.0,0.0,0.0,0.0,0.0,0.0,0.0,0.0,0.0,0.0,0.0,0.0,0.0,0.0,0.0
-429.59836,269.17593,2.7564485,0.0018725198,0.0,0.0,0.0,0.0,0.0,0.0,0.0,0.0,0.0,0.0,0.0,0.0,0.0,0.0,0.0,0.0
-459.7573,293.19397,0.0,1.2115432,0.0,0.0,0.0,0.0,0.0,0.0,0.0,0.0,0.0,0.0,0.0,0.0,0.0,0.0,0.0,0.0
-449.47427,308.11935,3.5793097,0.0,4.4744434,0.0,0.0,0.0,0.0,0.0,0.0,0.0,0.0,0.0,0.0,0.0,0.0,0.0,0.0,0.0
-397.47995,221.06848,8.745996,0.0,0.0,0.0,1.8043458,0.0,0.0,0.0,0.0,0.0,0.0,0.0,0.0,0.0,0.0,0.0,0.0,0.0
-453.8725,279.22046,11.65794,0.0,0.0,0.0,0.0,0.0,0.0,0.0,0.0,0.0,0.0,0.0,0.0,0.0,0.0,0.0,0.0,0.0
-391.35184,236.86717,0.0,0.0,0.0,0.0,0.0,0.0,0.0,0.0,0.0,0.0,0.0,0.0,0.0,0.0,0.0,0.0,0.0,0.0
-458.2737,301.652,0.0,0.0,0.0,0.0,0.0,0.0,0.0,0.0,0.0,0.0,0.0,0.0,0.0,0.0,0.0,0.0,0.0,0.0
-461.5197,279.3786,5.1668177,0.0,6.0249515,6.82121e-13,0.0,0.0,0.0,0.0,0.0,0.0,0.0,0.0,0.0,0.0,0.0,0.0,0.0,0.0
-446.843,255.44075,0.0,0.0,0.0,0.0,0.0,0.0,0.0,0.0,0.0,0.0,0.0,0.0,0.0,0.0,0.0,0.0,0.0,0.0
-473.89917,293.54776,3.0364864,0.0,0.40868214,0.0,0.0,0.0,0.0,0.0,0.0,0.0,0.0,0.0,0.0,0.0,0.0,0.0,0.0,0.0
-457.3745,257.84918,2.021352e-08,0.0,0.0,0.0,0.0,0.0,0.0,0.0,0.0,0.0,0.0,0.0,0.0,0.0,0.0,0.0,0.0,0.0
-426.04614,198.33333,0.0,114.76562,15.912857,1.1677876,0.74569947,0.00045123472,4.2164743e-08,0.0,0.60105157,6.413029e-05,0.0,1.7777008,3.5887126e-08,0.0,2.4361864e-06,0.0,0.0,0.0
-470.6961,276.20435,6.156168,0.0,0.0,0.0,0.0,0.0,0.0,0.0,0.0,0.0,0.0,0.0,0.0,0.0,0.0,0.0,0.0,0.0
-458.88074,258.82825,11.923217,1.0513958e-08,0.0,10.121423,0.0,0.0,0.0,0.0,0.0,0.0,0.0,0.0,0.0,0.0,0.0,0.0,0.0,0.0
-523.9075,326.88525,0.0,36.12434,1.6461854e-10,0.0,0.0,9.632618e-06,7.594281e-11,0.0,1.7996626e-10,0.0,3.410605e-13,0.0,0.0,0.0,0.0,0.0,0.0,0.0
-488.8592,240.34254,1.2732926e-11,0.0,1.0792928,0.0,0.0,0.0,0.0,0.0,0.0,0.0,0.0,0.0,0.0,0.0,0.0,0.0,0.0,0.0
-433.14606,242.70705,0.0,70.80461,0.0,0.0,0.0069155176,1.6490276e-10,0.0,1.9093704e-10,0.0,0.0,0.0,0.0,0.0,0.0,0.0,0.0,0.0,0.0
-420.14706,158.31,6.488703,0.0,0.0,0.0,0.0,0.0,0.0,0.0,0.0,0.0,0.0,0.0,0.0,0.0,0.0,0.0,0.0,0.0
-566.37476,338.0661,0.0,43.968624,1.3184263e-09,0.0,1.4337623e-05,0.0,0.0,0.0,0.0,0.0,0.0,0.0,0.0,0.0,0.0,0.0,0.0,0.0
-460.9635,294.9987,6.526477e-10,0.0,0.0,0.0,0.0,0.0,0.0,0.0,0.0,0.0,0.0,0.0,0.0,0.0,0.0,0.0,0.0,0.0
-422.57132,257.68103,0.0,0.0,0.0,0.0,0.0,0.0,0.0,0.0,0.0,0.067756854,0.0,0.0,0.0,0.0,0.0,0.0,0.0,0.0
-441.1,301.83652,0.5015415,3.7516656e-12,0.0,0.0,5.14601,2.4989049e-08,0.0,0.0,0.0,0.0,0.0,0.0,0.0,0.0,0.0,0.0,0.0,0.0
-505.1666,288.58945,0.0,17.63161,0.0,0.0,0.0,0.0,0.0,0.0,0.0,0.0,0.0,0.0,0.0,0.0,0.0,0.0,0.0,0.0
-433.7157,286.8952,0.0,0.0,0.0,0.0,0.0,0.0,0.0,0.0,0.0,0.0,0.0,0.0,0.0,0.0,0.0,0.0,0.0,0.0
-413.77466,217.38152,1.6403915e-06,0.0,0.0,0.0,0.0,0.0,0.0,0.0,0.0,0.0,0.0,0.0,0.0,0.0,0.0,0.0,0.0,0.0
-454.15427,285.4431,0.00021380182,0.0,0.0,0.0,0.0,0.0,0.0,0.0,0.0,0.0,0.0,0.0,0.0,0.0,0.0,0.0,0.0,0.0
-469.7832,307.66034,0.0,1.1368684e-13,0.0,2.4620128,0.0,0.0,0.0,0.0,0.0,0.0,0.0,0.0,0.0,0.0,0.0,0.0,0.0,0.0
-440.5484,198.89644,0.084561,0.0002693546,0.0,37.316196,9.474428e-07,0.0,0.0,0.0,4.2587757,0.014610423,0.0,0.0,0.0,0.0,0.0,0.0,0.0,0.0
-460.46356,261.45557,4.3225265,0.0,34.496986,0.0,0.0,1.03653974e-10,2.626166e-11,0.0,0.1606573,0.0,1.9895197e-13,0.0,0.0,0.0,0.0,0.0,0.0,0.0
-470.90237,255.75044,0.0,29.446903,0.0,0.0,0.0,0.0,0.0,0.0,0.0,0.0,0.0,0.0,0.0,0.0,0.0,0.0,0.0,0.0
-403.70123,214.03383,0.0,4.311791,0.0,0.0,0.0,0.0,0.0,0.0,0.0,0.0,0.0,0.0,0.0,0.0,0.0,0.0,0.0,0.0
-441.45584,255.0553,0.0,0.0,0.0,0.39957184,0.0,0.0,0.0,0.0,0.0,0.0,0.0,0.0,0.0,0.0,0.0,0.0,0.0,0.0
-472.98013,286.70572,1.4639887,0.008348955,0.0,3.4324634,0.0,0.0,0.0,0.0,0.0,0.0,0.0,0.0,0.0,0.0,0.0,0.0,0.0,0.0
-493.217,343.3369,0.36713192,2.111484e-05,0.0,0.0,0.0,0.0,0.0,0.0,0.0,0.0,0.0,0.0,0.0,0.0,0.0,0.0,0.0,0.0
-468.6138,306.76056,1.00158104e-10,0.0,0.0,0.0,0.0,0.0,0.0,0.0,0.0,0.0,0.0,0.0,0.0,0.0,0.0,0.0,0.0,0.0
-429.40274,286.903,3.150039,0.0,0.36027855,0.0,0.0,0.0,0.0,0.0,0.0,0.0,0.0,0.0,0.0,0.0,0.0,0.0,0.0,0.0
-488.37927,318.05014,1.3890439,0.0,14.019295,0.00015023384,0.0,0.0,0.0,0.0,0.0,0.0,0.0,0.0,0.0,0.0,0.0,0.0,0.0,0.0
-414.90686,205.20268,0.0423261,13.499699,0.2610949,0.067248054,0.0,0.13244821,0.0,0.0,0.0,0.0,0.0,0.0,0.0,0.0,0.0,0.0,0.0,0.0
-451.30167,282.2614,0.0,0.0,0.0,0.0,0.0,0.0,0.0,0.0,0.0,0.0,0.0,0.0,0.0,0.0,0.0,0.0,0.0,0.0
-433.48587,240.36314,0.0,22.810154,0.0005850094,0.0,0.42726937,0.0,0.0,0.0,0.0,0.0,0.0,0.0,0.0,0.0,0.0,0.0,0.0,0.0
-469.53796,267.62875,0.0,5.684342e-14,0.0,0.5537861,9.2882146e-11,0.0,0.08795177,0.0,0.0,6.252776e-13,0.0,0.0,0.0,0.0,0.0,0.0,0.0,0.0
-486.26462,305.35782,0.26101923,0.0,0.27843195,0.0,0.0,0.0,0.0,0.0,0.0,0.0,0.0,0.0,0.0,0.0,0.0,0.0,0.0,0.0
-391.61047,168.97902,0.0,6.206084,0.0,0.0,0.0,0.0,0.0,0.0,0.0,0.0,0.0,0.0,0.0,0.0,0.0,0.0,0.0,0.0
-483.45712,274.47867,86.598854,1.4640862e-05,0.0,4.561481e-06,1.0595062e-07,0.0,3.1226564e-06,0.0,5.462996e-05,1.1368684e-13,0.0,0.0,0.0,0.0,0.0,0.0,0.0,0.0
-504.15182,267.1383,0.0,0.0,0.0,0.0,0.0,0.0,0.0,0.0,0.0,0.0,0.0,0.0,0.0,0.0,0.0,0.0,0.0,0.0
-503.4821,341.0474,0.0,0.0,0.0,0.0,0.0,0.0,0.0,0.0,0.0,0.0,0.0,0.0,0.0,0.0,0.0,0.0,0.0,0.0
-530.10815,356.8204,0.0,0.0,0.0,0.0,0.0,0.0,0.0,0.0,0.0,0.0,0.0,0.0,0.0,0.0,0.0,0.0,0.0,0.0
-491.41888,336.11935,0.89167106,0.0,0.99411,0.0,0.0,0.0,0.0,0.0,0.0,0.0,0.0,0.0,0.0,0.0,0.0,0.0,0.0,0.0
-469.01468,241.77742,0.0,32.28169,8.0717655e-12,0.0,0.0,0.0,0.0,0.0,0.0,0.0,0.0,0.0,0.0,0.0,0.0,0.0,0.0,0.0
-423.70096,288.63272,0.13241212,0.0,12.784984,0.00942762,0.0,0.0,0.0,0.0,0.0,0.0,0.0,0.0,0.0,0.0,0.0,0.0,0.0,0.0
-460.12595,270.95206,0.0,0.0,0.5949063,0.0,0.0,0.0,0.0,0.0,0.0,0.0,0.0,0.0,0.0,0.0,0.0,0.0,0.0,0.0
-448.0805,299.14508,6.3067773e-10,0.0,20.653551,0.0004574259,0.0,0.0,0.0,0.0,0.0,0.0,0.0,0.0,0.0,0.0,0.0,0.0,0.0,0.0
-454.54608,284.11618,7.037215e-11,0.0,0.0,0.0,0.0,0.0,0.0,0.0,0.0,0.0,0.0,0.0,0.0,0.0,0.0,0.0,0.0,0.0
-450.9015,240.68912,0.558322,0.0,0.0,0.0,0.0,0.0,0.0,0.0,0.0,0.0,0.0,0.0,0.0,0.0,0.0,0.0,0.0,0.0
-576.1647,361.06238,0.7244269,1.0619639,0.0,0.0,0.0,0.0,0.0,0.0,0.0,0.0,0.0,0.0,0.0,0.0,0.0,0.0,0.0,0.0
-466.12872,277.88715,5.450225,0.9128595,6.82121e-13,4.5806975,0.0,1.9639885,0.0,0.0,0.0,0.0,0.0,0.0,0.0,0.0,0.0,0.0,0.0,0.0
-518.62866,316.18985,0.0989389,2.2363707e-08,0.0,15.681885,0.06764392,0.0,0.0,0.0,0.0,0.0,0.0,0.0,0.0,0.0,0.0,0.0,0.0,0.0
-460.00925,290.64645,4.7146077,5.265743,0.0,0.0,0.0,0.0,0.0,0.0,0.0,0.0,0.0,0.0,0.0,0.0,0.0,0.0,0.0,0.0
-443.6196,309.53442,0.0,11.899663,0.0,0.0,0.0,0.0,0.0,0.0,0.0,0.0,0.0,0.0,0.0,0.0,0.0,0.0,0.0,0.0
-470.24197,340.22278,0.0,16.423887,0.0,0.0,0.0,0.0,0.0,0.0,0.0,0.0,0.0,0.0,0.0,0.0,0.0,0.0,0.0,0.0
-354.29047,189.6558,4.09187,0.1853349,0.0,12.372514,2.4899987e-06,0.0,0.0,0.0,0.0,0.0,0.0,0.0,0.0,0.0,0.0,0.0,0.0,0.0
-455.65976,272.29703,0.0,10.497754,1.0921553e-08,0.0,0.0,0.0,0.0,0.0,0.0,0.0,0.0,0.0,0.0,0.0,0.0,0.0,0.0,0.0
-434.27753,205.00914,0.0,37.07012,0.0012889882,0.0,0.0,0.0,0.0,0.0,0.0,0.0,0.0,0.0,0.0,0.0,0.0,0.0,0.0,0.0
-433.63904,261.16418,5.1159077e-13,0.0,7.294261,0.0,0.0,0.0,0.0,0.0,0.0,0.0,0.0,0.0,0.0,0.0,0.0,0.0,0.0,0.0
-454.35526,285.0085,5.684342e-14,0.0,0.0,0.0,0.0068834987,4.51152e-09,0.0,0.73660207,0.0,0.0,0.0,0.0,0.0,0.0,0.0,0.0,0.0,0.0
-368.96982,218.22702,0.0,0.00047803283,0.000109754845,0.0,0.0,0.0,0.0,0.0,0.0,0.0,0.0,0.0,0.0,0.0,0.0,0.0,0.0,0.0
-447.73502,319.81732,0.0,24.77614,6.574936e-08,0.0,1.4332642e-07,0.0,0.0,0.0,0.0,0.0,0.0,0.0,0.0,0.0,0.0,0.0,0.0,0.0
-383.099,207.0036,0.0,35.159008,5.684342e-14,0.0,0.0,0.0,0.0,0.0,0.0,0.0,0.0,0.0,0.0,0.0,0.0,0.0,0.0,0.0
-438.64984,298.5216,0.0,48.59338,2.7807804e-05,0.0,5.429122e-05,5.684342e-14,0.0,0.0,0.0,0.0,0.0,0.0,0.0,0.0,0.0,0.0,0.0,0.0
-388.06125,215.13945,0.0,25.603586,5.046013e-08,0.0,0.0,0.0,0.0,0.0,0.0,0.0,0.0,0.0,0.0,0.0,0.0,0.0,0.0,0.0
-458.91394,222.12555,0.020649558,0.0,137.01752,0.13392738,0.0,0.022372456,0.0,0.0,0.0,0.0,0.0,0.0,0.0,0.0,0.0,0.0,0.0,0.0
-427.25357,218.90617,0.00361115,0.0,0.0,0.0,0.0,0.0,0.0,0.0,0.0,0.0,0.0,0.0,0.0,0.0,0.0,0.0,0.0,0.0
-437.8733,251.0728,10.533094,3.6738067,0.0,0.0,0.0,0.0,0.0,0.0,0.0,0.0,0.0,0.0,0.0,0.0,0.0,0.0,0.0,0.0
-451.276,278.5821,0.0,7.8482246,0.001026486,0.0,4.4974804,3.9790393e-13,0.0,0.0,0.0,0.0,0.0,0.0,0.0,0.0,0.0,0.0,0.0,0.0
-374.81546,205.82275,0.24822532,4.919686,3.6632073,6.808798e-07,0.0,4.069698,0.0,0.0,0.0,0.0,0.0,0.0,0.0,0.0,0.0,0.0,0.0,0.0
-416.37704,212.848,0.008154858,0.0,34.43487,9.108999e-08,0.0,3.6203248e-05,0.0,0.0,0.0,0.0,0.0,0.0,0.0,0.0,0.0,0.0,0.0,0.0
-486.43707,282.2422,0.0,0.0,0.0,0.0,0.0,0.0,0.0,0.0,0.0,0.0,0.0,0.0,0.0,0.0,0.0,0.0,0.0,0.0
-463.99323,282.31885,0.0,1.5065547,0.0,0.0,0.0,0.0,0.0,0.0,0.0,0.0,0.0,0.0,0.0,0.0,0.0,0.0,0.0,0.0
-412.07492,222.99622,0.0,0.0,0.50851345,3.640821e-11,0.0,0.0,0.0,0.0,0.0,0.0,0.0,0.0,0.0,0.0,0.0,0.0,0.0,0.0
-436.4102,253.4357,0.0,13.264286,2.0475511e-08,0.0,0.46753013,0.0,0.0,0.0,0.0,0.0,0.0,0.0,0.0,0.0,0.0,0.0,0.0,0.0
-387.9019,209.41711,0.0,19.947458,0.0,0.0,19.045422,1.6268586e-10,0.0,0.015729235,1.1827734e-07,0.0,0.00043612422,0.0,0.0,4.825438e-10,0.0,0.0,0.0,0.0
-468.27274,283.47006,4.3278856,0.0,0.0,0.0,0.0,0.0,0.0,0.0,0.0,0.0,0.0,0.0,0.0,0.0,0.0,0.0,0.0,0.0
-435.01233,252.17688,0.9298103,0.3739738,0.0,0.0,0.0,0.0,0.0,0.0,0.0,0.0,0.0,0.0,0.0,0.0,0.0,0.0,0.0,0.0
-467.92166,266.53738,0.0,25.0,0.0089062685,0.0,0.0,0.0,0.0,0.0,0.0,0.0,0.0,0.0,0.0,0.0,0.0,0.0,0.0,0.0
-584.8255,345.009,0.0006824716,0.0,114.35158,0.06009519,0.0,0.0022061532,0.0,0.0,0.0,0.0,0.0,0.0,0.0,0.0,0.0,0.0,0.0,0.0
-464.55273,316.55768,1.2812155,0.0,35.61293,0.0,2.6545877e-11,5.684342e-14,0.0,1.0675414,0.0,0.0,0.0,0.0,0.0,0.0,0.0,0.0,0.0,0.0
-418.2491,217.22432,0.0,31.14535,2.2099562e-07,0.0,0.0,0.0,0.0,0.0,0.0,0.0,0.0,0.0,0.0,0.0,0.0,0.0,0.0,0.0
-413.82272,277.52972,0.0,0.37685513,0.0,0.0,0.0,0.0,0.0,0.0,0.0,0.0,0.0,0.0,0.0,0.0,0.0,0.0,0.0,0.0
-495.1254,247.0343,0.0,0.0,0.0,0.0,0.0,0.0,0.0,0.0,0.0,0.0,0.0,0.0,0.0,0.0,0.0,0.0,0.0,0.0
-422.65808,241.06502,5.104539e-11,0.0,4.264428,0.0,0.0,0.0,0.0,0.0,0.0,0.0,0.0,0.0,0.0,0.0,0.99420804,0.00075100403,0.0,0.0
-444.13766,271.2307,0.0,0.0,0.0,0.0,0.0,0.0,0.0,0.0,0.0,0.0,0.0,0.0,0.0,0.0,0.0,0.0,0.0,0.0
-447.00757,243.14241,0.031074159,1.7053026e-12,0.0,1.1368684e-13,0.0,1.4002657,0.0,0.0,0.0,0.0,0.0,0.0,0.0,0.0,0.0,0.0,0.0,0.0
-488.80368,265.45227,2.1070838,5.1907983,0.0,4.9084277,1.6346993e-07,0.0,0.0,1.4086297,0.0,0.0,0.0,0.0,0.0,0.0,0.0,0.0,0.0,0.0
-536.90546,351.05383,0.0,0.0,0.0,0.0,0.0,0.0,0.0,0.0,0.0,0.0,0.0,0.0,0.0,0.0,0.0,0.0,0.0,0.0
-489.58127,309.4839,0.0,21.570534,5.2011524e-06,0.0,0.0,0.0,0.0,0.0,0.0,0.0,0.0,0.0,0.0,0.0,0.0,0.0,0.0,0.0
-427.60297,218.76144,3.272011,3.6531477,14.473762,2.842171e-14,11.728368,6.764367e-12,0.0,0.0,0.0,0.0,0.0,0.0,0.0,0.0,0.0,0.0,0.0,0.0
-450.94223,245.01399,0.0,0.46888453,0.14761257,0.0,3.7079036,2.842171e-14,0.0,0.0,0.0,0.0,0.0,0.0,0.0,0.0,0.0,0.0,0.0,0.0
-433.36725,243.26544,0.00045987417,0.0,0.0,0.0,0.0,0.0,0.0,0.0,0.0,0.0,0.0,0.0,0.0,0.0,0.0,0.0,0.0,0.0
-485.10608,282.88437,1.0993507,0.22578596,0.0,0.0,0.0,5.540636,0.01519851,0.0,0.5538052,0.0,0.0,0.0,0.0,0.0,0.0,0.0,0.0,0.0
-451.5686,289.80258,0.0,0.0084889205,0.0,0.0,0.0,0.0,0.0,0.0,0.0,0.0,0.0,0.0,0.0,0.0,0.0,0.0,0.0,0.0
-450.97574,286.39633,4.8466205e-08,0.0,1.3147067,3.922196e-11,0.0,0.23665662,0.0,0.0,0.0,0.0,0.0,0.0,0.0,0.0,0.0,0.0,0.0,0.0
-476.4816,289.41284,0.0,19.455975,0.0028271738,0.0,0.0,0.0,0.0,0.0,0.0,0.0,0.0,0.0,0.0,0.0,0.0,0.0,0.0,0.0
-422.46292,289.5055,0.0,8.8962965,0.0002999915,0.0,5.684342e-14,0.0,0.16034523,0.0,0.0,0.0,0.0,0.0,0.0,0.0,0.0,0.0,0.0,0.0
-447.55316,294.5231,1.1801357,4.1592135,0.0,18.68827,0.010442544,0.0,0.008713827,0.0,0.0,0.0,0.0,0.0,0.0,0.0,0.0,0.0,0.0,0.0
-463.0387,237.13101,23.35907,0.0,10.701865,1.1577299e-08,0.0,0.37061876,0.0,0.0,0.0,0.0,0.0,0.0,0.0,0.0,0.0,0.0,0.0,0.0
-576.2967,342.81622,6.016314,0.0,83.42394,2.912207e-05,0.0,0.0032489898,5.684342e-14,0.0,0.013350036,1.3017143e-11,0.0,5.684342e-14,0.0,0.0,0.0,4.1766893e-05,3.7289283e-11,0.0
-500.155,304.3415,0.0,0.42692506,0.0,0.0,0.0,0.0,0.0,0.0,0.0,0.0,0.0,0.0,0.0,0.0,0.0,0.0,0.0,0.0
-496.11212,323.36703,7.0420165,0.0,5.355757,0.0,0.0,0.0,0.0,0.0,0.0,0.0,0.0,0.0,0.0,0.0,0.0,0.0,0.0,0.0
-497.69666,270.98627,0.0,19.213478,0.00041291045,0.0,14.830761,0.0,0.0,0.0,0.0,0.0,0.0,0.0,0.0,0.0,0.0,0.0,0.0,0.0
-439.00497,251.36217,0.047809936,0.0,0.589473,0.0,0.0,0.0,0.0,0.0,0.0,0.0,0.0,0.0,0.0,0.0,0.0,0.0,0.0,0.0
-416.81424,208.0943,3.0848395e-07,0.0,0.32071778,0.0,0.0,0.0,0.0,0.0,0.0,0.0,0.0,0.0,0.0,0.0,0.0,0.0,0.0,0.0
-462.9295,261.37848,9.570001e-05,0.0,0.0,0.0,0.0,0.0,0.0,0.0,0.0,0.0,0.0,0.0,0.0,0.0,0.0,0.0,0.0,0.0
-449.0452,289.62173,0.0,0.0,0.0,0.0,0.0,0.0,0.0,0.0,0.0,0.0,0.0,0.0,0.0,0.0,0.01023002,0.0,0.0,0.0
-459.9867,298.52307,4.403791,0.0,26.513992,1.3462677e-06,0.0,5.0942216,0.0,0.0,0.0,0.0,0.0,0.0,0.0,0.0,0.0,0.0,0.0,0.0
-429.4456,277.08987,0.0,5.684342e-14,0.0,1.1751515,2.769118e-07,0.0,0.0,0.0,0.0,0.0,0.0,0.0,0.0,0.0,0.0,0.0,0.0,0.0
-528.7452,333.73257,0.0,0.0,2.7658126,0.0,0.0,0.0,0.0,0.0,0.0,0.0,0.0,0.0,0.0,0.0,0.0,0.0,0.0,0.0
-466.9169,286.33658,0.0,0.0,0.0,0.0,0.0,0.0,0.0,0.0,0.0,0.0,0.0,0.0,0.0,0.0,0.0,0.0,0.0,0.0
-429.5267,291.6199,0.0,0.5127499,0.0,0.0,0.0,0.0,0.0,0.0,0.0,0.0,0.0,0.0,0.0,0.0,0.0,0.0,0.0,0.0
-389.8618,207.08301,1.2676082e-11,7.9891186,0.0,0.0,0.0,0.0,0.0,0.0,0.0,0.0,0.0,0.0,0.0,0.0,0.0,0.0,0.0,0.0
-462.55008,312.97495,0.0,0.0,4.9728546,0.0,0.0,0.0,0.0,0.0,0.0,0.0,0.0,0.0,0.0,0.0,0.0,0.0,0.0,0.0
-531.9401,323.69418,0.0,0.0,0.0,0.0,0.0,0.0,0.0,0.0,0.0,0.0,0.0,0.0,0.0,0.0,0.0,0.0,0.0,0.0
-486.31177,257.36505,0.018522425,0.0,83.64698,0.0074937735,0.0,0.00034214873,0.0,0.0,7.474062e-06,0.0,0.0,0.0,0.0,0.0,0.0,0.0,0.0,0.0
-495.8987,309.27487,7.7928367,0.0,6.5546417,0.0,0.0,0.0,0.0,0.0,0.0,0.0,0.0,0.0,0.0,0.0,0.0,0.0,0.0,0.0
-452.69662,230.27457,2.590553,4.6778526,0.0,16.949621,9.666508e-10,0.0,0.13601555,0.0,0.0,0.0,0.0,0.0,1.834353e-06,4.215454e-07,0.0,0.0,0.0,0.0
-496.10565,336.6904,0.0,21.731737,1.080025e-12,0.0,0.7566692,0.0,0.0,0.0,0.0,0.0,0.0,0.0,0.0,0.0,0.0,0.0,0.0,0.0
-405.12625,218.90236,30.728888,7.7889075e-05,0.0,26.79587,7.816368e-09,0.0,0.797173,0.0,0.0,0.0,0.0,0.0,0.0,0.0,0.0,0.0,0.0,0.0
-472.60706,276.9482,1.8899426e-06,0.0,0.81629485,0.0,0.0,0.0,0.0,0.0,0.0,0.0,0.0,0.0,0.0,0.0,0.0,0.0,0.0,0.0
-450.15646,272.65308,1.9403266,3.1164464e-07,0.43476683,4.6045378e-07,0.0,0.079486266,9.87427e-10,0.0,0.0,0.0,0.0,0.0,0.0,0.0,0.0,0.0,0.0,0.0
-398.10626,214.45367,4.140318,0.0,0.0,7.6920867,0.0,0.0,0.0,0.0,0.0,0.0,0.0,0.0,0.0,0.0,0.0,0.0,0.0,0.0
-465.99796,246.32758,3.608619,0.0,0.24998716,0.0,0.0,0.0,0.0,0.0,0.0,0.0,0.0,0.0,0.0,0.0,0.0,0.0,0.0,0.0
-445.25403,302.0065,0.0,0.0,0.0,1.2319588e-06,2.2660595e-07,0.0,0.0,4.793741,7.9580786e-13,0.0,0.0,0.0,0.0,0.0,0.0,0.0,0.0,0.0
-409.53214,244.91823,0.0,12.318186,3.1443633e-05,0.0,0.036971282,0.0,0.0,0.0,0.0,0.0,0.0,0.0,0.0,0.0,0.0,0.0,0.0,0.0
-454.8146,227.09593,0.010215189,0.66552603,0.0,0.0,8.441867,0.0,0.0,0.0,0.0,0.0,0.0,0.0,0.0,0.0,0.0,0.0,0.0,0.0
-473.09955,270.35788,0.9921537,1.3843899,0.0,4.8851304,0.0,0.0,0.0,9.862333e-12,3.524292e-12,0.0,0.0049348944,0.001862692,0.0,0.1542009,0.0,0.0,0.0,0.0
-408.58936,223.5723,3.6636408e-08,2.540939,8.663142,9.757173e-11,0.0,0.0,0.0,0.0,0.0,0.0,0.0,0.0,0.0,0.0,0.0,0.0,0.0,0.0
-492.93207,296.2363,0.0,0.0,0.0,0.0,0.0,0.0,0.0,0.0,0.0,0.0,0.0,0.0,0.0,0.0,0.0,0.0,0.0,0.0
-441.06082,302.06558,0.0,0.0,0.0,0.11411356,0.0,0.0,0.018647453,5.684342e-14,0.0,7.3896445e-13,0.0,0.0,0.0,0.0,0.0,0.0,0.0,0.0
-367.45602,203.95923,0.0,4.9124045,0.0,0.0,0.0,0.0,0.0,0.0,0.0,0.0,0.0,0.0,0.0,0.0,0.0,0.0,0.0,0.0
-489.73245,298.64896,1.0005867e-05,0.84439164,0.0,0.0,0.0,2.9997487,0.0,0.0,0.0,0.0,0.0,0.0,0.0,0.0,0.0,0.0,0.0,0.0
-510.34674,296.46533,5.684342e-14,0.0,0.0,0.0,0.0,0.0,0.0,0.0,0.0,0.0,21.330585,0.003913452,0.0,0.0,0.0,0.0,0.0,0.0
-506.69748,241.17973,2.3364919e-09,0.0,28.779173,0.00012615083,0.0,2.4360766,0.0,0.0,0.0,0.0,0.0,0.0,0.0,0.0,0.0,0.0,0.0,0.0
-451.08203,293.71417,9.446268e-09,0.0,11.409059,1.0755103e-05,0.0,0.08598522,0.01382556,0.0,0.81108415,0.0,0.0,0.0,0.0,0.0,0.0,0.0,0.0,0.0
-520.04315,288.64313,0.0,21.849783,2.0209487e-07,0.0,0.0,0.0,0.0,0.0,0.0,0.0,0.0,0.0,0.0,0.0,0.0,0.0,0.0,0.0
-342.59216,199.78448,2.96223,0.0,5.164877e-05,1.3564215e-05,0.0,4.699827,0.0,0.0,0.0,0.0,0.0,0.0,0.0,0.0,0.0,0.0,0.0,0.0
-445.1791,211.29915,4.276007,0.0,0.0,0.0,0.0,0.0,0.0,0.0,0.64011157,0.0,0.0,0.0,0.0,0.0,0.0,0.0,0.0,0.0
-419.0564,294.60425,0.0,0.007895505,0.0014447505,0.0,0.9454479,0.0,0.0,0.0,0.0,0.0,0.0,0.0,0.0,0.0,0.0,0.0,0.0,0.0
-442.01825,261.50815,1.1222973,0.0,1.4210855e-13,0.0,7.963523,0.0,0.0,0.0,0.0,0.0,0.0,0.0,0.0,0.0,0.0,0.0,0.0,0.0
-477.16122,284.55624,1.7053026e-10,0.0,0.0,0.0,0.0,0.0,0.0,0.0,0.0,0.0,0.0,0.0,0.0,0.0,0.0,0.0,0.0,0.0
-518.045,326.83566,0.0,1.0225906,0.0,0.0,0.0,0.0,0.0,0.0,0.0,0.0,0.0,0.0,0.0,0.0,0.0,0.0,0.0,0.0
-433.92166,279.74973,0.0,0.03989256,5.684342e-14,0.0,0.0,0.0,0.0,0.0,0.0,0.0,0.0,0.0,0.0,0.0,0.0,0.0,0.0,0.0
-429.32767,247.21933,3.126388e-13,0.6882986,0.0,0.8810203,0.0,0.0,0.0,0.0,0.0,0.0,0.0,0.0,0.0,0.0,0.0,0.0,0.0,0.0
-404.3665,220.9775,4.610108,0.0,0.0,0.0,0.0,0.059807148,1.0658141e-10,0.0,0.0,0.0,0.0,0.0,0.0,0.0,0.0,0.0,0.0,0.0
-442.45642,238.54247,3.5584364,0.0,4.1774564,1.1687333e-05,0.0,0.0,0.0,0.0,0.0,0.0,0.0,0.0,0.0,0.0,0.0,0.0,0.0,0.0
-460.52975,229.35185,0.0,8.969942,6.7075234e-12,0.0,0.0,0.0,0.0,0.0,0.0,0.0,0.0,0.0,0.0,0.0,0.0,0.0,0.0,0.0
-461.94177,320.78207,9.0873544e-07,0.0,22.515425,0.0,0.0,0.0,0.0,0.0,0.0,0.010321331,7.730705e-11,0.0,3.5640824e-10,0.0,0.0,0.0,0.0,0.0
-486.99973,298.49512,0.0,0.09122847,0.0,0.0,0.0,0.0,0.0,0.0,0.0,0.0,0.0,0.0,0.0,0.0,0.0,0.0,0.0,0.0
-507.5057,290.57077,2.0621026,0.0,13.167412,4.2291504e-11,0.0,3.515425e-05,0.0,0.0,0.0,0.0,0.0,0.0,0.0,0.0,0.0,0.0,0.0,0.0
-562.4968,355.71082,0.0,11.018535,0.0,0.0,0.0,0.0,0.0,0.0,0.0,0.0,0.0,0.0,0.0,0.0,0.0,0.0,0.0,0.0
-448.90775,300.25842,0.0,0.0,0.0,0.0,0.0,0.0,0.0,0.0,0.0,0.0,0.0,0.85881436,0.0,0.0,0.0,0.0,0.0,0.0
-588.67505,368.22546,0.0,0.0,0.0,0.0,0.0,0.0,0.0,0.0,0.0,0.0,0.0,0.0,0.0,0.0,0.0,0.0,0.0,0.0
-450.94675,255.50342,2.0995117e-10,0.0,60.59561,0.0047460524,0.0,0.0,0.0,0.00053639855,1.2846613e-11,0.0,5.546781e-10,1.5870683e-10,0.0,0.00043873372,0.0,0.0,2.6147973e-12,0.0
-384.31982,239.65894,4.0849147,0.0,0.0,0.0,0.0,0.0,0.0,0.0,0.0,0.0,0.0,0.0,0.0,0.0,0.0,0.0,0.0,0.0
-470.1503,355.56384,0.0,1.4087511,0.0,0.0,0.0,0.0,0.0,0.0,0.0,0.0,0.0,0.0,0.0,0.0,0.0,0.0,0.0,0.0
-458.89758,248.40874,0.0,0.0,0.0,0.0,0.0,0.0,3.971516e-08,1.2181687e-08,0.0,0.0,0.71831065,0.0,0.0,0.0,0.0,0.0,0.0,0.0
-468.39816,278.62457,0.0,8.365429,3.478715e-08,0.0,0.0,0.0,0.22748515,0.0,0.0,0.0,0.0,0.0,0.0,0.0,0.0,0.0,0.0,0.0
-489.59387,266.68,0.0,13.598362,0.028842105,0.0,0.42816687,0.0,0.0,0.0,0.0,0.0,0.0,0.0,0.0,0.0,0.0,0.0,0.0,0.0
-453.4736,259.93665,0.0,36.071754,2.9558578e-12,0.0,0.34578878,0.0,0.0,0.0,0.0,0.0,0.0,0.0,0.0,0.0,0.0,0.0,0.0,0.0
-464.2808,229.7132,0.87084585,2.504633,3.3899245,0.16984834,4.0838295e-06,0.0,48.355785,0.37602454,0.0,0.0,0.0,0.0,0.0,0.0,0.0,0.0,0.0,0.0
-511.12042,355.10587,0.0,28.405024,4.6672454e-07,0.0,0.9472387,0.0,0.0,0.0,0.0,0.0,0.0,0.0,0.0,0.0,0.0,0.0,0.0,0.0
-391.9276,236.63757,3.9567964,0.0,0.0,0.0,2.1593065,1.6983677e-08,0.0,0.0,0.0,0.0,0.0,0.0,0.0,0.0,0.0,0.0,0.0,0.0
-450.80597,296.99176,0.0,0.4636292,0.0,0.0,1.2268515e-09,2.9930902e-10,0.0,2.7357807,0.0,0.0,0.0,0.0,0.0,0.0,0.0,0.0,0.0,0.0
-436.2711,273.6947,0.27158797,0.0,0.0,0.0,0.0,0.0,0.0,0.0,0.0,0.0,0.0,0.0,0.0,0.0,0.0,0.0,0.0,0.0
-399.44168,240.30545,0.0,7.995099,4.689582e-12,0.0,0.0,0.0,0.0,0.0,0.0,0.0,0.0,0.0,0.0,0.0,0.0,0.0,0.0,0.0
-441.2725,310.21066,0.0,0.0,2.0697324,0.0,0.0,0.0,0.0,0.0,0.0,0.0,0.0,0.0,0.0,0.0,0.0,0.0,0.0,0.0
-478.65094,320.82507,0.0,3.086068,0.0,0.0,0.0,0.0,0.0,0.0,0.0,0.0,0.0,0.0,0.0,0.0,0.0,0.0,0.0,0.0
-547.22797,367.03262,0.0,0.0,0.0,0.0,0.0,0.0,0.0,0.0,0.0,0.0,0.0,0.0,0.0,0.0,0.0,0.0,0.0,0.0
-424.83704,259.0477,0.0,5.1511683,0.0,0.0,0.0,0.0,0.0,0.0,0.0,0.0,0.0,0.0,0.0,0.0,0.0,0.0,0.0,0.0
-437.56934,320.8623,0.0,5.5548444,2.167394e-08,0.0,0.0,0.0,0.0,0.0,0.0,0.0,0.0,0.0,0.0,0.0,0.0,0.0,0.0,0.0
-457.2365,303.0632,0.0024123136,0.0,27.552235,0.0068165977,0.0,0.44221303,0.0,0.0,0.0,0.0,0.0,0.0,0.0,0.0,0.0,0.0,0.0,0.0
-363.31882,219.3428,0.76443875,0.0,13.691017,1.4584886e-06,0.0,7.1392984,0.0,0.0,0.0,0.0,0.0,0.0,0.0,0.0,0.0,0.0,0.0,0.0
-489.50156,276.6326,0.0,0.0,1.2024463,2.6657574e-09,0.0,0.0,0.0,0.0,0.0,0.0,0.0,0.0,0.0,0.0,0.0,0.0,0.0,0.0
-454.89,275.83948,1.7532065,4.01833,7.836733e-05,0.0,0.0,0.0,0.0,0.0,0.0,0.0,0.0,0.0,0.0,0.0,0.0,0.0,0.0,0.0
-459.03088,267.84818,1.9895197e-09,0.0,2.6033418,0.0,0.0,0.0,0.0,0.0,0.0,0.0,0.0,0.0,0.0,0.0,0.0,0.0,0.0,0.0
-475.15482,274.8356,3.2920544,0.0,15.819519,0.00067426375,0.0,0.0,0.0,0.0,0.0,0.0,0.0,0.0,0.0,0.0,0.0,0.0,0.0,0.0
-413.3489,201.6964,0.11035738,0.0,0.0,0.22195828,0.0,0.0,0.0,0.0,0.0,0.0,0.0,0.0,0.0,0.0,0.0,0.0,0.0,0.0
-516.58594,341.0549,0.0,0.12172006,0.0,0.0,0.0,0.0,0.0,0.0,0.0,0.0,0.0,0.0,0.0,0.0,0.0,0.0,0.0,0.0
-399.0618,238.8913,0.0,6.3542886,1.2901029e-07,0.0,0.0,0.009935971,0.0022602966,0.0,7.7498565,0.0,0.0,0.0,0.0,0.0,0.0,0.0,0.0,0.0
-456.8582,298.5023,5.129614e-05,0.0,0.80202305,0.0,0.0,0.0,0.0,0.0,0.0,0.0,0.0,0.0,0.0,0.0,0.0,0.0,0.0,0.0
-470.14435,328.7608,0.0,5.408301,6.286882e-11,0.0,0.0,0.0,0.0,0.0,0.0,0.0,0.0,0.0,0.0,0.0,0.0,0.0,0.0,0.0
-484.5751,243.67465,0.0,75.0143,3.0385108e-05,0.0,5.055387e-07,2.3322855e-10,0.0,8.770213e-05,0.0,0.0,0.0,0.0,0.0,0.0,0.0,0.0,0.0,0.0
-448.9485,275.22427,0.0,0.0,0.41975552,0.0,0.0,0.0,0.0,0.0,0.0,0.0,0.0,0.0,0.0,0.0,0.0,0.0,0.0,0.0
-486.74292,323.29648,0.0,8.568343e-07,9.921223e-08,0.0,0.004033833,0.0,0.0,0.0,0.0,0.0,0.0,0.0,0.0,0.0,0.0,0.0,0.0,0.0
-447.2234,301.68347,0.0,5.295132,0.0,0.0,0.0,0.0,0.0,0.0,0.0,0.0,0.0,0.0,0.0,0.0,0.0,0.0,0.0,0.0
-480.13745,284.6171,0.0,12.879402,0.0002872846,0.0,0.0,0.0,0.0,0.0,0.0,0.0,0.0,0.0,0.0,0.0,0.0,0.0,0.0,0.0
-501.38324,286.98743,1.6862899,0.0,4.049525e-08,4.5906745e-09,0.0,0.09303337,0.0,0.0,0.0,0.0,0.0,0.0,0.0,0.0,0.0,0.0,0.0,0.0
-441.10858,233.66788,0.0,20.34532,1.6541435e-11,0.0,2.418733,1.364242e-12,0.0,0.0,0.0,0.0,0.0,0.0,0.0,0.0,0.0,0.0,0.0,0.0
-476.06915,361.41327,0.0,13.11355,1.8682806e-07,0.0,0.0,0.0,0.0,0.0,0.0,0.0,0.0,0.0,0.0,0.0,0.0,0.0,0.0,0.0
-406.95074,204.53511,4.288224,0.0,3.9355085,2.4238034e-09,0.0,8.563254,0.0,0.0,5.519496e-11,0.0,0.0,0.0,0.0,0.0,0.0,0.0,0.0,0.0
-418.909,222.92226,0.2967871,8.454365e-07,0.0,0.0,0.0,0.0,0.0,0.0,0.0,0.0,0.0,0.0,0.0,0.0,0.0,0.0,0.0,0.0
-424.38766,226.58205,0.0,0.0,0.0,0.0,0.0,0.0,0.0,0.0,0.0,0.0,0.0,0.0,0.0,0.0,0.0,0.0,0.0,0.0
-403.3162,222.40477,0.22553457,2.8990144e-12,6.4239674,7.1175924e-07,0.0,0.0,0.0,0.0,0.0,0.0,0.0,0.0,0.0,0.0,0.0,0.0,0.0,0.0
-455.4515,294.45618,0.0,0.0,0.0,0.0,0.0,0.0,0.0,0.0,0.0,0.0,0.0,0.0,0.0,0.0,0.0,0.0,0.0,0.0
-465.59464,268.25912,0.0,0.0,0.0,0.0,0.0,0.0,0.0,0.0,0.0,0.0,0.0,0.0,0.0,0.0,0.0,0.0,0.0,0.0
-486.15698,266.75388,16.99421,0.0,0.0,0.0,0.0,0.0,0.0,0.0,0.0,0.0,0.0,0.0,0.0,0.0,0.0,0.0,0.0,0.0
-435.61197,259.10336,0.0,0.0,0.0,0.0,0.0,0.0,0.0,0.0,0.0,0.0,0.0,0.0,0.0,0.0,0.0,0.0,0.0,0.0
-446.40775,206.64934,0.0,0.0,0.0,0.0,0.0,0.0,0.0,0.0,0.0,0.0,0.0,0.0,0.0,0.0,0.0,0.0,0.0,0.0
-465.98254,268.8568,0.0,0.0,0.0,2.842171e-14,0.0,0.014744433,0.0,0.0,0.0,0.0,0.0,0.0,0.0,0.0,0.0,0.0,0.0,0.0
-397.9037,226.90428,2.6633616e-05,0.0,0.0,1.1369183,0.0,0.0,1.3983194,3.0979663e-11,0.0,0.010268462,0.0,0.0,0.0,0.0,0.0,0.0,0.0,0.0
-526.6591,256.25916,0.0,1.1368684e-13,0.0,0.48924395,0.0,0.0,0.0,0.0,0.0,0.0,0.0,0.0,0.0,0.0,0.0,0.0,0.0,0.0
-488.74466,286.98203,0.009719068,0.0,0.0,0.0,0.0,0.0,0.0,0.0,0.0,0.0,0.0,0.0,0.0,0.0,0.0,0.0,0.0,0.0
-470.71133,274.86966,0.0,9.201555,3.1675484e-08,0.0,2.3815691,0.0,0.0,0.0,0.0,0.0,0.0,0.0,0.0,0.0,0.0,0.0,0.0,0.0
-537.27686,350.34735,0.0,0.0,15.96321,0.0,0.0,0.0,0.0,0.0,0.0,0.0,0.0,0.0,0.0,0.0,0.0,0.0,0.0,0.0
-502.79523,326.86108,0.0,65.99908,8.2366455e-08,0.0,0.0073981024,0.0,0.0,0.0,0.0,0.0,0.0,0.0,0.0,0.0,0.0,0.0,0.0,0.0
-429.67383,239.95473,8.409648,0.0,21.924433,7.607099e-08,0.0,2.2463028,0.0,0.0,0.0,0.0,0.0,0.0,0.0,0.0,0.0,0.0,0.0,0.0
-405.7224,112.36965,0.08464622,0.0,8.65405,0.00013496696,0.0,0.0,0.0,0.0,0.0,0.0,0.0,0.0,0.0,0.0,0.0,0.0,0.0,0.0
-440.87494,300.5431,4.5081925,3.9675133,0.0,6.5100875,0.0,0.0,0.0,0.0,0.0,0.0,0.0,0.0,0.0,0.0,0.0,0.0,0.0,0.0
-470.958,317.7109,0.0007045183,0.0,0.0,0.0,0.0,0.0,0.0,0.0,0.0,0.0,0.0,0.0,0.0,0.0,0.0,0.0,0.0,0.0
-464.71347,301.15714,4.1760984e-08,0.0,2.5755434,9.312089e-10,0.0,0.0,0.0,0.0,0.0,0.0,0.0,0.0,0.0,0.0,0.0,0.0,0.0,0.0
-440.272,289.76917,1.3298001,4.196114,9.885215,1.2743714,0.0,34.84252,1.119929e-08,0.0,0.0,0.0,0.0,0.0,0.0,0.0,0.0,0.0,0.0,0.0
-446.46338,208.12762,4.4039702,0.0,0.0,0.0,0.0,0.0,0.0,0.0,0.0,0.0,0.0,0.0,0.0,0.0,0.0,0.0,0.0,0.0
-496.32367,293.70056,0.0,11.08368,0.0,0.5996013,5.9564254e-06,0.0,0.086064234,0.0,0.0,0.0,0.0,0.0,0.0,0.0,0.0,0.0,0.0,0.0
-473.8044,277.179,1.8232054,0.0,26.98313,1.3734315e-06,0.0,0.0,0.0,0.0,0.0,0.0,0.0,0.0,0.0,0.0,0.0,0.0,0.0,0.0
-433.41116,251.34082,2.9033217e-05,0.0,7.280223,5.10322e-05,0.0,0.0,0.0,0.0,0.0,0.0,0.0,0.0,0.0,0.0,0.0,0.0,0.0,0.0
-460.38898,280.15982,5.684342e-14,20.118124,0.000103246195,0.0,0.77106506,0.0,0.0,0.0,0.0,0.0,0.0,0.0,0.0,0.0,0.0,0.0,0.0,0.0
-442.26294,234.06361,0.0,11.045403,4.3722537e-09,0.0,0.0,0.0,0.0,0.0,0.0,0.0,0.0,0.0,0.0,0.0,0.0,0.0,0.0,0.0
-476.84152,278.76486,3.126388e-13,0.0,15.951885,1.6208901e-09,0.0,0.0,0.0,0.0,0.0,0.0,0.0,0.0,0.0,0.0,0.0,0.0,0.0,0.0
-367.9195,199.3912,6.069037,0.0,42.79433,1.8223432e-09,0.0,0.0,0.0,0.0,0.0,0.0,0.0,0.0,0.0,0.0,0.0,0.0,0.0,0.0
-377.74042,268.99628,0.0,0.0,0.0,0.0,0.0,0.0,0.0,0.0,0.0,0.0,0.0,0.0,0.0,0.0,0.0,0.0,0.0,0.0
-459.91617,357.30798,0.0,4.748318,0.0,0.0,0.0,0.0,0.0,0.0,0.0,0.0,0.0,0.0,0.0,0.0,0.0,0.0,0.0,0.0
-552.6921,307.7117,0.0,0.0,0.0,0.0,0.0,0.0,0.0,0.0,0.0,0.0,0.0,0.0,0.0,0.0,0.0,0.0,0.0,0.0
-472.0034,303.77188,0.000279214,1.1081872,1.2950455,0.0,17.702345,7.39135e-10,0.0,9.088564,0.0,0.0,0.0,0.0,0.0,0.0,0.0,0.0,0.0,0.0
-396.2743,243.43826,5.7111244,4.0500936e-11,0.0,7.1509514,6.2084644e-07,0.0,0.8805853,0.0,0.0,0.0,0.0,0.0,0.0,0.0,0.0,0.0,0.0,0.0
-449.23196,258.72522,0.18674362,0.0,0.0,18.960344,1.12976295e-10,0.0,0.0,0.0,0.0,0.0,0.0,0.0,0.0,0.0,0.0,0.0,0.0,0.0
-411.12885,251.05745,2.5571861,0.0,0.0,0.0,0.0,0.0,0.0,0.0,0.0,0.0,0.0,0.0,0.0,0.0,0.0,0.0,0.0,0.0
-503.25754,288.9257,0.7783848,1.5436578e-06,0.0,0.0,0.0,0.0,0.0,0.0,0.0,0.0,0.0,0.0,0.0,0.0,0.0,0.0,0.0,0.0
-397.8609,218.52078,0.0,0.0,0.0,0.0,0.0,0.0,0.0,0.0,0.0,0.0,0.0,0.0,0.0,0.0,0.0,0.0,0.0,0.0
-455.7713,266.45108,0.0,0.0,0.0,0.0,0.0,0.0,0.0,0.0,0.0,0.0,0.0,0.0,0.0,0.0,0.0,0.0,0.0,0.0
-486.86624,265.37704,2.5434588e-10,0.0,19.23198,0.0,0.0,1.3335767,2.842171e-14,0.0,0.0,0.0,0.0,0.0,0.0,0.0,0.0,0.0,0.0,0.0
-478.82196,285.785,0.0,3.900312,0.0,0.0,0.0,0.0,0.0,0.0,0.0,0.0,0.0,0.0,0.0,0.0,0.0,0.0,0.0,0.0
-450.06207,290.35977,0.00024820893,0.0,0.49283642,0.0,0.0,0.0,0.0,0.0,0.0,0.0,0.0,0.0,0.0,0.0,0.0,0.0,0.0,0.0
-449.1966,285.0307,0.0,2.2440414,1.9098604e-07,0.0,0.0,0.0,0.0,0.0,0.0,0.0,0.0,0.0,0.0,0.0,0.0,0.0,0.0,0.0
-440.66177,261.00244,2.2154723e-10,0.0,0.0,0.0,0.0,0.0,1.0670835,0.0,0.0,0.0,0.0,0.0,0.0,0.0,0.0,0.0,0.0,0.0
-467.0209,314.31613,1.3995098,0.0,31.618967,3.9790393e-13,0.0,0.5814204,0.0,0.0,0.0,0.0,0.0,0.0,0.0,0.0,0.0,0.0,0.0,0.0
-485.08536,281.8079,0.0,46.8585,0.0031800242,0.0,0.0,0.2082392,0.0,0.0,0.0,0.0,0.0,0.0,0.0,0.0,0.0,0.0,0.0,0.0
-439.65103,270.31592,0.0,0.0,0.0,0.0,0.0,0.0,0.0,0.0,0.0,0.0,0.0,0.0,0.0,0.0,0.0,0.0,0.0,0.0
-415.8146,211.37292,1.9838353e-11,0.0,32.760635,6.0254024e-12,0.0,0.10139239,0.0053096013,0.0,15.3640375,0.0,0.0,0.0,0.0,0.0,0.0,0.0,0.0,0.0
-423.3416,265.3895,0.0,0.0,0.0,0.0,0.0,0.0,0.0,0.0,0.0,0.0,0.0,0.0,0.0,0.0,0.0,0.0,0.0,0.0
-433.0024,207.55229,1.086036,2.1031773,0.00036222526,0.0,0.0,0.0,0.0,0.0,0.0,0.0,0.0,0.0,0.0,0.0,0.0,0.0,0.0,0.0
-535.55054,335.36133,7.21343e-09,0.0,0.0,0.0,0.0,0.0,0.0,0.0,0.0,0.0,0.0,0.0,0.0,0.0,0.0,0.0,0.0,0.0
-440.54367,236.18854,0.0,2.842171e-14,0.0,0.019852243,0.0,0.0,0.0,0.0,0.0,0.0,0.0,0.0,0.0,0.0,0.0,0.0,0.0,0.0
-461.7216,275.62433,0.081257835,0.0,67.889465,5.403699e-07,0.0,0.00013933757,0.0,0.0,0.0,0.0,0.0,0.0,0.0,0.0,0.0,0.0,0.0,0.0
-427.42944,243.09895,1.4921334e-06,4.204412,1.3951331e-05,0.0,0.0,0.0,0.0,0.0,0.0,0.0,0.0,0.0,0.0,0.0,0.0,0.0,0.0,0.0
-444.30026,281.65842,1.87547,0.0,0.88534623,3.7488746e-08,0.0,0.24739157,0.0,0.0,0.0,0.0,0.0,0.0,0.0,0.0,0.0,0.0,0.0,0.0
-554.18243,264.79175,10.309122,2.0457379e-05,0.0,51.2666,0.000477566,0.0,0.24912366,0.0,0.0,0.0,0.0,0.0,0.0,0.0,0.0,0.0,0.0,0.0
-415.57025,227.32724,2.9031863,0.0,8.441826,2.842171e-14,0.0,0.0,0.0,0.0,0.0,0.0,0.0,0.0,0.0,0.0,0.0,0.0,0.0,0.0
-513.9209,327.07742,0.0,0.0,0.0,0.0,0.0,0.0,0.0,0.0,0.0,0.0,0.0,0.0,0.0,0.0,0.0,0.0,0.0,0.0
-442.26956,234.90442,0.0,13.341562,0.0008234364,0.0,0.0,0.0,0.0,0.0,0.0,0.0,0.0,0.0,0.0,0.0,0.0,0.0,0.0,0.0
-472.70502,299.83093,0.0,12.05665,2.3744627e-05,0.0,0.058621183,0.0,0.0,0.0,0.0,0.0,0.0,0.0,0.0,0.0,0.0,0.0,0.0,0.0
-406.04257,199.81152,4.0300617,0.00015820938,5.8975854,0.0,6.4513474,8.526513e-13,0.0,0.0,0.0,0.0,0.0,0.0,0.0,0.0,0.0,0.0,0.0,0.0
-539.18365,308.3886,0.0,107.313446,0.031932995,0.0,0.0013799294,0.0,0.0004280227,1.3352519e-10,0.0,0.0006876615,7.063363e-10,0.0,0.0,0.0,6.252776e-13,1.7053026e-13,0.0,1.9895197e-12
-462.1889,259.46887,0.0,0.0,0.0,0.0,0.0,0.0,0.0,0.0,0.0,0.0,0.0,0.0,0.0,0.0,0.0,0.0,0.0,0.0
-427.79697,228.91602,1.4907562,2.0196467e-10,0.0,0.0,0.0,0.0,0.0,0.0,0.0,0.0,0.0,0.0,0.0,0.0,0.0,0.0,0.0,0.0
-452.91333,258.1124,0.0,30.715328,8.379384e-06,0.0,2.7119675,0.0,0.0,0.0,0.0,0.0,0.0,0.0,0.0,0.0,0.0,0.0,0.0,0.0
-420.60492,219.16855,0.0,88.84563,0.08690424,0.0,0.004083423,5.684342e-14,0.0,0.010588304,0.0,0.0,0.0,0.0,0.0,0.0,0.0,0.0,0.0,0.0
-521.1567,305.50687,3.1179127e-08,0.0,5.669243,0.0,0.0,0.0,0.0,0.0,0.0,0.0,0.0,0.0,0.0,0.0,0.0,0.0,0.0,0.0
-424.1772,253.09918,0.0,19.323858,3.1932927e-09,0.0,0.0049324892,9.66935e-10,0.0,0.0,0.0,0.0,0.0,0.0,0.0,0.0,0.0,0.0,0.0,0.0
-467.72162,224.82996,0.0,82.63383,0.040066402,0.0,0.049625903,0.0,0.0,0.0,0.0,0.0,0.0,0.0,0.0,0.0,0.0,0.0,0.0,0.0
-455.2483,268.97443,2.9627712,0.0,33.99669,2.842171e-14,0.0,0.70258373,0.0,0.0,0.0,0.0,0.0,0.0,0.0,0.0,0.0,0.0,0.0,0.0
-496.93176,298.35007,0.0,43.38984,0.34225494,0.0,1.6939163,5.5570183e-08,0.0,0.03796117,0.0,0.0,0.0,0.0,0.0,0.0,0.0,0.0,0.0,0.0
-452.0409,260.41147,0.0,0.0,0.0,0.0,0.0,0.0,0.0,0.0,0.0,0.0,0.0,0.0,0.0,0.0,0.0,0.0,0.0,0.0
-429.40637,259.86526,0.0,0.952937,0.0,0.0,0.0,0.0,0.0,0.0,0.0,0.0,0.0,0.0,0.0,0.0,0.0,0.0,0.0,0.0
-415.98367,234.11565,0.0,3.2355897,0.0,0.0,0.0,0.0,0.0,0.0,0.0,0.0,0.0,0.0,0.0,0.0,0.0,0.0,0.0,0.0
-478.79507,299.9938,0.0,0.0,0.0,0.0,0.0,0.0,0.0,0.0,0.0,0.0,0.0,0.0,0.0,0.0,0.0,0.0,0.0,0.0
-434.94626,245.64893,12.964756,0.0,45.89768,3.518079e-08,0.0,0.0,0.0,0.0,0.0,0.0,0.0,0.0,0.0,0.0,0.0,0.0,0.0,0.0
-469.1484,230.79926,7.0737305,0.0,10.709261,5.570655e-12,0.0,0.0,0.0,0.0,0.0,0.0,0.0,0.0,0.0,0.0,0.0,0.0,0.0,0.0
-577.67944,273.62802,0.0,85.39756,2.170354e-06,0.0,8.5774824e-05,0.0,0.00024546584,0.0,0.0,5.498248e-06,0.0,0.0,0.0,0.0,0.0,0.0,0.0,0.0
-489.58966,330.61682,0.0,5.684342e-14,0.0,0.4202741,0.0,0.0,0.0,0.0,0.0,0.0,0.0,0.0,0.0,0.0,0.0,0.0,0.0,0.0
-438.96722,252.62651,0.0,0.0,0.008312977,0.0,0.0,0.0,0.0,0.0,0.0,0.0,0.0,0.0,0.0,0.0,0.0,0.0,0.0,0.0
-394.10394,232.42253,2.2737368e-13,0.0,7.236159,6.821608e-09,0.0,0.28047392,0.0,0.0,0.0,0.0,0.0,0.0,0.0,0.0,0.0,0.0,0.0,0.0
-441.73465,292.60846,3.4106051e-12,0.0,0.0,0.0,0.0,0.0,0.0,0.0,0.0,0.0,0.0,0.0,0.0,0.0,0.0,0.0,0.0,0.0
-421.81592,255.49252,0.0,0.0,0.0,0.0,0.0,0.0,0.0,0.0,0.0,0.0,0.0,0.0,0.0,0.0,0.0,0.0,0.0,0.0
-480.84146,305.03745,0.0,0.0,19.844084,2.6676616e-10,0.0,0.0,0.0,0.0,0.0,0.0,0.0,0.0,0.0,0.0,0.0,0.0,0.0,0.0
-392.9199,247.47571,3.89889e-10,3.3067155,0.0006344763,0.0,0.0,0.0,1.0244853,0.0,0.0,0.0,0.0,0.0,0.0,0.0,0.0,0.0,0.0,0.0
-448.1753,225.78949,0.000121104036,0.0,2.2147064,0.0,0.0,0.0,0.0,0.0,0.0,0.0,0.0,0.0,0.0,0.0,0.0,0.0,0.0,0.0
-460.04822,263.97433,0.0,0.0,0.0,10.971183,1.8758328e-12,0.0,0.0,0.0,0.0,0.0,0.0,0.0,0.0,0.0,2.5615797,4.357824e-06,0.0,0.0
-402.03058,224.04944,0.0,3.034627,0.0,0.0,0.0,0.0,0.0,0.0,0.0,0.0,0.0,0.0,0.0,0.0,0.0,0.0,0.0,0.0
-416.4422,216.50914,0.60028386,3.602607e-07,0.0,0.7021458,0.0,0.0,0.0,0.0,0.0,0.0,0.0,0.0,0.0,0.0,0.0,0.0,0.0,0.0
-449.5419,191.9338,0.0,0.0,0.0,0.0,0.0,0.0,0.0,0.0,0.0,0.0,0.0,0.0,0.0,0.0,0.0,0.0,0.0,0.0
-459.90118,306.46378,0.045627378,0.0,14.418229,1.5677551e-06,0.0,0.14453429,0.0,0.0,0.0,0.0,0.0,0.0,0.0,0.0,0.0,0.0,0.0,0.0
-449.18137,307.6432,2.2418005,0.0,24.527704,0.0004083558,0.0,0.0,0.0,0.0,0.0,0.0,0.0,0.0,0.0,0.0,0.0,0.0,0.0,0.0
-449.1655,261.74326,0.0,0.0,0.37169704,0.0,0.0,0.0,0.0,0.0,0.0,0.0,0.0,0.0,0.0,0.0,0.0,0.0,0.0,0.0
-502.47205,333.76163,5.684342e-14,0.0,0.0,0.0,0.1630565,0.0,0.0,0.0,0.0,0.0,0.0,0.0,0.0,0.0,0.0,0.0,0.0,0.0
-492.74933,357.82397,0.0,3.5118384,9.0221874e-10,0.0,0.0,0.0,0.0,0.0,0.0,0.0,0.0,0.0,0.0,0.0,0.0,0.0,0.0,0.0
-490.59558,289.41064,0.0,4.399736,3.0979095e-09,0.0,0.0,0.0,0.0,0.0,0.0,0.0,0.0,0.0,0.0,0.0,0.0,0.0,0.0,0.0
-441.7012,241.82071,0.0,0.0,0.002728422,0.00048755502,0.0,0.15054081,0.0,0.0,0.0,0.0,0.0,0.0,0.0,0.0,0.0,0.0,0.0,0.0
-562.7336,271.89255,0.0,80.673096,0.00028013485,0.0,0.27401307,2.0179414e-12,0.0,4.3894167,0.0,0.0,0.0,5.243265e-07,1.1905058e-07,0.0,9.787846e-05,0.0,0.0,0.0
-476.07553,289.23654,0.0,9.365108,5.1863935e-10,0.0,0.0,0.0,0.0,0.0,0.0,0.0,0.0,0.0,0.0,0.0,0.0,0.0,0.0,0.0
-396.17908,234.77048,0.0,4.1243477,3.9449333e-11,0.0,0.0,0.0,0.0,0.0,0.0,0.0,0.0,0.0,0.0,0.0,0.0,0.0,0.0,0.0
-438.2769,237.80415,7.994771e-09,0.0,0.0,0.0,0.0,0.0,0.0,0.0,0.0,0.0,0.0,0.0,0.0,0.0,0.0,0.0,0.0,0.0
-439.38025,288.6463,0.0,0.0,0.0,0.0,0.0,0.0,0.0,0.0,0.0,0.0,0.0,0.0,0.0,0.0,0.0,0.0,0.0,0.0
-484.92883,282.98697,1.2937549,0.0,0.41657853,3.9193878e-07,0.0,0.11320146,0.0,0.0,0.0,0.0,0.0,0.0,0.0,0.0,0.0,0.0,0.0,0.0
-605.4611,248.85968,0.0,0.0,0.0,6.1039896,9.094947e-13,0.0,0.0,0.0,0.0,0.0,0.0,0.0,0.0,0.0,0.0,0.0,0.0,0.0
-448.18143,271.815,0.42329827,0.0,0.0,2.5297008,0.0,0.0,0.0,0.0,0.0,0.0,0.0,0.0,0.0,0.0,0.0,0.0,0.0,0.0
-485.68063,286.79932,0.0,8.947082,1.1628542e-06,0.0,0.069624655,0.0,0.0,0.0,0.0,0.0,0.0,0.0,0.0,0.0,0.0,0.0,0.0,0.0
-407.33487,215.31218,8.435108,0.0,0.0,0.0,0.0,0.0,0.0,0.0,0.0,0.0,0.0,0.0,0.0,0.0,0.0,0.0,0.0,0.0
-445.17273,251.30338,120.29914,1.9086092,0.1306918,0.007891038,0.0012171027,0.00010965848,0.00038464414,0.00013305811,3.15774e-05,7.5874595e-10,0.0,0.005078165,5.8876492e-05,0.0,0.017652415,3.7291386e-08,0.0,1.0969648
-449.12573,300.54785,5.684342e-14,0.0,0.0,0.0,0.27606377,4.5474735e-13,0.0,0.05190876,0.0,0.0,0.0,0.0,0.0,0.0,0.0,0.0,0.0,0.0
-587.556,263.8314,0.041698635,0.0,0.0,0.0,0.0,0.0,0.0,0.0,0.0,0.0,0.0,0.0,0.0,0.0,0.0,0.0,0.0,0.0
-433.09308,192.83168,0.0,0.0,0.0,1.4381235,0.0,0.0,0.0,0.0,0.0,0.0,0.0,0.0,0.0,0.0,0.0,0.0,0.0,0.0
-437.61432,281.66907,0.0,20.411264,0.0014780321,0.0,0.42415792,0.0,0.0,0.0,0.0,0.0,0.0,0.0,0.0,0.0,0.0,0.0,0.0,0.0
-479.6691,247.12204,5.1318007,2.16005e-12,0.0,0.0,0.0,0.0,0.0,0.0,0.0,0.0,0.0,0.0,0.0,0.0,0.0,0.0,0.0,0.0
-437.01074,259.96658,5.340021,0.0,0.0,0.0,0.8778718,0.0,0.0,0.0,0.0,0.0,0.0,0.0,0.0,0.0,0.0,0.0,0.0,0.0
-394.0579,234.60312,0.75560474,0.0,0.0,0.0,0.0,0.0,0.0,0.0,0.0,0.0,0.0,0.1393665,3.808509e-12,0.0,0.0,0.0,0.0,0.0
-495.82977,243.5151,0.0,0.0,0.0,0.0,0.0,0.0,0.0,0.0,0.0,0.0,0.0,0.0,0.0,0.0,0.0,0.0,0.0,0.0
-459.6498,265.92358,0.0,17.166805,2.4903102e-10,0.0,0.0,0.0,0.0,0.0,0.0,0.0,0.0,0.0,0.0,0.0,0.0,0.0,0.0,0.0
-474.5915,268.20157,3.3683019,0.0,5.34624,4.3360927e-08,0.0,8.820433e-05,0.0,0.0,0.0,0.0,0.0,0.0,0.0,0.0,0.0,0.0,0.0,0.0
-465.91837,258.30673,0.0,0.0,0.0,0.0,0.6398189,0.0,0.0,0.0,0.0,0.0,0.0,0.0,0.0,0.0,0.0,0.0,0.0,0.0
-407.4802,252.86383,0.0,0.0,0.0,0.0,0.0,0.0,0.0,0.0,0.0,0.0,0.0,0.0,0.0,0.0,0.0,0.0,0.0,0.0
-399.51587,225.41783,1.7394086e-11,0.0,14.315312,5.923802e-07,0.0,0.0,0.0,0.0,0.0,0.0,0.0,0.0,0.0,0.0,0.0,0.0,0.0,0.0
-512.61487,292.7281,0.0,0.0,0.0,0.0,0.0,0.0,0.0,0.0,5.38289,0.0,0.0,0.0,0.0,0.0,0.0,0.0,0.0,0.0
-470.70514,325.8141,0.5359647,0.0,7.1645827,6.0253216e-05,0.0,0.028821032,0.0,0.0,0.0,0.0,0.0,0.0,0.0,0.0,0.0,0.0,0.0,0.0
-426.59702,216.70221,34.688263,2.1416006,0.0,0.058040183,0.0,0.0,0.0,0.0,0.0,0.0,0.0,0.0,0.0,0.0,0.0,0.0,0.0,0.0
-435.32507,277.60162,0.0,9.154384,0.0,0.0,0.0,0.0,0.0,0.0,0.0,0.0,0.0,0.0,0.0,0.0,0.0,0.0,0.0,0.0
-472.56268,241.86972,1.4553981,3.9790393e-13,0.0,0.0,0.0,0.0,0.0,0.0,0.0,0.0,0.0,0.0,0.0,0.0,0.0,0.0,0.0,0.0
-425.8222,263.09412,0.0,0.0,0.0,0.0,0.0,0.0,0.0,0.0,0.0,0.0,0.0,0.0,0.0,0.0,0.0,0.0,0.0,0.0
-420.5157,221.21468,8.299139e-12,0.0,0.0,0.0,9.705716,2.3115547e-08,0.0,0.0,1.9845762,0.0,0.0,0.0,0.0,0.0,0.0,0.0,0.0,0.0
-499.84497,277.24493,0.0,0.0,0.0,0.0,0.0,0.0,0.0,0.0,0.0,0.0,0.0,0.0,0.0,0.0,0.0,0.0,0.0,0.0
-452.75278,256.77908,9.068097e-08,0.0,1.3384557,1.1368684e-13,0.0,0.0,0.0,15.533771,0.026491892,0.0,0.0,0.35014325,0.0,0.0,0.0,0.0,0.0,0.0
-512.84534,286.83258,0.0094977645,0.0,0.0,0.0,3.2797966,0.0,0.0,0.0,0.0,0.0,0.0,0.0,0.0,0.0,0.0,0.0,0.0,0.0
-453.6259,260.104,8.372673,0.0,31.521627,1.08586306e-07,0.0,0.046718992,0.009553928,0.0,0.0,0.0,0.0,0.0,0.0,0.0,0.0,0.0,0.0,0.0
-466.6079,235.7219,0.0,0.0,0.0,0.0,0.0,0.0,0.0,0.0,0.0,0.0,0.0,0.0,0.0,0.0,0.0,0.0,0.0,0.0
-504.71542,381.7677,0.0,1.5131718e-10,9.094947e-13,0.0,0.0,0.0,0.0,0.0,0.0,0.0,0.0,0.0,0.0,0.0,0.0,0.0,0.0,0.0
-483.7329,304.40012,0.0,0.43643075,0.0,0.0,0.0,0.0,0.0,0.0,0.0,0.0,0.0,0.0,0.0,0.0,8.018375e-08,1.810426e-08,0.0,0.22302154
-434.78726,272.12238,7.5934615,4.357271,0.0,0.0,0.0,0.0,0.0,0.0,0.0,0.0,0.0,0.0,0.0,0.0,0.0,0.0,0.0,0.0
-388.81403,130.90111,6.86342,0.0,90.86683,0.0035469143,0.0,0.005657513,0.0,0.0,0.0,0.0,0.0,0.0,0.0,0.0,0.0,0.0,0.0,0.0
-463.77527,279.0474,0.20355415,3.4678524,0.4935185,3.6948222e-12,0.0,15.472087,0.0,0.0,0.0,0.0,0.0,0.0,0.0,0.0,0.0,0.0,0.0,0.0
-546.08826,280.23895,0.0,0.0,0.0,0.14357273,0.0,0.0,0.0,0.0,0.0,0.0,0.0,0.0,0.0,0.0,0.0,0.0,0.0,0.0
-442.94373,219.7971,0.0,93.339165,0.00022601895,0.0,9.9907265e-05,0.0,0.0006408407,0.0,0.0,0.0,0.0,0.0,0.0,0.0,0.0,0.0,0.0,0.0
-492.00427,313.77533,3.5527137e-12,0.0,0.0,0.0,0.0,0.0,0.0,0.0,0.0,0.0,0.0,0.0,0.0,0.0,0.0,0.0,0.0,0.0
-455.83463,273.999,0.0,0.23560202,3.1661784e-10,0.0,0.6796728,0.0,0.0,0.0,0.0,0.0,0.0,0.0,0.0,0.0,0.0,0.0,0.0,0.0
-454.39264,257.00024,0.47376537,6.195933e-11,0.0,0.0,0.0,0.0,0.0,0.0,0.0,0.0,0.0,0.0,0.0,0.0,0.0,0.0,0.0,0.0
-433.45868,266.75534,0.0,0.3246121,0.0,0.0,0.0,0.0,0.0,0.0,0.0,0.0,0.0,0.0,0.0,0.0,0.0,0.0,0.0,0.0
-444.1608,269.09244,1.567405,0.0,23.100508,0.079885714,0.0,0.0,0.0,0.0,0.0,0.0,0.0,0.0,0.0,0.0,0.0,0.0,0.0,0.0
-426.53122,277.11816,0.0,0.0,0.0,0.0,0.0,0.0,0.0,0.0,0.0,0.0,0.0,0.0,0.0,0.0,0.0,0.0,0.0,0.0
-449.9741,280.1515,0.0,0.0,0.119043894,0.0,0.0,0.0,0.0,0.0,0.0,0.0,0.0,0.0,0.0,0.0,0.0,0.0,0.0,0.0
-485.91452,265.18826,5.7213745,0.0,4.7113886,1.7053026e-13,1.296914,0.0,0.0,0.0,0.0,0.0,0.0,0.0,0.0,0.0,0.0,0.0,0.0,0.0
-457.40063,256.8945,5.3418603e-10,0.0,6.3266935,2.9287019e-05,0.0,0.0,0.0,0.0,0.0,0.0,0.0,0.0,0.0,0.0,0.0,0.0,0.0,0.0
-420.06973,300.65515,0.0,0.0,0.0,0.0,0.0,0.0,0.0,0.0,0.0,0.0,0.0,0.0,0.0,0.0,0.0,0.0,0.0,0.0
-371.1889,176.05815,1.7658408e-10,0.0,3.4122453,2.3192115e-11,0.0,0.0,0.0,0.0,0.0,0.0,0.0,0.0,0.0,0.0,0.0,0.0,0.0,0.0
-430.3309,235.87228,0.0,14.943645,2.0840414e-06,0.0,0.054738563,0.0,0.0,0.0,0.0,0.0,0.0,0.0,0.0,0.0,0.0,0.0,0.0,0.0
-481.817,322.29456,2.342032,0.0,34.92405,5.5251803e-11,0.0,0.6506848,0.0,0.0,0.0,0.0,0.0,0.0,0.0,0.0,0.0,0.0,0.0,0.0
-530.03986,309.70673,8.536802,3.9622161,0.0,12.999908,0.0,0.0,0.0,0.0,0.0,0.0,0.0,0.0,0.0,0.0,0.0,0.0,0.0,0.0
-438.3077,278.66507,0.0018852615,0.0,4.3568487,2.228262e-10,0.0,0.0,0.0,0.0,0.0,0.0,0.0,0.0,0.0,0.0,0.0,0.0,0.0,0.0
-490.55316,325.23956,0.0,14.484151,0.0,0.0,0.0,0.0,0.0,0.0,0.0,0.0,0.0,0.0,0.0,0.0,0.0,0.0,0.0,0.0
-466.97528,240.85191,0.0,11.808115,8.2195584e-11,0.0,0.0,0.0,0.0,0.0,0.0,0.0,0.0,0.0,0.0,0.0,0.0,0.0,0.0,0.0
-463.39792,292.65646,0.0,0.0,0.0,0.0,0.0,0.0,0.0,0.0,0.0,0.0,0.0,0.0,0.0,0.0,0.0,0.0,0.0,0.0
-470.40762,259.52625,0.0,0.0,0.0,0.0,0.0,0.0,0.0,0.0,0.0,0.0,0.0,0.0,0.0,0.0,0.0,0.0,0.0,0.0
-480.1933,310.44427,0.0,0.0,0.0,0.0,0.0,0.0,0.0,0.0,0.0,0.0,0.0,0.0,0.0,0.0,0.0,0.0,0.0,0.0
-453.1463,308.2222,1.1368684e-13,0.0,0.0,0.0,0.0,0.0,0.0,0.0,0.0,0.0,0.0,0.0,0.0,0.0,0.0,0.0,0.0,0.0
-485.23444,340.74435,4.1068826,0.0,9.76102,4.5474735e-13,0.0,0.32966083,5.684342e-12,0.0,0.0,0.0,0.0,0.0,0.0,0.0,0.0,0.0,0.0,0.0
-437.36743,228.29826,2.4935665,0.0031545716,0.0,1.1662526,0.0,0.0,0.0,0.0,0.0,0.0,0.0,0.0,0.0,0.0,0.0,0.0,0.0,0.0
-400.5892,236.13005,4.7081576e-05,2.2928638,0.0,0.0,0.0,0.0,0.0,0.0,0.0,0.0,0.0,0.0,0.0,0.0,0.0,0.0,0.0,0.0
-476.2677,287.37436,0.0,0.0,7.087554,0.0,0.0,0.0,0.0,0.0,0.0,0.0,0.0,0.0,0.0,0.0,0.0,0.0,0.0,0.0
-442.148,257.13205,0.0,0.0,0.08337952,0.0,0.0,0.0,0.0,0.0,0.0,0.0,0.0,0.0,0.0,0.0,0.0,0.0,0.0,0.0
-496.6042,326.04703,0.0,14.310702,1.1226575e-11,0.0,0.0,0.0,0.0,0.0,0.0,0.0,0.0,0.0,0.0,0.0,0.0,0.0,0.0,0.0
-550.73346,318.74396,0.0,16.524807,5.540812e-10,0.0,0.33019817,2.842171e-14,0.0,0.0,0.0,0.0,0.0,0.0,0.0,0.0,0.0,0.0,0.0,0.0
-466.59583,242.76883,6.384681,0.0,85.42169,0.00010218586,0.0,0.0016736208,0.0002422326,0.0,0.12217084,0.0,0.0,0.0,0.0,0.0,0.0,0.0,0.0,0.0
-455.1158,217.4172,0.0,43.55801,0.00024259412,0.0,0.0,0.0,0.03084208,0.0,0.0,0.0,0.0,0.0,0.0,0.0,0.0,0.0,0.0,0.0
-437.58347,300.80923,1.7831222,0.0,0.0,0.0,0.0,0.0,0.0,0.0,0.0,0.0,0.0,0.0,0.0,0.0,0.0,0.0,0.0,0.0
-454.5264,313.37766,0.0,0.0,0.0,0.0,0.0,0.0,0.0,0.0,0.0,0.0,0.0,0.0,0.0,0.0,0.0,0.0,0.0,0.0
-441.0288,243.26671,0.0,6.166705,3.89129e-08,0.0,0.0,0.0,0.0,0.0,0.0,0.0,0.0,0.0,0.0,0.0,0.0,0.0,0.0,0.0
-503.93903,265.90576,5.7475694e-07,0.0,23.323532,0.0,0.0,0.0,0.0,8.849554e-09,2.2630502e-09,0.0,0.0,0.0,9.784348e-05,0.0,0.0,0.0,0.0,0.0
-459.403,281.23505,3.056098,0.0,2.249468,0.00060853886,0.0,0.6808136,0.0,0.0,0.0,0.0,0.0,0.0,0.0,0.0,0.0,0.0,0.0,0.0
-401.73526,248.38881,0.0002954416,0.0,0.0,16.224482,5.684342e-14,0.0,0.0,0.0,0.0,0.0,0.0,0.0,0.0,0.0,0.0,0.0,0.0,0.0
-429.1774,247.76141,1.6335299,0.0,10.540542,3.3601282e-09,0.0,0.0,0.0,0.0,0.0,0.0,0.0,0.0,0.0,0.0,0.0,0.0,0.0,0.0
-397.34622,184.01595,7.8460717,2.9042144,0.0,1.3871294,1.1937118e-12,0.0,0.0002742632,4.7137157e-05,0.0,15.170152,3.0013325e-11,0.0,0.0,0.0,0.0,0.0,0.0,0.0
-390.6327,217.16382,0.036106903,0.0,2.842171e-14,0.0,0.9472944,0.0,0.0,0.0,0.0,0.0,0.0,0.0,0.0,0.0,0.0,0.0,0.0,0.0
-420.74948,212.53406,0.0,0.0,0.70033616,0.0,0.0,0.0,0.0,0.0,0.0,0.0,0.0,0.0,0.0,0.0,0.0,0.0,0.0,0.0
-468.4432,303.4682,2.7250763e-08,0.0,16.323523,5.4044392e-08,0.0,0.03817439,0.00572329,0.0,1.2730378,0.0,0.0,0.0,0.0,0.0,0.0,0.0,0.0,0.0
-410.67673,237.1684,0.5682408,1.6319877,0.0,0.0,0.0,0.0,0.0,0.0,0.0,0.0,0.0,0.0,0.0,0.0,0.0,0.0,0.0,0.0
-419.87366,233.6889,0.0,1.7672892,0.0,0.0,0.0,0.0,0.0,0.0,0.0,0.0,0.0,0.0,0.0,0.0,0.0,0.0,0.0,0.0
-427.86588,271.205,2.3047931,0.0,14.284383,3.9989345e-09,0.0,0.0,0.0,0.0046697147,0.0,0.0,0.0,0.0,0.0,0.0,0.0,0.0,0.0,0.0
-491.45023,278.27863,0.0,0.0,0.0,0.0,0.0,0.0,0.0,0.0,0.0,0.0,0.0,0.0,0.0,0.0,0.0,0.0,0.0,0.0
-439.9848,254.10187,2.376766,0.5459918,0.0,0.0,0.0,0.0,0.0,0.0,0.0,0.0,0.0,0.0,0.0,0.0,0.0,0.0,0.0,0.0
-411.11627,198.9416,0.0,0.0,0.0,0.0,2.842171e-13,1.1368684e-13,0.0,0.0032621888,0.0,0.0,0.0,0.0,0.0,0.0,0.0,0.0,0.0,0.0
-473.72577,284.8785,0.0,0.0,0.007152501,0.001532987,0.0,0.03243239,0.0,0.0,0.0,0.0,0.0,0.0,0.0,0.0,0.0,0.0,0.0,0.0
-378.35193,212.74022,0.0,23.672674,0.0,1.5173403,0.0,0.0,0.0,0.0,0.0,0.0,0.0,0.0,0.0,0.0,0.0,0.0,0.0,0.0
-500.24762,334.00696,0.1610923,0.0,15.950068,4.0358827e-12,0.0,0.0,0.0,0.43483648,0.0,0.0,0.0,0.0,0.0,0.0,0.0,0.0,0.0,0.0
-464.98322,274.06235,4.8245543e-05,0.0,14.394786,1.0601298e-11,0.0,0.0,0.0,0.0,0.0,0.0,0.0,0.0,0.0,0.0,0.0,0.0,0.0,0.0
-540.2108,250.58421,0.056935757,0.0,80.57257,0.011996627,0.0,9.663381e-12,2.3874236e-12,0.0,0.0068451157,0.00021037771,0.0,0.00064306916,0.0,0.0,0.0,0.0,0.0,0.0
-426.01627,263.61392,0.39876145,0.0,0.0,0.0,0.0,0.0,0.0,0.0,0.0,0.0,0.0,0.0,0.0,0.0,0.0,0.0,0.0,0.0
-414.5396,231.36084,5.2817407,0.0,0.14265448,1.5114665e-10,0.0,2.5763137,0.0,0.0,5.968559e-13,0.0,0.0,0.0,0.0,0.0,0.0,0.0,0.0,0.0
-457.2283,253.2356,0.0,0.0,0.0,0.0,0.0,0.0,0.0,0.0,0.0,0.0,0.0,0.0,0.0,0.0,0.0,15.520441,2.3314044e-09,0.0
-439.15973,270.18237,9.8086405,3.0176642e-07,0.0,0.03983038,1.1874306e-09,0.0,0.39868122,0.0,0.0,0.0,0.0,0.0,0.0,0.0,0.0,0.0,0.0,0.0
-373.82812,225.11371,0.00088232616,0.0,11.075201,0.0,0.0,0.0,0.19556288,0.0,0.0,0.0,0.0,0.0,0.0,0.0,0.0,0.0,0.0,0.0
-437.97784,218.45468,0.0,28.880238,1.2562396e-11,0.0,6.597735,0.0,0.0,0.0,0.0,0.0,0.0,0.0,0.0,0.0,0.0,0.0,0.0,0.0
-538.6912,335.20395,0.0,101.016136,4.4035954,0.051067844,0.0,0.19989605,9.2018126e-10,0.0,0.124780044,1.2511236e-10,0.0,0.12605979,0.0,0.0,0.0,0.0,0.0,0.0
-488.839,241.82072,0.0,94.12484,6.665967e-05,0.0,5.0382107e-05,2.8869867e-06,0.0,0.006898271,0.0,0.0,0.0,0.0,0.0,0.0,0.0,0.0,0.0,0.0
-463.00186,288.288,13.477604,0.0,0.0,0.0,0.0,0.0,0.0,0.0,0.0,0.0,0.0,0.0,0.0,0.0,0.0,0.0,0.0,0.0
-396.06195,177.83849,0.0022318945,0.0,0.3937344,9.71834e-08,0.0,0.0,0.5708408,0.0,0.0,0.0,0.0,0.0,0.0,0.0,0.0,0.0,0.0,0.0
-398.10977,259.4657,5.7445028e-05,0.0,0.89170015,5.684342e-14,0.0,0.0,0.0,0.0,0.014419642,0.0029959744,0.0,1.3547469,0.0,0.0,0.0,0.0,0.0,0.0
-452.29498,261.87994,2.4877104e-06,0.0,0.0,0.0,0.0,0.0,0.0,0.0,0.0,0.0,0.0,0.0,0.0,0.0,0.0,0.0,0.0,0.0
-435.06076,205.47339,0.0,19.921879,2.4099376e-07,0.0,0.0,0.0,0.16858026,0.0,0.0,0.0,0.0,0.0,0.0,0.0,0.0,0.0,0.0,0.0
-420.57767,232.79741,1.0916042,0.0,0.0,5.6997952,6.386162e-08,0.0,0.0,0.0,0.0,0.0,0.0,0.0,0.0,0.0,0.0,0.0,0.0,0.0
-468.2405,269.987,0.0,0.0,0.0,0.0,0.0,0.0,0.0,0.0,0.0,0.0,0.0,0.0,0.0,0.0,0.0,0.0,0.0,0.0
-422.18323,208.12126,0.0,0.019747514,0.0035174456,0.0,5.684342e-14,0.0,0.7908361,0.0,0.0,0.0,0.0,0.0,0.0,0.0,0.0,0.0,0.0,0.0
-457.09253,231.47707,2.4582,0.0,33.821945,0.0,0.0,0.0,0.0,0.0,0.0015502825,6.4744654e-11,0.0,2.0435209e-11,0.0,0.0,0.0,0.0,0.0,0.0
-449.08224,247.9303,0.0,0.0,0.0,0.0,0.0,0.0,0.0,0.0,0.0,0.0,0.0,0.0,0.0,0.0,0.0,0.0,0.0,0.0
-391.83984,214.97667,0.0,8.044587,8.834348e-09,0.0,4.5808225,0.0,0.0,0.0,0.0,0.0,0.0,0.0,0.0,0.0,0.0,0.0,0.0,0.0
-405.0341,237.01987,0.0,1.5613078,0.0,0.0,0.0,0.0,0.0,0.0,0.0,0.0,0.0,0.0,0.0,0.0,0.0,0.0,0.0,0.0
-404.69586,184.5534,3.0688834,0.0,28.255693,1.3585577e-11,0.0,0.0,0.0,0.0,0.0,0.0,0.0,0.0,0.0,0.0,0.0,0.0,0.0,0.0
-529.2942,325.53867,0.0,0.1947989,0.0,0.0,0.0,0.0,0.0,0.0,0.0,0.0,0.0,0.0,0.0,0.0,0.0,0.0,0.0,0.0
-444.32434,228.65588,0.0,0.96419287,0.0,0.0,0.0,0.0,0.0,0.0,0.0,0.0,0.0,0.0,0.0,0.0,0.0,0.0,0.0,0.0
-470.95618,292.4741,5.491043e-08,0.0,0.0,0.0,0.0,0.0,0.0,0.0,0.0,0.0,0.0,0.0,0.0,0.0,0.0,0.0,0.0,0.0
-506.29645,319.363,0.0,1.0567582,0.0,0.0,3.957408,5.684342e-14,0.0,5.7411853e-12,0.0,0.0,0.0,0.0,0.0,0.0,0.0,0.0,0.0,0.0
-535.91583,260.07324,1.7348214e-08,0.0,0.0,0.0,0.11435945,0.0,0.0,0.0,0.0,0.0,0.0,0.0,0.0,0.0,0.0,0.0,0.0,0.0
-420.9611,218.69208,5.2839513,1.8706099,2.8932334e-08,0.0,9.804593,0.004569166,0.0,1.0811445,0.0,0.0,0.0,0.0,0.0,0.0,0.0,0.0,0.0,0.0
-466.62552,254.7508,7.351409,1.4016154,0.0,0.0,0.0,0.0,0.0,0.0,0.0,0.0,0.0,0.0,0.0,0.0,0.0,0.0,0.0,27.610598
-516.3772,277.74002,0.0,0.0,0.0,0.096695185,6.349504e-05,0.0,0.0,0.0,0.0,0.0,0.0,0.0,0.0,0.0,0.0,0.0,0.0,0.0
-474.06348,243.88359,0.0,0.0,0.85911185,2.2737368e-13,0.0,0.0,0.0,0.0,0.0,0.0,0.0,0.0,0.0,0.0,0.0,0.0,0.0,0.0
-425.63507,265.4868,0.0,0.0,0.0,0.0,0.0,0.0,0.0,0.0,0.0,0.0,0.0,0.0,0.0,0.0,0.0,0.0,0.0,0.0
-441.249,202.83902,5.7565614e-09,0.0,11.122207,0.029486204,0.0,0.0,0.0,0.0,0.0,0.0,0.0,0.0,0.0,0.0,0.0,0.0,0.0,0.0
-444.09464,282.53256,0.0,5.684342e-14,0.0,1.9992702,6.82121e-13,0.0,0.0,0.0,0.0,0.0,0.0,0.0,0.0,0.0,0.0,0.0,0.0,0.0
-413.8426,218.74481,2.0312143e-09,0.0,0.0,0.0,0.31487238,4.94083e-10,0.0,0.0,0.0,0.0,0.0,0.0,0.0,0.0,0.0,0.0,0.0,0.0
-464.97482,274.979,0.68124264,0.0,0.0,2.842171e-14,0.0,0.028354472,5.400867e-06,0.0,0.8235762,0.0,0.0,4.3838213e-08,0.0,0.0,0.0,0.0,0.0,0.0
-468.17303,283.54535,8.894779e-06,0.0,0.4772737,0.0,0.0,0.0,0.0,0.0,0.0,0.0,0.0,0.0,0.0,0.0,0.0,0.0,0.0,0.0
-430.65988,216.98201,0.0,0.0,0.0,0.0,0.0,0.0,0.0,0.0,0.0,0.0,0.0,0.0,0.0,0.0,0.0,0.0,0.0,0.0
-439.23077,220.4416,0.0,110.95112,2.6870048,0.0073639164,0.0,2.9226027,4.324079e-10,0.0,0.27449432,0.0,0.0,0.0,0.0,0.0,0.0,0.0,0.0,0.0
-486.58386,226.67932,5.286438e-12,0.0,27.917845,4.2632564e-13,0.0,0.0017375628,0.0,0.0,3.8744874e-06,0.0,0.0,1.9895197e-13,0.0,0.0,0.0,0.0,0.0,0.0
-493.84076,231.58858,20.823658,0.20624752,0.0,80.7419,0.059382744,0.0,0.5368589,3.7966856e-09,0.0,0.004469464,6.6211214e-10,0.0,1.8363266e-10,0.0,0.0,0.0,0.0,0.0
-445.2542,291.38733,0.0,0.0,0.0,0.0,0.0,0.0,0.0,0.0,0.0,0.0,0.0,0.0,0.0,0.0,0.0,0.0,0.0,0.0
-460.91885,285.6007,0.0,0.0,0.0,0.0,0.0,0.0,0.0,0.0,0.0,0.0,0.0,0.0,0.0,0.0,0.0,0.0,0.0,0.0
-498.87177,267.55466,0.0,107.892784,0.011126692,0.0,0.023312312,1.3604226e-05,0.0,3.598858e-05,0.0,0.0,0.0,0.0,0.0,0.0,0.0,0.0,0.0,0.0
-479.90988,264.65964,2.4524269e-08,0.0,11.128766,0.0,0.0,0.0,0.0,0.0,0.0,0.0,0.0,0.0,0.0,0.0,0.0,0.0,0.0,0.0
-512.95325,252.44167,0.00026628585,1.8926344,4.6854325e-09,0.0,57.169987,0.34767625,0.0,12.522995,0.0,0.0,0.0,0.0,0.0,0.0,0.0,0.0,0.0,0.0
-400.1418,154.5528,89.81541,0.2899835,0.0,0.0,0.0,0.0,0.0,0.0,0.0,0.0,0.0,0.0,0.0,0.0,0.0,0.0,0.0,0.0
-407.77344,239.73515,0.0,0.82147473,2.6820317e-08,0.0,0.0,0.0,0.0,0.0,0.0,0.0,0.0,0.0,0.0,0.0,0.0,0.0,0.0,0.0
-447.29355,237.16505,3.5387528,0.0,4.9361467,6.764367e-10,0.0,0.0,0.0,0.0,0.0,0.0,0.0,0.0,0.0,0.0,0.0,0.0,0.0,0.0
-470.98746,304.8589,0.0,0.0,0.0,0.0,0.0,0.0,0.0,0.0,0.0,0.0,0.0,0.0,0.0,0.0,0.0,0.0,0.0,0.0
-490.85648,329.755,2.6605318,0.0,0.0,0.0,0.0,0.0,0.0,0.0,0.0,0.0,0.0,0.0,0.0,0.0,0.0,0.0,0.0,0.0
-615.7894,288.78162,0.0,3.674306,7.1827344e-10,0.0,0.0,0.0,0.0,0.0,0.0,0.0,0.0,0.0,0.0,0.0,0.0,0.0,0.0,0.0
-422.05298,271.7043,0.0,3.9129403,1.7825234e-06,0.0,3.5684052,0.0,0.0,0.0,0.0,0.0,0.0,0.0,0.0,0.0,0.0,0.0,0.0,0.0
-438.13058,258.99066,2.3265443,0.0,5.684342e-14,0.0,0.33896995,0.0,0.0,0.0,0.0,0.0,0.0,0.0,0.0,0.0,0.0,0.0,0.0,0.0
-517.4589,334.16397,0.0,0.0,0.0,0.0,1.0524529,4.637286e-10,0.0,0.0,0.0,0.0,0.0,0.0,0.0,0.0,0.0,0.0,0.0,0.0
-453.15335,233.32419,0.0,47.263523,1.6018697e-07,0.0,0.0,0.0,4.658364e-06,0.0,0.0,0.0,0.0,0.0,0.0,0.0,0.0,0.0,0.0,0.0
-434.12698,240.26617,0.036594726,0.0,0.0,0.0,0.0,0.0,0.0,0.0,0.0,0.0,0.0,0.0,0.0,0.0,0.0,0.0,0.0,0.0
-441.852,220.04924,2.556203e-05,0.0,0.0,0.0,0.0,0.0,0.0,0.0,0.0,0.0,0.0,0.0,0.0,0.0,0.0,0.0,0.0,0.0
-384.5092,200.53749,0.6610936,0.0,0.0,0.0,0.0,0.0,0.0,0.0,0.0,0.0,0.0,0.0,0.0,0.0,0.0,0.0,0.0,0.0
-368.6301,175.05962,0.0,19.982777,0.00045930504,0.0,0.0,0.0,0.0,0.0,0.0,0.0,0.0,0.0,0.0,0.0,0.0,0.0,0.0,0.0
-507.04163,315.51996,0.003877955,0.0,0.0,10.454349,0.0,0.0,0.0,0.0,0.0,0.0,0.0,0.0,0.0,0.0,0.0,0.0,0.0,0.0
-448.47552,268.75833,0.00648631,0.0,7.17882,0.0017489991,0.0,6.5218616,0.28012437,0.0,0.90833527,1.3784529e-11,0.0,0.30884004,0.0,0.0,0.0,0.0,0.0,0.0
-487.02853,271.86826,0.0,0.0,0.0,0.0,0.0,0.0,0.0,0.0,0.0,0.0,0.0,0.0,0.0,0.0,0.0,0.0,0.0,0.0
-430.9233,278.68198,0.0,0.0,0.0,0.0,0.0,0.0,0.0,0.0,0.0,0.0,0.0,0.0,0.0,0.0,0.0,0.0,0.0,0.0
-457.20337,264.61765,0.0,0.0,4.4775157,0.0,0.0,0.0,0.0,0.0,0.0,0.0,0.0,0.0,0.0,0.0,0.0,0.0,0.0,0.0
-502.89835,257.11145,5.9462433,2.766589e-06,2.3216767,0.007146462,0.0,0.0,0.0,0.0,0.0,0.0,0.0,0.0,0.0,0.0,0.0,0.0,0.0,0.0
-445.1481,213.0326,0.0,16.805302,5.063612e-10,0.0,0.0,0.0,0.0,0.0,0.0,0.0,0.0,0.0,0.0,0.0,0.0,0.0,0.0,0.0
-493.6534,282.28955,0.0,13.265766,8.41627e-06,0.0,0.0,0.0,0.0,0.0,0.0,0.0,0.0,0.0,0.0,0.0,0.0,0.0,0.0,0.0
-419.62747,267.07004,1.2731395,0.0,0.0,0.0,0.0,0.0,0.0,0.0,0.0,0.0,0.0,0.0,0.0,0.0,0.0,0.0,0.0,0.0
-486.5,317.29755,3.9948333e-08,0.0,0.0,0.0,0.0,0.0,5.684342e-14,0.40398407,0.0,0.0,0.0,0.0,0.0,0.0,0.0,0.0,0.0,0.0
-456.9911,265.61893,0.0,0.0,0.2891109,0.0,0.0,0.0,0.0,0.0,0.0,0.0,0.0,0.0,0.0,0.0,5.63073,1.6600916e-07,0.0,0.0
-445.58478,250.84383,0.0002741367,0.0,0.0,0.0,0.0,0.0,0.0,0.0,0.0,0.0,0.0,0.0,0.0,0.0,0.0,0.0,0.0,0.0
-434.2835,286.6438,0.0,0.30461144,0.0,0.0,0.0,0.0,0.0,0.0,0.0,0.0,0.0,0.0,0.0,0.0,0.0,0.0,0.0,0.0
-497.89645,295.7101,9.491612e-05,0.0,0.13099304,0.01731433,0.0,5.1977606,0.0,0.0,0.0,0.0,0.0,0.0,0.0,0.0,0.0,0.0,0.0,0.0
-537.06433,297.07535,0.0,0.0,0.0,0.0,0.0,0.0,0.0,0.0,0.0,0.0,0.0,0.0,0.0,0.0,0.0,0.0,0.0,0.0
-547.685,291.93622,2.261314,0.0,0.0,0.0,0.0,0.0,0.0,0.0,0.0,0.0,0.0,0.0,0.0,0.0,0.0,0.0,0.0,0.0
-486.8642,248.26852,0.0,67.5822,6.1593073e-06,0.0,0.0,0.0,0.0,0.0,0.0,0.0,0.0,0.0,0.0,0.0,0.0,0.0,0.0,0.0
-483.82877,311.97693,0.24127544,1.3553347e-08,0.0,0.0,0.0,0.0,0.0,4.577129,2.1316282e-12,0.0,0.07859579,0.0,0.0,0.0,0.0,0.0,0.0,0.0
-533.1931,321.34824,0.0,0.002570532,0.00045111874,0.0,0.7271173,0.0,0.0,0.0,0.0,0.0,0.0,0.0,0.0,0.0,0.0,0.0,0.0,0.0
-376.03418,138.66287,5.349504,0.0,11.606918,2.0128255e-09,0.0,6.287087,0.0,0.0,0.0,0.0,0.0,0.0,0.0,0.0,0.0,0.0,0.0,0.0
-443.00278,291.4196,0.0,6.2278566,3.126388e-13,0.0,1.6304958,0.0,0.0,0.0,0.0,0.0,0.0,0.0,0.0,0.0,0.0,0.0,0.0,0.0
-426.34604,247.9697,0.0,2.842171e-14,0.0,0.0,4.455695,9.5812e-08,0.0,0.0,0.0,0.0,0.0,0.0,0.0,0.0,0.0,0.0,0.0,0.0
-378.90906,214.78085,12.484322,0.0,9.42356,6.179162e-06,0.0,8.014922e-12,1.9326762e-12,0.0,0.0,0.0,0.2506687,0.0,0.0,0.0,0.0,0.0,0.0,0.0
-460.74036,228.70299,4.310331,1.3955059e-11,0.0,117.19318,0.08953496,0.0010371831,0.000114738155,5.4399152e-11,4.299253e-06,5.931654e-05,0.0,0.00011923528,4.500862e-10,0.0,0.0003985652,0.0,0.0,0.0
-478.05338,298.0797,0.0,15.402752,0.00012409095,0.0,1.1380515,0.0,0.0,0.0,0.0,0.0,0.0,0.0,0.0,0.0,0.0,0.0,0.0,0.0
-405.34174,263.1083,0.0,0.0,1.4075737,4.774847e-12,0.0,0.0,0.0,0.0,0.0,0.0,0.0,0.0,0.0,0.0,0.0,0.0,0.0,0.0
-442.81805,222.77151,0.0,71.71683,0.1142079,0.0,0.016719112,2.480931e-10,0.0,0.0012038081,0.0,0.0,0.0,0.0,0.0,0.0,0.0,0.0,0.0,0.0
-438.92105,248.06078,0.0,0.0,0.0,0.0,0.0,0.0,0.0,0.0,0.0,0.0,0.0,0.0,0.0,0.0,0.0,0.0,0.0,0.0
-412.35495,244.67824,0.0,0.0,0.0,0.0,0.0,0.0,0.0,0.0,0.0,0.0,0.0,0.0,0.0,0.0,0.0,0.0,0.0,0.0
-487.25314,191.79286,0.0,41.639515,6.3052426e-09,0.0,0.0,0.0,0.0027536082,0.0,0.0,0.0,0.0,0.0,0.0,0.0,0.0,0.0,0.0,0.0
-470.98282,206.36502,2.8342519,3.4120111,4.3043933,0.009583247,0.0,0.6903274,0.119334556,0.0,30.662884,0.0,2.2449791,0.0,0.043921288,0.0,0.0,0.0,0.0,0.0
-448.5618,205.01524,0.0,38.041,8.7138574e-08,0.0,0.0,0.0,0.0,0.0,0.0,0.0,0.0,0.0,0.0,0.0,0.0,0.0,0.0,0.0
-444.78955,222.75623,0.6147478,7.804317e-10,0.0,1.7443372,1.3415047e-11,0.0,25.302732,0.0,13.802144,0.002455926,0.0,0.0,0.0,0.0,0.0,0.0,0.0,0.0
-425.0473,245.85507,0.07806805,0.0,17.78489,4.5474735e-13,0.0,17.138191,5.684342e-14,0.0,0.0,0.0,0.0,0.0,0.0,0.0,0.0,0.0,0.0,0.0
-470.2742,296.80063,0.0,9.915964,1.1597814e-07,0.0,0.0,0.0,0.42618802,0.0,0.0,0.0,0.0,0.0,0.0,0.0,0.0,0.0,0.0,0.0
-415.87695,281.56122,0.0,0.0,0.0,0.0,0.0,0.0,0.0,0.0,0.0,0.0,0.0,0.0,0.0,0.0,0.0,7.932134e-06,3.0612882e-06,0.0
-458.44293,243.93312,0.47982103,0.0,0.0,0.0,0.0,0.0,0.0,0.0,0.0,0.0,0.0,0.0,0.0,0.0,0.0,0.0,0.0,0.0
-485.95605,256.69717,0.0,39.19836,0.008372122,0.0,0.0,0.0,0.0,0.0,0.0,0.0,0.0,0.0,0.0,0.0,0.0,0.0,0.0,0.0
-496.4831,333.1432,0.0,2.842171e-14,0.0,0.0,0.0,0.0,0.06386928,1.8879405e-09,0.0,15.695882,1.3727686e-10,0.0,0.039608367,0.0,0.0,0.0,0.0,0.0
-475.48315,274.52768,0.0,0.89899355,0.0,0.0,0.0,0.0,0.0,0.0,0.0,0.0,0.0,0.0,0.0,0.0,0.0,0.0,0.0,0.0
-76.61314,0.0016329898,4.553158e-11,0.0,0.0,0.0,0.0,0.0,0.0,0.0,0.0,0.0,0.0,0.0,0.0,0.0,0.0,0.0,0.0,0.0
