1,0.998041739317839,-30.843685384082278,-369.1563146159177,0.0,35.813576
2,0.9960873521557785,-94.5193410205992,-305.4806589794008,0.0,24.258974
3,0.9941368308518361,-39.983689651372174,-360.0163103486278,0.0,44.29991
4,0.992190167759186,-25.86891725704487,-374.13108274295513,0.0,61.96276
5,0.9902473552461276,-19.90198861968355,-380.09801138031645,0.0,25.87394
6,0.9883083856960561,-47.75796920339184,-352.24203079660816,0.0,11.457504
7,0.986373251507433,-29.2510905037214,-370.7489094962786,0.0,16.49898
8,0.9844419450937556,-40.26540722581194,-359.73459277418806,0.0,38.80534
9,0.9825144588835277,-41.789113043022326,-358.2108869569777,0.0,17.630657
10,0.9805907853202301,-19.330587813493082,-380.6694121865069,0.0,56.029377
11,0.9786709168622904,-26.863869352424274,-373.1361306475757,0.0,40.05285
12,0.9767548459830538,-41.86249667750411,-358.1375033224959,0.0,36.338142
13,0.9748425651707537,-65.75250635438402,-334.247493645616,0.0,21.846334
14,0.9729340669284817,-33.401905791000786,-366.5980942089992,0.0,31.820286
15,0.9710293437741592,-19.50476104271246,-380.49523895728754,0.0,83.12366
16,0.9691283882405067,-60.69232066567815,-339.30767933432185,0.0,12.70804
17,0.9672311928750161,-27.858828409516832,-372.14117159048317,0.0,39.263466
18,0.9653377502399201,-6.419720362665885,-393.5802796373341,0.0,88.345924
19,0.9634480529121635,-15.932223576582487,-384.0677764234175,0.0,63.58986
20,0.9615620934833748,-13.200473570208032,-386.79952642979197,0.0,84.48705
21,0.9596798645598362,-18.59555819824118,-381.4044418017588,0.0,33.77072
22,0.9578013587624549,-46.940256993984804,-353.0597430060152,0.0,14.713669
23,0.9559265687267345,-74.66683627365086,-325.33316372634914,0.0,19.969038
24,0.9540554871027457,-41.1401005638636,-358.8598994361364,0.0,36.299774
25,0.9521881065550976,-57.030891748354236,-342.96910825164576,0.0,25.781454
26,0.9503244197629092,-30.156909697193612,-369.8430903028064,0.0,28.588604
27,0.9484644194197804,-18.904206971775295,-381.0957930282247,0.0,32.957832
28,0.9466080982337635,-69.92697335283748,-330.0730266471625,0.0,61.46075
29,0.9447554489273345,-38.86475446641481,-361.1352455335852,0.0,59.616734
30,0.9429064642373647,-52.73274937540134,-347.26725062459866,0.0,35.392864
31,0.9410611369150921,-46.698513381966364,-353.30148661803366,0.0,-5.419527
32,0.9392194597260932,-16.918234325595677,-383.0817656744043,0.0,21.421997
33,0.9373814254502544,-15.127190804099143,-384.87280919590086,0.0,31.760357
34,0.9355470268817437,-60.949632911171875,-339.0503670888281,0.0,20.697077
35,0.9337162568289827,-26.610132491667173,-373.3898675083328,0.0,75.850266
36,0.9318891081146179,-80.23981319275146,-319.76018680724854,0.0,35.424057
37,0.9300655735754935,-37.80836851138264,-362.19163148861736,0.0,10.147846
38,0.9282456460626219,-68.17731140924377,-331.82268859075623,0.0,46.223774
39,0.9264293184411575,-60.69239659761388,-339.3076034023861,0.0,18.893875
40,0.9246165835903666,-48.64764636477844,-351.35235363522156,0.0,22.80016
41,0.9228074344036016,-166.4457660548351,-233.5542339451649,0.0,17.43496
42,0.9210018637882715,-23.82431358935571,-376.1756864106443,0.0,45.381634
43,0.919199864665815,-31.838644441175518,-368.1613555588245,0.0,16.296572
44,0.9174014299716725,-61.82339010735018,-338.1766098926498,0.0,25.894085
45,0.9156065526552583,-83.38172779938168,-316.6182722006183,0.0,-7.8172197
46,0.9138152256799329,-35.81862497610615,-364.18137502389385,0.0,72.21433
47,0.9120274420229759,-78.60156372507402,-321.398436274926,0.0,38.28444
48,0.9102431946755579,-23.878982060067358,-376.12101793993264,0.0,47.008183
49,0.9084624766427134,-46.15597486522762,-353.8440251347724,0.0,49.477
50,0.906685280943313,-28.07818654087049,-371.9218134591295,0.0,34.084618
51,0.9049116006100365,-62.68184612632524,-337.31815387367476,0.0,36.69609
52,0.9031414286893452,-23.879002256781916,-376.1209977432181,0.0,36.869934
53,0.901374758241455,-27.460935777289308,-372.5390642227107,0.0,43.336624
54,0.8996115823403086,-43.77806019950799,-356.221939800492,0.0,24.184065
55,0.8978518940735489,-30.74748930879025,-369.25251069120975,0.0,39.687576
56,0.896095686542492,-9.949591892061392,-390.0504081079386,0.0,61.402264
57,0.8943429528620995,-16.945780969709404,-383.0542190302906,0.0,37.951374
58,0.8925936861609521,-41.129109545220444,-358.87089045477956,0.0,25.278296
59,0.8908478795812222,-41.78801682949006,-358.21198317050994,0.0,27.77347
60,0.8891055262786478,-70.88690104888451,-329.1130989511155,0.0,25.201366
61,0.8873666194225045,-51.73775266592213,-348.26224733407787,0.0,50.944153
62,0.8856311521955798,-51.67330363020318,-348.3266963697968,0.0,38.101173
63,0.8838991177941455,-44.87666798539601,-355.123332014604,0.0,19.132853
64,0.882170509427932,-42.78297588658347,-357.2170241134165,0.0,40.99012
65,0.8804453203201007,-35.81847563172971,-364.1815243682703,0.0,44.8303
66,0.8787235437072181,-24.135030348664486,-375.8649696513355,0.0,23.789988
67,0.8770051728392289,-28.942363756223017,-371.057636243777,0.0,50.71581
68,0.8752902009794296,-19.47376709880041,-380.5262329011996,0.0,51.28859
69,0.8735786214044425,-35.79993949562987,-364.20006050437013,0.0,23.504412
70,0.871870427404189,-49.747409804280494,-350.2525901957195,0.0,80.144035
71,0.8701656122818628,-17.909248638277404,-382.0907513617226,0.0,91.8964
72,0.8684641693539047,-33.261731385526616,-366.7382686144734,0.0,23.44336
73,0.8667660919499758,-52.73290859475935,-347.26709140524065,0.0,48.25426
74,0.8650713734129309,-37.80836851138599,-362.191631488614,0.0,21.385027
75,0.8633800070987937,-21.646341882258355,-378.35365811774165,0.0,36.774418
76,0.8616919863767293,-48.752931188175694,-351.2470688118243,0.0,37.230347
77,0.8600073046290191,-62.895511710777896,-337.1044882892221,0.0,23.228886
78,0.8583259552510347,-43.78576595065476,-356.21423404934524,0.0,30.243292
79,0.8566479316512117,-43.7781178161236,-356.2218821838764,0.0,49.90828
80,0.8549732272510244,-23.383366725411463,-376.61663327458854,0.0,42.514057
81,0.8533018354849593,-61.687299919485895,-338.3127000805141,0.0,10.685654
82,0.8516337498004903,-30.38968391762637,-369.61031608237363,0.0,28.494892
83,0.849968963658052,-11.939503647304832,-388.06049635269517,0.0,43.86114
84,0.8483074705310146,-37.808408904811586,-362.1915910951884,0.0,22.338802
85,0.8466492639056583,-48.52783736484304,-351.47216263515696,0.0,39.868576
86,0.8449943372811479,-34.82723092414949,-365.1727690758505,0.0,36.066795
87,0.8433426841695068,-29.129228720223182,-370.8707712797768,0.0,84.3077
88,0.841694298095592,-54.50162408266692,-345.4983759173331,0.0,44.025192
89,0.8400491725970688,-26.863849155709033,-373.13615084429097,0.0,33.837303
90,0.8384073012243849,-30.843710618615773,-369.1562893813842,0.0,16.893373
91,0.8367686775407458,-16.044354117022806,-383.9556458829772,0.0,65.753525
92,0.835133295122089,-75.61683941851146,-324.38316058148854,0.0,34.039574
93,0.8335011475570592,-26.863854195695183,-373.1361458043048,0.0,35.783047
94,0.8318722284469829,-27.379953482208464,-372.62004651779154,0.0,27.029896
95,0.8302465314058439,-35.818460473307994,-364.181539526692,0.0,31.609995
96,0.828624050060257,-27.315074119741496,-372.6849258802585,0.0,25.407286
97,0.8270047780494445,-54.72307835794135,-345.27692164205865,0.0,15.8638315
98,0.8253887090252103,-50.74792605893629,-349.2520739410637,0.0,11.183764
99,0.8237758366519153,-23.714168291467217,-376.2858317085328,0.0,52.987778
100,0.8221661546064527,-36.81323161966179,-363.1867683803382,0.0,24.47179
101,0.8205596565782227,-82.58118668042238,-317.4188133195776,0.0,46.615738
102,0.8189563362691086,-47.7394178178879,-352.2605821821121,0.0,44.783886
103,0.8173561873934512,-48.960279037257635,-351.03972096274236,0.0,28.945751
104,0.815759203678025,-27.858818125759058,-372.14118187424094,0.0,18.490944
105,0.814165378862013,-16.445175470693584,-383.5548245293064,0.0,65.547646
106,0.8125747066969821,-66.00484506515818,-333.9951549348418,0.0,14.399811
107,0.8109871809468593,-39.81801821732114,-360.18198178267886,0.0,43.25728
108,0.8094027953879067,-113.42480681591042,-286.5751931840896,0.0,7.573735
109,0.8078215438086969,-46.257856928150204,-353.7421430718498,0.0,28.079117
110,0.8062434200100893,-42.930110706034384,-357.0698892939656,0.0,42.049377
111,0.8046684178052053,-29.878580116578178,-370.1214198834218,0.0,32.723663
112,0.8030965310194043,-39.79830683165915,-360.20169316834085,0.0,9.10322
113,0.8015277534902593,-55.71753094627098,-344.282469053729,0.0,48.8289
114,0.7999620790675329,-17.90977400683471,-382.0902259931653,0.0,69.45351
115,0.7983995016131531,-16.914293922844706,-383.0857060771553,0.0,48.743782
116,0.7968400150011891,-23.878982060393923,-376.1210179396061,0.0,41.45288
117,0.7952836131178277,-35.4071146144139,-364.5928853855861,0.0,46.82488
118,0.7937302898613491,-26.79939278480549,-373.2006072151945,0.0,19.451662
119,0.7921800391421024,-70.79102158297735,-329.20897841702265,0.0,22.66312
120,0.7906328548824832,-81.32222850045173,-318.67777149954827,0.0,34.471645
121,0.7890887310169081,-41.78820473976498,-358.211795260235,0.0,54.8857
122,0.7875476614917919,-24.874188392324243,-375.12581160767576,0.0,0.89308596
123,0.7860096402655237,-39.99539079038442,-360.0046092096156,0.0,45.94212
124,0.784474661308443,-13.929396526953553,-386.07060347304645,0.0,43.816616
125,0.7829427186028165,-28.567662135699038,-371.43233786430096,0.0,25.492682
126,0.781413806142814,-28.85581044345139,-371.1441895565486,0.0,35.818306
127,0.7798879179344851,-42.785971307902514,-357.2140286920975,0.0,59.791725
128,0.7783650479957357,-21.889063970018015,-378.110936029982,21.0209,35.51822
129,0.7768451903563047,-76.61183886903291,-323.3881611309671,21.071709,-5.3963203
130,0.77532833905774,-16.914298954715036,-383.08570104528496,29.096992,47.968643
131,0.7738144881533761,-28.781651644037197,-371.2183483559628,23.165504,39.2058
132,0.7723036317083098,-53.731274857970504,-346.2687251420295,32.730106,42.59993
133,0.7707957637993776,-19.178573673744836,-380.82142632625516,30.218517,38.45682
134,0.7692908785151322,-30.84368034626317,-369.15631965373683,34.845787,30.543583
135,0.7677889699558195,-27.8928963700518,-372.1071036299482,31.496273,38.17493
136,0.7662900322333551,-51.737597587368725,-348.2624024126313,27.211649,53.13144
137,0.7647940594713017,-27.311537564599348,-372.68846243540065,28.292614,47.232876
138,0.7633010458048459,-20.894125088040482,-379.1058749119595,36.340305,23.815714
139,0.7618109853807749,-15.923713800526059,-384.07628619947394,26.47714,65.58407
140,0.7603238723574538,-71.18752996865214,-328.81247003134786,35.915306,7.3843184
141,0.7588397009048029,-37.8084089048117,-362.1915910951883,24.133446,22.690159
142,0.7573584652042746,-38.03944535372591,-361.9605546462741,29.630968,71.94091
143,0.7558801594488306,-57.70747376675092,-342.2925262332491,36.850685,17.660397
144,0.7544047778429188,-22.884057843227822,-377.1159421567722,21.260162,61.297676
145,0.7529323146024516,-41.78820029467323,-358.21179970532677,35.504322,24.398455
146,0.7514627639547822,-43.77805704308298,-356.221942956917,40.425125,33.229958
147,0.7499961201386821,-40.12532370611717,-359.8746762938828,30.66962,32.624725
148,0.7485323774043192,-23.557851843490198,-376.4421481565098,17.204401,47.221542
149,0.7470715300132347,-38.80335280300949,-361.1966471969905,24.879757,22.317633
150,0.7456135722383205,-41.78815912561083,-358.21184087438917,42.40496,20.976389
151,0.7441584983637969,-43.77827070431641,-356.2217292956836,36.172516,53.18437
152,0.7427063026851908,-47.675776104701754,-352.32422389529825,32.128082,5.3722515
153,0.741256979509312,-27.354599710710602,-372.6454002892894,42.524998,57.958473
154,0.7398105231542323,-28.85379250442918,-371.1462074955708,34.251217,40.66935
155,0.7383669279492624,-31.93702653386879,-368.0629734661312,30.885124,31.515808
156,0.7369261882349297,-55.719588250223126,-344.2804117497769,16.005255,4.6540656
157,0.7354882983629564,-20.89412508550197,-379.10587491449803,22.141178,42.355984
158,0.7340532526962372,-32.836164567163905,-367.1638354328361,26.51286,21.430069
159,0.7326210456088172,-26.27172254601669,-373.7282774539833,24.625526,43.627613
160,0.7311916714858699,-4.974795957423794,-395.0252040425762,23.58601,83.57624
161,0.7297651247236753,-24.873936079341547,-375.12606392065845,25.63256,41.81563
162,0.7283413997295975,-33.82853732082856,-366.17146267917144,29.123056,30.87065
163,0.7269204909220632,-63.677172602427675,-336.3228273975723,20.597616,40.044395
164,0.7255023927305398,-31.845103609104797,-368.1548963908952,24.966034,24.477364
165,0.7240870995955132,-30.31149254083465,-369.68850745916535,27.077862,37.75039
166,0.7226746059684666,-31.847099075682763,-368.15290092431724,23.766966,42.301685
167,0.7212649063118578,-33.85953465752084,-366.14046534247916,30.400204,31.592455
168,0.719857995099099,-20.894158214073116,-379.1058417859269,39.71861,95.3928
169,0.718453866814533,-28.85376726989574,-371.14623273010426,27.1488,15.358697
170,0.7170525159534141,-16.05238132075675,-383.94761867924325,20.613459,51.937744
171,0.7156539370218843,-27.831912364810762,-372.16808763518924,33.021645,25.043627
172,0.7142581245369529,-26.863845843704837,-373.13615415629516,30.964745,68.23073
173,0.7128650730264751,-58.281625455281755,-341.71837454471824,25.112774,21.038216
174,0.7114747770291296,-25.86891533314929,-374.1310846668507,40.419575,43.8132
175,0.7100872310943986,-25.868915376914117,-374.1310846230859,31.894955,25.71036
176,0.7087024297825449,-40.793267261956146,-359.20673273804385,30.208426,37.89952
177,0.707320367664592,-50.742974004950725,-349.2570259950493,30.131338,19.181713
178,0.7059410393223016,-31.83875204254298,-368.161247957457,26.44107,63.544567
179,0.7045644393481529,-37.80832793505698,-362.191672064943,33.17783,29.158695
180,0.703190562345322,-23.99641876882106,-376.00358123117894,34.23931,38.445362
181,0.7018194029276594,-30.843665202897,-369.156334797103,30.002026,46.061134
182,0.7004509557196702,-33.86771767048879,-366.1322823295112,30.709257,34.3394
183,0.6990852153564923,-32.83360349826887,-367.1663965017311,32.341995,24.613949
184,0.697722176483875,-30.995425495927975,-369.004574504072,24.541351,59.2891
185,0.6963618337581594,-29.277465396393723,-370.7225346036063,28.310833,55.156933
186,0.6950041818462558,-26.863869352669724,-373.1361306473303,24.770983,66.50767
187,0.6936492154256242,-76.36757772108922,-323.6324222789108,28.540783,16.950508
188,0.6922969291842522,-33.82849170668362,-366.1715082933164,32.637665,38.895294
189,0.6909473178206355,-48.752887914005896,-351.2471120859941,28.393616,51.473503
190,0.6896003760437556,-34.82349637792191,-365.1765036220781,39.5151,20.341274
191,0.6882560985730604,-38.80332756848628,-361.1966724315137,21.625969,32.33513
192,0.6869144801384427,-31.838639404049786,-368.1613605959502,22.387398,53.1103
193,0.6855755154802199,-20.991765768279947,-379.00823423172005,28.242023,43.61784
194,0.6842391993491133,-31.8385809806789,-368.1614190193211,22.742643,57.7872
195,0.6829055265062274,-39.79830682499181,-360.2016931750082,17.604328,80.189445
196,0.6815744917230295,-31.838619206642136,-368.16138079335786,30.965956,27.05912
197,0.680246089781329,-13.947525292148441,-386.05247470785156,24.649967,47.706104
198,0.6789203154732575,-34.876747663842366,-365.12325233615763,31.60675,21.035122
199,0.6775971636012474,-26.86387907823371,-373.1361209217663,25.799183,26.854298
200,0.6762766289780126,-43.77805704329603,-356.22194295670397,22.483065,30.683966
201,0.6749587064265273,-56.919738725641196,-343.0802612743588,24.413086,33.975517
202,0.6736433907800065,-21.889084142595266,-378.11091585740473,30.251762,28.579592
203,0.6723306768818847,-45.76912090161022,-354.2308790983898,27.889427,41.798702
204,0.671020559585797,-37.8083785870208,-362.1916214129792,30.616407,22.853983
205,0.6697130337555578,-33.82856255536211,-366.1714374446379,30.530735,18.278112
206,0.668408094265141,-27.858828409516832,-372.14117159048317,26.148539,37.71227
207,0.6671057359986603,-18.18629837984298,-381.813701620157,35.142403,34.25293
208,0.6658059538503486,-40.79333627127215,-359.20666372872785,25.989613,21.225533
209,0.6645087427245383,-31.8386646379779,-368.1613353620221,27.510948,36.429073
210,0.6632140975356412,-23.878982060067358,-376.12101793993264,22.976757,27.279282
211,0.6619220132081287,-27.343600841758587,-372.6563991582414,26.938444,36.12327
212,0.660632484676512,-35.75399402629614,-364.24600597370386,24.580582,76.02314
213,0.6593455068853213,-53.72768315467249,-346.2723168453275,22.728569,41.228783
214,0.6580610747890876,-30.17401784380695,-369.82598215619305,29.79309,18.622374
215,0.6567791833523215,-36.7489530833858,-363.2510469166142,22.570597,5.939565
216,0.6554998275494943,-19.911982171465752,-380.08801782853425,28.770344,47.85995
217,0.6542230023650176,-57.70748910854326,-342.29251089145674,14.930985,11.791127
218,0.6529487027932246,-12.046013802271546,-387.95398619772845,29.805603,61.821
219,0.6516769238383496,-39.67791662276312,-360.3220833772369,25.365425,59.21462
220,0.6504076605145085,-36.8134094542894,-363.1865905457106,17.305763,47.178177
221,0.64914090784568,-44.773097069931055,-355.22690293006895,24.014057,26.182606
222,0.6478766608656853,-17.095221740916486,-382.9047782590835,25.340042,48.301544
223,0.6466149146181687,-28.853767707780662,-371.14623229221934,17.003971,48.555305
224,0.6453556641565787,-55.71755061475005,-344.28244938524995,29.757523,18.355946
225,0.6440989045441483,-34.82351709082468,-365.1764829091753,27.80711,53.546
226,0.6428446308538756,-24.873936079341547,-375.12606392065845,26.657742,11.112643
227,0.6415928381685041,-60.692325703497204,-339.3076742965028,12.6454735,15.592605
228,0.6403435215805042,-31.722413233861005,-368.277586766139,15.795524,47.988266
229,0.6390966761920538,-39.79991306565802,-360.200086934342,15.995676,20.019207
230,0.6378522971150183,-30.683113243158516,-369.3168867568415,23.128422,25.890507
231,0.6366103794709327,-25.868895136435015,-374.131104863565,24.19275,58.291546
232,0.6353709183909813,-76.54704172305105,-323.45295827694895,24.847002,25.254316
233,0.6341339090159794,-16.224551559856025,-383.775448440144,24.19674,39.36194
234,0.6328993464963537,-21.48317910761142,-378.5168208923886,31.589718,34.99917
235,0.6316672259921239,-37.80837354920186,-362.19162645079814,24.410597,28.571455
236,0.630437542672883,-26.863874390242586,-373.1361256097574,15.8457365,38.536736
237,0.6292102917177791,-63.67719279914769,-336.3228072008523,18.637285,35.949375
238,0.627985468315496,-24.873961317422868,-375.12603868257713,17.627338,46.08482
239,0.6267630676642344,-32.652815039645475,-367.3471849603545,25.992664,28.40876
240,0.625543084971693,-45.77689840957066,-354.22310159042934,31.467836,50.761265
241,0.6243255154550506,-83.57629301668811,-316.4237069833119,23.477337,0.25466534
242,0.6231103543409455,-17.303859174386616,-382.6961408256134,16.506231,65.71084
243,0.6218975968654591,-38.913386565977476,-361.0866134340225,28.469872,36.209675
244,0.620687238274095,-27.932111364486786,-372.0678886355132,12.55153,54.1537
245,0.6194792738217622,-29.340245895255578,-370.6597541047444,14.007313,29.025358
246,0.618273698772755,-27.858809635053035,-372.14119036494697,20.061409,51.680523
247,0.6170705084007353,-37.80836347836839,-362.1916365216316,15.268789,44.15862
248,0.6158696979887146,-31.904890380983773,-368.0951096190162,24.580084,64.47975
249,0.6146712628290337,-33.82855759841874,-366.17144240158126,21.192259,47.558975
250,0.6134751982233462,-35.90253051963151,-364.0974694803685,15.482801,53.905697
251,0.6122814994825986,-21.948845336562897,-378.0511546634371,21.099838,82.33574
252,0.6110901619270132,-30.89269392836445,-369.10730607163555,18.258644,34.5291
253,0.6099011808860682,-20.894135161201802,-379.1058648387982,20.576017,61.21819
254,0.6087145516984813,-34.90682865157032,-365.0931713484297,14.818343,48.010845
255,0.6075302697121896,-27.90909167515565,-372.09090832484435,23.248798,30.732353
256,0.6063483302843327,-42.783097985989684,-357.2169020140103,15.626865,25.082172
257,0.6051687287812334,-29.977178508457314,-370.0228214915427,33.175316,57.37529
258,0.6039914605783809,-34.82359924749949,-365.1764007525005,28.152199,51.90771
259,0.6028165210604113,-22.889382763926164,-377.11061723607384,12.760096,42.650608
260,0.60164390562109,-34.548817854176036,-365.45118214582396,23.13694,75.24687
261,0.6004736096632941,-32.83361869281265,-367.16638130718735,17.378828,40.542362
262,0.599305628598994,-58.70240255149173,-341.29759744850827,21.268597,42.15942
263,0.5981399578492347,-24.873936079341604,-375.1260639206584,15.543392,29.47467
264,0.5969765928441196,-27.37702357395648,-372.6229764260435,21.555798,56.87624
265,0.5958155290227909,-18.201878199970963,-381.79812180002904,14.9952965,65.719864
266,0.5946567618334124,-47.765741109200974,-352.234258890799,19.015835,36.773758
267,0.593500286733152,-31.988547536252838,-368.01145246374716,12.436503,58.058983
268,0.592346099188163,-35.877004371696444,-364.12299562830356,16.229637,40.273834
269,0.5911941946735669,-26.86459094754639,-373.1354090524536,25.38293,58.57853
270,0.5900445686734362,-22.88630282280144,-377.11369717719856,17.518404,44.398705
271,0.5888972166807754,-40.79785070134682,-359.2021492986532,16.549255,15.484303
272,0.5877521341975044,-56.71248947558149,-343.2875105244185,20.146267,15.556217
273,0.5866093167344402,-21.889079245126993,-378.110920754873,12.119074,71.79208
274,0.5854687598112799,-47.76553498898306,-352.23446501101694,16.592043,43.730175
275,0.5843304589565824,-12.949249159570172,-387.0507508404298,14.19672,62.562622
276,0.583194409707752,-25.869078084800833,-374.13092191519917,17.303993,56.498535
277,0.5820606076110196,-15.919339950492827,-384.0806600495072,16.113853,42.321606
278,0.580929048221426,-37.808378591803944,-362.19162140819606,14.14159,1.1545843
279,0.5797997271028043,-30.14033417939646,-369.85966582060354,11.570611,50.107574
280,0.5786726398277623,-43.78248130706038,-356.2175186929396,15.091468,30.463997
281,0.5775477819776659,-42.783405399631135,-357.21659460036886,17.944649,53.04938
282,0.576425149142621,-43.88132651827459,-356.1186734817254,17.380276,33.494743
283,0.5753047369214561,-24.87405316424872,-375.1259468357513,18.875591,51.669838
284,0.5741865409217061,-39.73398667234193,-360.2660133276581,26.480785,57.706253
285,0.5730705567595936,-23.899546875345436,-376.10045312465456,15.705278,50.45058
286,0.571956780060013,-25.906846545580606,-374.0931534544194,12.294059,60.97532
287,0.5708452064565126,-20.04028577562076,-379.95971422437924,19.690788,55.0352
288,0.569735831591278,-21.889084142595266,-378.11091585740473,19.824003,24.2554
289,0.5686286511151146,-29.550158062963817,-370.4498419370362,20.065147,56.19449
290,0.5675236606874304,-13.112748578914648,-386.88725142108535,21.291327,25.90699
291,0.5664208559762197,-28.61963639382475,-371.38036360617525,18.875807,64.05525
292,0.5653202326580455,-6.004762788564392,-393.9952372114356,18.071789,58.68451
293,0.5642217864180226,-47.47466337304951,-352.5253366269505,11.069564,30.76496
294,0.5631255129498008,-52.732724095429376,-347.2672759045706,18.537676,1.1634583
295,0.5620314079555486,-52.611460828320844,-347.38853917167916,14.448725,48.147575
296,0.5609394671459352,-19.89916611999098,-380.100833880009,20.386974,64.40072
297,0.5598496862401144,-35.81996612079092,-364.1800338792091,14.961453,28.995607
298,0.5587620609657078,-9.1058244873401,-390.8941755126599,20.035862,76.32013
299,0.5576765870587879,-43.77810219952522,-356.2218978004748,15.558798,65.39482
300,0.5565932602638612,-18.61496049157438,-381.3850395084256,18.507769,62.315784
301,0.5555120763338524,-30.855035924628112,-369.1449640753719,12.765829,58.54958
302,0.5544330310300861,-19.89921421771311,-380.1007857822869,21.375134,21.047789
303,0.5533561201222721,-42.76460737352636,-357.23539262647364,12.653565,28.137571
304,0.5522813393884873,-51.50389225435879,-348.4961077456412,20.863976,45.197872
305,0.5512086846151599,-55.71761642560466,-344.28238357439534,11.280081,-2.119514
306,0.5501381515970529,-54.67608962579277,-345.32391037420723,12.551065,9.9483795
307,0.5490697361372472,-17.957102486917677,-382.0428975130823,15.420687,64.754234
308,0.5480034340471256,-17.91560888973521,-382.0843911102648,21.457716,80.000534
309,0.5469392411463558,-26.863828963478056,-373.13617103652194,16.642748,88.60071
310,0.5458771532628749,-34.82474792267374,-365.17525207732626,14.8094635,74.5764
311,0.5448171662328718,-19.342961727191096,-380.6570382728089,22.431536,76.302444
312,0.5437592759007722,-13.960891731490051,-386.03910826850995,15.790566,44.321064
313,0.5427034781192216,-19.314080738509517,-380.6859192614905,18.09959,54.275208
314,0.5416497687490687,-50.67836980705374,-349.32163019294626,13.524456,21.113338
315,0.5405981436593503,-21.88906415276614,-378.11093584723386,17.026814,50.32235
316,0.5395485987272739,-42.958150246864534,-357.04184975313547,13.526691,40.452885
317,0.5385011298382021,-48.25812644492294,-351.74187355507706,15.332472,32.990353
318,0.5374557328856366,-39.387559355902965,-360.61244064409703,13.482233,89.09681
319,0.5364124037712019,-39.3671580686684,-360.6328419313316,12.421223,52.21939
320,0.5353711384046292,-21.261157949304845,-378.73884205069515,21.480003,31.205374
321,0.5343319327037405,-39.79841430737844,-360.20158569262156,13.200365,67.50509
322,0.5332947825944323,-33.24668946975646,-366.75331053024354,19.74605,43.752266
323,0.5322596840106599,-29.634264532245425,-370.3657354677546,19.20332,44.999405
324,0.5312266328944216,-27.858813387162968,-372.14118661283703,12.607538,46.70617
325,0.5301956251957425,-33.3900666166266,-366.6099333833734,19.478067,65.359406
326,0.5291666568726587,-15.959807528499653,-384.04019247150035,18.798805,66.10757
327,0.5281397238912016,-31.838644441175518,-368.1613555588245,14.056426,21.320572
328,0.5271148222253815,-25.268254172770355,-374.73174582722964,15.864874,37.189907
329,0.5260919478571728,-32.815052112764704,-367.1849478872353,16.211231,65.22121
330,0.5250710967764974,-29.93689160683101,-370.063108393169,13.049301,34.774475
331,0.5240522649812096,-15.921097258769976,-384.07890274123,16.732862,58.160145
332,0.5230354484770798,-21.88908979966334,-378.11091020033666,13.822599,56.837223
333,0.5220206432777794,-26.426674695486497,-373.5733253045135,8.30839,54.76547
334,0.5210078454048647,-23.95791534094576,-376.04208465905424,16.53273,51.39876
335,0.5199970508877615,-47.98693257337146,-352.01306742662854,13.736007,84.346214
336,0.5189882557637497,-30.153404510267933,-369.84659548973207,15.831097,49.31752
337,0.517981456077948,-15.919340835936111,-384.0806591640639,14.301501,46.684643
338,0.5169766478832971,-49.11045255566921,-350.8895474443308,16.052126,94.707886
339,0.515973827240546,-25.80458976126465,-374.19541023873535,16.36755,83.28172
340,0.5149729902182353,-39.79842433157114,-360.20157566842886,18.35762,23.521814
341,0.5139741328926822,-47.693513489614645,-352.30648651038535,14.210384,69.36276
342,0.512977251347965,-40.97282812382582,-359.0271718761742,14.318937,56.824417
343,0.5119823416759084,-24.873936079455348,-375.12606392054465,15.490917,33.836857
344,0.510989399976067,-79.63441799530744,-320.36558200469256,13.443397,38.090332
345,0.5099984223557109,-49.760109452786594,-350.2398905472134,12.416515,29.533321
346,0.5090094049298102,-98.41035260729404,-301.58964739270596,16.801317,24.708786
347,0.5080223438210197,-40.7932204481296,-359.2067795518704,15.549063,40.715748
348,0.5070372351596638,-22.892799547611787,-377.1072004523882,16.770126,51.496674
349,0.5060540750837212,-47.91674886318208,-352.0832511368179,12.822242,20.176361
350,0.5050728597388099,-60.17571488163168,-339.8242851183683,11.749065,10.374522
351,0.504093585278172,-30.90802311951603,-369.09197688048397,12.677596,53.631973
352,0.5031162478626587,-59.46588923622443,-340.5341107637756,14.117363,63.024063
353,0.5021408436607152,-27.28417436178472,-372.7158256382153,13.556295,34.484627
354,0.5011673688483653,-21.08597869889371,-378.9140213011063,18.124702,52.027493
355,0.5001958196091975,-40.79318301700954,-359.20681698299046,18.364674,30.634258
356,0.49922619213434866,-81.3950381411347,-318.6049618588653,11.949138,38.96853
357,0.4982584826224901,-29.9695423967666,-370.0304576032334,10.88016,36.211075
358,0.49729268727981213,-50.78849988280439,-349.2115001171956,17.832212,50.53839
359,0.49632880232000953,-29.06727178276543,-370.93272821723457,20.021214,50.724464
360,0.49536682396426635,-46.614559522861214,-353.3854404771388,13.858314,24.526596
361,0.49440674844124155,-44.00362497563714,-355.99637502436286,11.615269,47.343838
362,0.4934485719870538,-15.028674344609385,-384.9713256553906,18.392956,44.34229
363,0.4924922908452668,-27.214488839322144,-372.78551116067786,14.288658,15.922643
364,0.49153790126687485,-86.23507364378918,-313.7649263562108,14.928815,69.787796
365,0.4905853995102878,-44.80125522848738,-355.1987447715126,13.827554,50.739693
366,0.4896347818413164,-54.92572378136799,-345.074276218632,18.736586,52.455746
367,0.48868604453315817,-48.4622145820764,-351.5377854179236,16.108448,45.84541
368,0.487739183866382,-23.88350155580747,-376.11649844419253,12.748484,49.381603
369,0.4867941961289141,-11.420670532864449,-388.57932946713555,15.773256,81.11613
370,0.4858510776160234,-23.879003738930862,-376.12099626106914,17.468323,44.806152
371,0.4849098246303069,-18.12332563768757,-381.87667436231243,11.99184,66.66356
372,0.48397043348167507,-50.47488890724139,-349.5251110927586,12.270023,34.059036
373,0.48303290048733777,-84.68887184589948,-315.3111281541005,12.878048,33.756233
374,0.4820972219717894,-33.78058265971231,-366.2194173402877,24.82026,41.7355
375,0.4811633942667947,-101.79668574805908,-298.2033142519409,14.914661,34.174652
376,0.48023141371137434,-23.58654788143025,-376.41345211856975,15.430031,46.874115
377,0.47930127665179056,-46.38214681495555,-353.61785318504445,12.463715,47.047813
378,0.47837297944153284,-79.41979473590379,-320.5802052640962,11.068676,35.219437
379,0.47744651844130365,-56.22660072113666,-343.77339927886334,12.811073,19.821205
380,0.476521890019004,-22.801760502395666,-377.19823949760433,12.169173,57.772934
381,0.47559909054971955,-41.9265988943971,-358.0734011056029,12.867037,24.747307
382,0.474678116415706,-71.01583030522534,-328.98416969477466,17.255836,9.858779
383,0.4737589640063752,-208.88647002162736,-191.11352997837264,14.36882,-3.2063894
384,0.47284162971828086,-30.20180583888117,-369.79819416111883,13.262825,44.531624
385,0.4719261099551045,-29.908553422868295,-370.0914465771317,16.619438,62.624413
386,0.47101240112764126,-30.2061079807209,-369.7938920192791,11.901359,50.222717
387,0.4701004996537858,-128.2638179880051,-271.7361820119949,11.193897,3.0116675
388,0.4691904019585186,-60.584879206197684,-339.4151207938023,17.921131,20.646378
389,0.4682821044738913,-43.02454310511803,-356.975456894882,15.571524,39.53751
390,0.46737560363901326,-36.50832356866022,-363.4916764313398,15.605558,21.955627
391,0.4664708959000376,-128.45041447380459,-271.5495855261954,14.816116,46.784584
392,0.46556797771014685,-40.21915882952618,-359.7808411704738,14.253475,19.294018
393,0.46466684552953946,-57.974482517996535,-342.02551748200347,15.316438,40.826134
394,0.46376749582541554,-88.19030639555808,-311.8096936044419,12.073735,40.358593
395,0.46286992507196356,-194.24688634115648,-205.75311365884352,15.676113,5.9027457
396,0.46197412975034574,-119.72758956342199,-280.272410436578,11.276932,31.458948
397,0.4610801063486851,-149.62456312646492,-250.37543687353508,11.610363,-0.33261204
398,0.4601878513620512,-228.06476696540236,-171.93523303459764,15.605851,-3.1390896
399,0.4592973612924463,-95.88325134914987,-304.1167486508501,12.033764,10.219559
400,0.4584086326487921,-299.0682363627485,-100.93176363725149,13.725807,-16.055735
401,0.45752166194691574,-197.1068959427126,-202.8931040572874,14.222748,-11.674793
402,0.4566364457095359,-281.7328989294818,-118.26710107051821,16.268692,-13.544554
403,0.45575298046624996,-249.12555737654827,-150.87444262345173,15.432396,-13.041516
404,0.4548712627535196,-94.65877249054665,-305.34122750945335,11.06311,23.581842
405,0.45399128911465747,-239.99516752889596,-160.00483247110404,13.878548,-1.5630007
406,0.45311305609981384,-234.17595804284662,-165.82404195715338,13.682319,-10.435465
407,0.4522365602659629,-247.90905921723487,-152.09094078276513,14.92952,-10.104578
408,0.45136179817688915,-218.0315214300707,-181.9684785699293,17.182678,-13.192682
409,0.45048876640317437,-199.06956610015436,-200.93043389984564,20.124187,3.4151897
410,0.44961746152218357,-186.78437241126147,-213.21562758873853,15.8129,8.94862
411,0.44874788011805194,-309.14458101601133,-90.85541898398867,13.550579,-2.7231035
412,0.4478800187816715,-266.057965057225,-133.94203494277502,11.353837,-17.11763
413,0.44701387411067756,-302.9347018130039,-97.06529818699607,12.327864,-8.767484
414,0.4461494427094353,-302.87919447321195,-97.12080552678805,15.46143,-18.058159
415,0.44528672118902696,-309.2695024881709,-90.73049751182913,13.160715,-13.140184
416,0.44442570616723787,-202.92919642869916,-197.07080357130084,17.396917,0.2391429
417,0.4435663942685436,-315.8887592923527,-84.11124070764731,11.599916,-21.318419
418,0.4427087821240968,-87.16045537108971,-312.8395446289103,17.848763,-0.10557553
419,0.4418528663717136,-318.36179562929146,-81.63820437070854,11.4358635,-17.806799
420,0.44099864365586083,-265.04172222725003,-134.95827777274997,15.1668415,-9.735806
421,0.44014611062764264,-302.59703305213355,-97.40296694786645,12.324347,-16.194836
422,0.4392952639447876,-229.2405440222189,-170.7594559777811,20.968119,-10.318832
423,0.43844610027163505,-278.94517477334796,-121.05482522665204,21.097027,-19.284048
424,0.43759861627912283,-331.16783327382694,-68.83216672617306,16.041529,-24.506313
425,0.4367528086447735,-240.61498455651798,-159.38501544348202,14.270515,-15.451029
426,0.4359086740526817,-273.2450791918981,-126.75492080810187,16.211182,-13.492458
427,0.4350662091935013,-175.07806765815621,-224.92193234184379,19.570591,-4.508898
428,0.4342254107644318,-245.87317488149952,-154.12682511850048,16.157953,-15.976848
429,0.433386275469206,-186.33545131706325,-213.66454868293675,20.96125,-5.776596
430,0.4325488000180768,-254.56400492487705,-145.43599507512295,15.884631,-16.84593
431,0.4317129811278044,-339.24060983913273,-60.75939016086727,14.963233,-21.646885
432,0.43087881552164325,-272.0583375164215,-127.94166248357851,15.226803,-18.595364
433,0.4300462999293296,-286.14304817859386,-113.85695182140614,15.95705,-20.003836
434,0.4292154310870682,-265.80141405028354,-134.19858594971646,15.632641,-17.969671
435,0.4283862057375198,-332.56541208304844,-67.43458791695156,17.590794,-15.913683
436,0.4275586206297882,-154.51054744929863,-245.48945255070137,18.760914,-6.8405848
437,0.4267326725194078,-87.94947905364853,-312.05052094635147,13.341257,-0.1844779
438,0.42590835816833034,-305.95890733319305,-94.04109266680695,9.790506,-21.98542
439,0.425085674344913,-199.53514185959156,-200.46485814040844,13.827153,-3.8528461
440,0.424264617823905,-312.7765037977613,-87.22349620223872,20.345482,-22.667181
441,0.4234451853864354,-320.4347233990292,-79.56527660097078,10.345675,-23.433002
442,0.42262737382000004,-360.3089121883402,-39.69108781165983,17.512924,-27.420422
443,0.42181117991844946,-248.13700099148227,-151.86299900851773,14.191633,-13.96579
444,0.4209966004819762,-322.6168987754035,-77.38310122459649,12.015718,-23.65122
445,0.4201836323171017,-247.86497360601294,-152.13502639398706,15.667894,-16.176027
446,0.4193722722366648,-351.0627745288532,-48.9372254711468,16.462803,-26.495808
447,0.4185625170598083,-304.96534217956383,-95.03465782043617,12.306769,-21.886065
448,0.417754363611967,-311.8107391381241,-88.18926086187588,16.27715,-22.570604
449,0.416947808724855,-295.5501170958474,-104.44988290415262,15.152349,-20.944542
450,0.41614284923645356,-335.84936160865084,-64.15063839134916,11.597819,-24.974466
451,0.4153394819909984,-199.58013162538947,-200.41986837461053,13.59908,-11.347543
452,0.41453770383896765,-309.15775042483324,-90.84224957516676,12.933262,-22.305305
453,0.4137375116370692,-272.1749529218477,-127.8250470781523,13.32324,-18.607025
454,0.4129389022482284,-354.30994159009015,-45.69005840990985,15.756201,-26.820524
455,0.4121418725415761,-352.23530884869086,-47.76469115130914,11.373262,-26.61306
456,0.411346419392436,-244.29752266362925,-155.70247733637075,13.153271,-13.362199
457,0.4105525396823124,-254.12973990804366,-145.87026009195634,13.945654,-16.802504
458,0.4097602302988785,-261.27850783177405,-138.72149216822595,13.120216,-16.957064
459,0.4089694881359634,-187.34863522680314,-212.65136477319686,14.407835,-9.576323
460,0.40818031009354067,-327.81154102918816,-72.18845897081184,13.524883,-24.170685
461,0.4073926930777156,-372.1877662318305,-27.812233768169506,13.2185135,-23.376368
462,0.40660663400071345,-137.7831511641981,-262.2168488358019,18.177765,-5.1678452
463,0.4058221297808672,-311.75077348508006,-88.24922651491994,15.42822,-22.564608
464,0.40503917734260547,-361.52842526595055,-38.471574734049454,14.028849,-28.598244
465,0.40425777361644066,-328.5182846612088,-71.48171533879122,13.928379,-20.480112
466,0.4034779155389564,-272.04368541014105,-127.95631458985895,13.339518,-18.593899
467,0.40269960005279626,-295.9759420362275,-104.02405796377252,12.145544,-20.987123
468,0.40192282410665103,-371.153405555783,-28.846594444216976,10.568365,-25.79706
469,0.40114758465524747,-281.1882040551436,-118.81179594485639,11.162302,-19.50835
470,0.40037387865933577,-326.0288722494382,-73.97112775056178,14.052946,-13.247617
471,0.39960170308567794,-349.36635640815376,-50.63364359184624,17.91111,-22.576967
472,0.3988310549070359,-324.1611635839308,-75.83883641606923,8.565274,-23.805647
473,0.39806193110215954,-348.11804827501714,-51.881951724982855,14.972725,-26.201334
474,0.3972943286557749,-284.7653831583651,-115.23461684163487,12.814711,-19.866068
475,0.39652824455857233,-374.93681921750647,-25.063180782493532,14.45895,-24.973732
476,0.3957636758071948,-352.8436014764685,-47.15639852353149,15.797681,-21.03438
477,0.39500061940422604,-261.99911246301986,-138.00088753698014,15.415645,-17.589441
478,0.3942390723581787,-343.2972488967873,-56.70275110321268,12.422821,-17.765816
479,0.3934790316834827,-281.00179038913086,-118.99820961086914,16.016731,-16.487886
480,0.3927204944004737,-344.2709354736084,-55.729064526391596,15.463463,-21.54565
481,0.3919634575353811,-264.22674833648546,-135.77325166351454,10.314994,-17.812204
482,0.39120791812031663,-350.4135282135672,-49.58647178643281,13.699476,-26.430883
483,0.3904538731932627,-332.31281723958716,-67.68718276041284,15.370478,-21.491718
484,0.38970131979806044,-331.8538516764592,-68.14614832354079,13.185562,-24.574915
485,0.38895025498439867,-332.22471705185,-67.77528294815,11.147898,-24.612001
486,0.38820067580780193,-267.28563748421703,-132.71436251578297,10.054163,-18.118093
487,0.38745257932961896,-333.4930460943092,-66.5069539056908,12.143888,-27.25741
488,0.38670596261701146,-306.1048254595981,-93.89517454040191,14.035786,-22.000013
489,0.3859608227429423,-349.28840986606593,-50.71159013393407,10.033992,-21.732883
490,0.38521715678616414,-237.30494277460923,-162.69505722539077,11.731028,-14.906924
491,0.384474961831208,-386.9015276326476,-13.098472367352372,9.573193,-30.079683
492,0.3837342349683719,-221.2653461081302,-178.7346538918698,15.842567,-11.154633
493,0.3829949732937092,-312.3527319273586,-87.6472680726414,14.016693,-22.624804
494,0.38225717390901753,-381.2306289704192,-18.769371029580782,10.034658,-23.716705
495,0.38152083392182723,-322.06958683423085,-77.93041316576915,9.572301,-22.963892
496,0.38078595044539015,-372.13650559595527,-27.86349440404473,11.349197,-28.60318
497,0.380052520598668,-367.32270527704446,-32.67729472295554,11.648453,-28.121801
498,0.37932054150632166,-342.26146700828707,-57.73853299171293,10.6922455,-25.615677
499,0.37859001029869915,-254.49558856348557,-145.50441143651443,12.459073,-16.839088
500,0.3778609241118252,-369.6011820463128,-30.398817953687228,16.173683,-27.177559
501,0.3771332800873892,-386.5419880815509,-13.458011918449074,14.598904,-26.286547
502,0.3764070753727348,-269.7263525440664,-130.2736474559336,12.316519,-18.362165
503,0.37568230712084794,-338.79209148918596,-61.207908510814036,10.582426,-15.8525305
504,0.3749589724903463,-200.78609813426968,-199.21390186573032,11.893651,-10.675796
505,0.3742370686454678,-355.3024601137544,-44.69753988624558,13.740296,-24.19524
506,0.37351659275605975,-253.2439695543169,-146.7560304456831,11.950508,-16.713926
507,0.37279754199756754,-329.5705295185528,-70.4294704814472,9.664513,-18.881227
508,0.3720799135510236,-279.23822405458355,-120.76177594541645,9.646927,-19.313353
509,0.3713637046030365,-397.7773091580709,-2.2226908419290794,13.474416,-31.167261
510,0.37064891234577985,-271.4505125503317,-128.54948744966828,11.442062,-18.534582
511,0.3699355339769809,-278.97097069721286,-121.02902930278714,13.4218235,-19.286627
512,0.3692235666999106,-365.0312096205169,-34.968790379483096,11.703728,-27.89265
513,0.36851300772337114,-311.1744755249899,-88.82552447501013,10.2444725,-22.506977
514,0.36780385426168627,-340.4452059864821,-59.55479401351789,10.907415,-25.434052
515,0.36709610353469,-373.14705496343333,-26.852945036566666,12.8103075,-28.704235
516,0.36638975276771546,-338.2363919919924,-61.76360800800762,18.254143,-25.21317
517,0.3656847991915841,-318.0651034443789,-81.9348965556211,6.9394884,-25.534698
518,0.36498124004259497,-357.2063006934892,-42.7936993065108,10.445011,-27.11016
519,0.3642790725625141,-285.0476354217193,-114.95236457828071,13.273388,-19.894293
520,0.36357829399856295,-340.61986375682727,-59.38013624317273,8.855864,-25.451517
521,0.3628789016034084,-277.69350355591905,-122.30649644408095,15.99623,-19.15888
522,0.36218089263515174,-349.8716362406418,-50.128363759358194,7.7214894,-20.549637
523,0.3614842643573177,-315.63166291501506,-84.36833708498494,12.897896,-22.952696
524,0.3607890140388438,-344.74871523850106,-55.25128476149894,12.271948,-24.026905
525,0.3600951389540697,-351.1000804599483,-48.89991954005171,11.112808,-26.499538
526,0.35940263638272685,-339.13450778787734,-60.86549221212266,11.724749,-25.30298
527,0.3587115036099272,-316.5872577696875,-83.41274223031252,16.93185,-23.048256
528,0.35802173792615294,-302.35080358472123,-97.64919641527877,8.069992,-25.23175
529,0.35733333662724576,-356.23714536994424,-43.762854630055756,8.131089,-28.23111
530,0.3566462970143963,-338.4554493809501,-61.544550619049915,10.520184,-25.235075
531,0.3559606163941338,-391.3207857765854,-8.67921422341459,7.375863,-17.992117
532,0.3552762920783148,-323.69882262090414,-76.30117737909586,13.975691,-23.759413
533,0.3545933213841134,-379.5067572529059,-20.493242747094087,12.029276,-26.840858
534,0.3539117016340107,-357.91750737330767,-42.08249262669233,12.375645,-17.172283
535,0.3532314301557834,-371.821113067606,-28.178886932393993,9.924169,-28.571642
536,0.3525525042824947,-371.63336646071264,-28.366633539287363,11.384916,-20.815855
537,0.35187492135248233,-336.77924622022334,-63.22075377977666,9.509232,-25.067455
538,0.3511986787093495,-365.87650594967477,-34.123494050325235,13.424158,-27.860079
539,0.35052377370195387,-365.2186585802169,-34.781341419783075,13.259161,-27.911396
540,0.3498502036843966,-338.736305254044,-61.263694745956,8.058056,-24.034943
541,0.3491779660160133,-352.6837008842924,-47.31629911570758,15.197609,-20.258451
542,0.3485070580613623,-331.4192580843266,-68.5807419156734,9.1747875,-24.164543
543,0.34783747719021535,-385.95382306322443,-14.046176936775566,8.430313,-21.408815
544,0.3471692207775466,-377.49282613162967,-22.50717386837033,13.303761,-26.016575
545,0.3465022862035228,-356.9890412456027,-43.01095875439728,10.521772,-27.088434
546,0.3458366708534929,-318.21472242001676,-81.78527757998324,9.327728,-18.158813
547,0.3451723721179775,-330.72389278984303,-69.27610721015697,14.96939,-24.46192
548,0.3445093873926591,-350.8829127787516,-49.117087221248426,8.114918,-21.317284
549,0.3438477140783714,-369.0436361225868,-30.956363877413196,12.194412,-28.293894
550,0.3431873495810896,-357.02006715109957,-42.97993284890043,7.7971997,-27.072979
551,0.34252829131191986,-346.4364784447387,-53.563521555261275,10.950547,-11.536824
552,0.3418705366870892,-357.13021872399344,-42.86978127600656,10.190819,-21.636545
553,0.3412140831279358,-334.48263589642625,-65.51736410357375,12.090196,-22.247822
554,0.340558928060898,-358.2628109674891,-41.73718903251091,9.203358,-24.962894
555,0.33990506891750516,-341.3614202545611,-58.6385797454389,14.111868,-19.030605
556,0.339252503134367,-369.02502952678185,-30.97497047321815,9.349265,-24.280123
557,0.3386012281531638,-359.224385862201,-40.77561413779898,18.756691,-24.940659
558,0.3379512414206365,-362.08386073639207,-37.91613926360793,9.366812,-19.995298
559,0.33730254038857593,-335.9957381699329,-64.0042618300671,14.788329,-24.39256
560,0.336655122513814,-358.15268714644384,-41.84731285355616,13.310595,-27.2048
561,0.3360089852582127,-388.1772215726562,-11.822778427343792,9.538239,-20.988823
562,0.3353641260886548,-343.4577328819636,-56.54226711803642,8.171036,-14.890985
563,0.33472054247703353,-382.7601590147215,-17.239840985278477,9.242826,-29.665546
564,0.33407823190024283,-370.4991626628834,-29.500837337116593,14.216528,-24.534737
565,0.3334371918401676,-363.10042743071494,-36.899572569285056,6.1184425,-26.917149
566,0.33279741978367355,-380.44424986345473,-19.55575013654527,6.816584,-30.494473
567,0.33215891322259744,-371.60277943594116,-28.39722056405884,13.726398,-28.549809
568,0.3315216696537373,-318.6195696405498,-81.3804303594502,12.336489,-23.251488
569,0.33088568657884265,-396.5335973502304,-3.4664026497695772,6.595825,-25.77885
570,0.3302509615046048,-365.6950623362996,-34.3049376637004,12.805399,-22.94455
571,0.32961749194264645,-362.86898714173606,-37.131012858263944,10.663055,-22.158384
572,0.328985275409513,-378.8304057554788,-21.169594244521193,9.68313,-18.546213
573,0.3283543094266617,-341.32306283277165,-58.676937167228346,9.8316555,-25.521835
574,0.32772459152045286,-382.1887573780346,-17.81124262196539,10.869107,-20.29888
575,0.3270961192221396,-396.9306763874063,-3.069323612593678,11.694469,-29.402807
576,0.32646889006785823,-333.6200677236788,-66.3799322763212,10.894976,-24.751537
577,0.3258429015986189,-384.81622576221423,-15.18377423778577,9.120432,-25.159151
578,0.3252181513602954,-360.9413317231546,-39.058668276845424,9.787817,-27.483664
579,0.32459463690361634,-320.9659489651335,-79.03405103486648,10.871759,-23.486124
580,0.3239723557841547,-340.86098836336356,-59.13901163663644,7.788457,-25.475628
581,0.32335130556231867,-362.8287766569523,-37.1712233430477,10.184965,-12.405596
582,0.3227314838033425,-368.8547976711207,-31.145202328879293,10.540226,-27.412708
583,0.3221128880772759,-328.24871902525865,-71.75128097474135,9.440434,-24.214401
584,0.32149551595897546,-378.78879126067727,-21.21120873932273,9.926341,-29.26841
585,0.3208793650280948,-349.7349619730234,-50.26503802697658,13.524658,-18.537447
586,0.32026443286907497,-362.58062316857007,-37.41937683142993,13.722557,-27.647593
587,0.31965071707113507,-342.28920888643864,-57.710791113561356,9.140046,-25.61845
588,0.3190382152282629,-390.5481920410423,-9.451807958957716,6.4641733,-30.44435
589,0.3184269249392057,-392.9254029060082,-7.074597093991827,7.6579723,-30.68207
590,0.31781684380746,-378.3989618652445,-21.601038134755527,12.726634,-22.905561
591,0.317207969441263,-371.6446951521497,-28.355304847850277,14.167108,-28.553999
592,0.31660029945358287,-364.74089413730553,-35.25910586269447,13.042749,-13.664953
593,0.3159938314621094,-367.75092391924403,-32.24907608075597,6.067816,-28.164623
594,0.31538856308924473,-388.32473269691445,-11.675267303085548,10.600951,-29.052721
595,0.3147844919620939,-338.3358257640263,-61.66417423597369,13.441441,-28.824446
596,0.3141816157124558,-380.19179130352376,-19.808208696476242,7.6352806,-20.555124
597,0.31357993197681344,-364.98196202559336,-35.01803797440664,8.0707,-16.876232
598,0.3129794383963253,-372.72806763845176,-27.271932361548238,7.2365713,-19.50039
599,0.3123801326168155,-386.1304467664243,-13.869553233575687,9.341715,-30.002575
600,0.3117820122887648,-363.8201443190531,-36.1798556809469,8.360765,-18.410393
601,0.3111850750673017,-293.23009038012884,-106.76990961987116,12.729853,-20.71254
602,0.31058931861219263,-388.8929938381657,-11.107006161834306,12.469881,-30.27883
603,0.3099947405878333,-378.44670912303815,-21.553290876961853,8.610195,-27.141022
604,0.30940133866323904,-373.2393320696305,-26.760667930369493,9.599201,-17.660397
605,0.30880911051203647,-387.4725631938904,-12.52743680610962,13.284966,-30.136786
606,0.30821805381245343,-384.2493615292916,-15.750638470708395,13.560663,-29.814466
607,0.30762816624731054,-368.4035929965429,-31.596407003457102,7.8829203,-16.14143
608,0.3070394455040118,-365.27512329719826,-34.72487670280174,9.866526,-19.920725
609,0.3064518892745356,-384.69199341809684,-15.308006581903157,15.881248,-23.292915
610,0.30586549525542595,-363.3720477127013,-36.62795228729868,11.783355,-24.855898
611,0.30528026114778267,-378.59700931990693,-21.40299068009307,9.607868,-4.326351
612,0.30469618465725345,-364.376075721226,-35.623924278773984,9.339237,-18.342243
613,0.304113263494024,-379.16071200947516,-20.839287990524838,8.327214,-19.385267
614,0.3035314953728095,-375.43347259576154,-24.566527404238457,13.261787,-28.758759
615,0.30295087801284537,-387.33486926385314,-12.665130736146864,9.541115,-28.279694
616,0.30237140913787863,-340.01112843872806,-59.988871561271935,10.111906,-26.626438
617,0.3017930864761587,-347.9411169286386,-52.05888307136138,6.9778223,-25.171066
618,0.3012159077604288,-405.97758920672277,5.977589206722769,8.468045,-31.98729
619,0.3006398707279166,-345.15317614105635,-54.84682385894365,14.049614,-27.837545
620,0.3000649731203259,-341.3888212708096,-58.611178729190385,14.576705,-20.347092
621,0.29949121268382733,-370.33899561363717,-29.661004386362833,9.347236,-28.42343
622,0.29891858716904973,-356.2101334768293,-43.7898665231707,13.123053,-22.399693
623,0.29834709433107126,-343.329450395136,-56.67054960486399,12.284254,-17.054344
624,0.29777673192941073,-421.27351262910173,21.27351262910173,19.265026,-33.51688
625,0.29720749772801874,-366.64382266743377,-33.35617733256623,9.600318,-28.053913
626,0.29663938949526863,-324.5650654380148,-75.43493456198519,7.3749776,-23.900532
627,0.29607240500394827,-377.0118235902322,-22.98817640976779,13.427486,-27.833065
628,0.2955065420312508,-373.00158589939707,-26.99841410060293,14.277844,-25.763554
629,0.2949417983587664,-393.5414460474185,-6.458553952581497,10.963032,-30.743675
630,0.2943781717724733,-390.29821548869154,-9.70178451130846,9.527125,-27.318308
631,0.29381566006272897,-344.35381724715376,-55.646182752846244,6.0180936,-21.325241
632,0.29325426102426194,-346.2486882045985,-53.75131179540148,9.552281,-15.439391
633,0.2926939724561626,-376.26437470200966,-23.73562529799034,17.773304,-26.629425
634,0.29213479216187493,-374.3757896283195,-25.624210371680476,12.501696,-20.575043
635,0.29157671794918777,-365.86214482701826,-34.137855172981745,8.63119,-13.868864
636,0.2910197476302263,-369.94595846405525,-30.054041535944748,10.206491,-26.56794
637,0.2904638790214435,-338.3506519225726,-61.64934807742742,7.1331377,-21.264526
638,0.28990910994361113,-407.0001388229921,7.000138822992085,11.489507,-21.663498
639,0.2893554382218119,-353.8817824440321,-46.118217555967874,10.713991,-13.774439
640,0.28880286168543046,-328.5693249160917,-71.43067508390828,10.594254,-19.623936
641,0.28825137816814506,-373.21232628584505,-26.78767371415495,8.805563,-25.124525
642,0.28770098550791906,-386.30791738581513,-13.69208261418487,7.7637987,-26.456776
643,0.2871516815469923,-383.49698024700035,-16.50301975299965,13.887576,-17.95672
644,0.2866034641318728,-364.2852268019671,-35.7147731980329,12.627678,-19.761898
645,0.2860563311133284,-349.29584916336324,-50.70415083663676,13.916153,-19.52679
646,0.2855102803463781,-365.16096911427655,-34.839030885723446,5.6475377,-27.905626
647,0.28496530969028366,-363.37788208451576,-36.62211791548424,9.029772,-19.188688
648,0.28442141700854157,-367.8235378651485,-32.17646213485148,9.570932,-22.811903
649,0.2838786001688742,-338.17432721801583,-61.82567278198417,13.069319,-19.01986
650,0.28333685704322165,-350.8773220835472,-49.1226779164528,9.312666,-14.177124
651,0.2827961855077336,-361.38206798919424,-38.61793201080576,7.359583,-19.150146
652,0.28225658344276056,-352.6962671761775,-47.303732823822486,9.437828,-26.659157
653,0.281718048732846,-355.65621715871845,-44.34378284128155,8.866564,-28.437696
654,0.2811805792667177,-362.4841851124953,-37.51581488750469,10.410294,-17.64359
655,0.28064417293727967,-380.68985915658016,-19.310140843419845,6.7740507,-25.758389
656,0.28010882764160394,-354.3736004293632,-45.626399570636806,12.0754385,-12.93253
657,0.27957454128092196,-376.8575104940523,-23.142489505947708,13.3933115,-22.873358
658,0.2790413117606169,-341.9653771108077,-58.03462288919229,14.686437,-10.192033
659,0.27850913699021507,-337.71986567794204,-62.28013432205796,9.733984,-9.311399
660,0.27797801488337776,-412.13678618368635,12.136786183686354,12.106819,-17.873003
661,0.2774479433578933,-403.2813915155323,3.2813915155322775,10.495788,-20.47292
662,0.27691892033566845,-329.6812313290151,-70.31876867098492,9.394719,-25.244144
663,0.27639094374272083,-360.2038849745449,-39.796115025455094,5.913147,-22.215654
664,0.2758640115091701,-361.96007482974335,-38.03992517025665,9.190203,-26.226658
665,0.27533812156923076,-369.5027708750769,-30.49722912492308,8.068986,-26.80342
666,0.274813271861203,-369.5505262729808,-30.44947372701921,13.527288,-19.760733
667,0.27428946032746543,-343.11513358422417,-56.88486641577583,11.705011,-15.806031
668,0.2737666849144667,-416.52047617210343,16.52047617210343,10.470634,-30.243748
669,0.2732449435727173,-357.3163698898122,-42.68363011018778,11.17326,-22.304947
670,0.2727242342567818,-378.85546599168913,-21.14453400831087,8.192118,-29.275076
671,0.2722045549252708,-349.26775217039005,-50.732247829609946,10.436488,-20.60103
672,0.2716859035408327,-378.065561305514,-21.934438694486005,10.238186,-24.58942
673,0.2711682780701461,-347.1054018400976,-52.89459815990239,8.333594,-25.20945
674,0.2706516764839113,-366.1532845656566,-33.84671543434342,11.237572,-18.737114
675,0.27013609675684286,-388.9268697436002,-11.073130256399793,9.803405,-2.3904748
676,0.26962153686766127,-390.27524844653686,-9.724751553463136,11.551853,-29.579004
677,0.2691079947990853,-379.35692409264107,-20.643075907358934,9.220123,-23.006914
678,0.2685954685378242,-341.08316549636066,-58.916834503639336,7.8034406,-27.143497
679,0.268083956074569,-342.40201972870943,-57.59798027129057,8.931585,-23.142454
680,0.2675734554039858,-352.13882495298895,-47.861175047011045,6.3164234,-16.621891
681,0.26706396452470704,-348.20519012506304,-51.79480987493696,9.9122715,-20.921507
682,0.26655548143932406,-345.0057256605303,-54.99427433946971,8.133059,-27.03239
683,0.2660480041543791,-344.52531326854273,-55.47468673145727,14.743334,-23.301281
684,0.26554153068035763,-360.81184850101886,-39.18815149898114,10.008693,-28.227587
685,0.26503605903168026,-382.8147084869918,-17.185291513008224,3.9009244,-26.898287
686,0.2645315872266954,-380.8654667457598,-19.134533254240182,10.616451,-28.060713
687,0.2640281132876711,-409.29755364123355,9.297553641233549,8.727256,-28.82757
688,0.2635256352407875,-335.4237216214252,-64.57627837857478,10.084679,-20.530703
689,0.263024151116129,-398.23218873355256,-1.7678112664474384,12.832831,-29.551317
690,0.2625236589476766,-386.7109932589232,-13.289006741076776,10.0017605,-30.060629
691,0.2620241567733002,-379.4951586937292,-20.504841306270805,9.337374,-29.544762
692,0.26152564263475075,-409.19700332803785,9.197003328037852,8.774714,-32.30923
693,0.2610281145776529,-370.30594274524725,-29.69405725475275,7.824431,-4.8848457
694,0.26053157065149696,-385.06730315705164,-14.93269684294836,13.532719,-29.896261
695,0.2600360089096314,-347.4683535515369,-52.53164644846311,11.996462,-19.938995
696,0.25954142740925545,-350.97212079701814,-49.027879202981865,11.832752,-21.872097
697,0.25904782421141115,-404.03400637164077,4.034006371640771,8.61305,-31.79293
698,0.2585551973809759,-369.90866879297107,-30.09133120702893,8.449787,-19.305847
699,0.2580635449866548,-379.5783650699577,-20.421634930042273,9.283667,-32.977947
700,0.25757286510097316,-358.2928392778631,-41.707160722136905,14.021829,-27.218815
