-1.0133773e-05,9.664329e-06,4.0207738e-07,6.726373e-08,1.02659214e-10,2.2737368e-13,0.0,0.0,0.0,0.0,0.0,0.0,0.0,0.0,0.0,0.0,0.0,0.0,0.0,0.0
-0.00012723033,0.00012154896,5.5139053e-06,1.6670754e-07,7.2157036e-10,3.3196557e-11,2.046363e-12,0.0,0.0,0.0,0.0,0.0,0.0,0.0,0.0,0.0,0.0,0.0,0.0,0.0
-1.657448e-06,1.5211818e-06,1.3600811e-07,2.5784175e-10,0.0,0.0,0.0,0.0,0.0,0.0,0.0,0.0,0.0,0.0,0.0,0.0,0.0,0.0,0.0,0.0
-2.5803251e-06,2.5800493e-06,2.7534952e-10,0.0,0.0,0.0,0.0,0.0,0.0,0.0,0.0,0.0,0.0,0.0,0.0,0.0,0.0,0.0,0.0,0.0
-1.1821726e-08,1.1594352e-08,2.2669155e-10,5.684342e-13,1.1368684e-13,0.0,0.0,0.0,0.0,0.0,0.0,0.0,0.0,0.0,0.0,0.0,0.0,0.0,0.0,0.0
-0.0020030474,0.0019919018,1.0364883e-05,7.368525e-07,4.0488317e-08,3.1072886e-09,1.7178081e-10,1.7735147e-11,6.1390892e-12,0.0,0.0,0.0,0.0,0.0,0.0,0.0,0.0,0.0,0.0,0.0
-0.009344084,0.008301654,0.0010041685,3.7793885e-05,4.6182583e-07,6.189339e-09,1.01181286e-10,9.094947e-13,0.0,1.1368684e-13,0.0,0.0,0.0,0.0,0.0,0.0,0.0,0.0,0.0,0.0
-1.7501243e-05,1.6042975e-05,1.1223807e-06,2.8964644e-07,4.0184318e-08,6.0402954e-09,1.6257218e-11,0.0,0.0,0.0,0.0,0.0,0.0,0.0,0.0,0.0,0.0,0.0,0.0,0.0
-0.0021802445,0.0018445592,0.00032915958,6.522805e-06,2.7843043e-09,3.410605e-13,0.0,0.0,0.0,0.0,0.0,0.0,0.0,0.0,0.0,0.0,0.0,0.0,0.0,0.0
-6.6976204e-06,6.6919333e-06,5.6866156e-09,6.82121e-13,0.0,0.0,0.0,0.0,0.0,0.0,0.0,0.0,0.0,0.0,0.0,0.0,0.0,0.0,0.0,0.0
-3.4194418e-05,3.396083e-05,2.2713925e-07,6.447749e-09,9.094947e-13,0.0,0.0,0.0,0.0,1.1368684e-13,0.0,0.0,0.0,0.0,0.0,0.0,0.0,0.0,0.0,0.0
-0.00017149244,0.00017132636,1.6577849e-07,2.9740477e-10,0.0,0.0,0.0,0.0,0.0,0.0,0.0,0.0,0.0,0.0,0.0,0.0,0.0,0.0,0.0,0.0
-0.0022594158,0.002241193,1.8222481e-05,1.8906121e-10,2.728484e-12,0.0,0.0,0.0,0.0,0.0,0.0,0.0,0.0,0.0,0.0,0.0,0.0,0.0,0.0,0.0
-0.00016978016,0.0001697685,1.1662223e-08,5.2295945e-12,0.0,0.0,0.0,0.0,0.0,0.0,0.0,0.0,0.0,0.0,0.0,0.0,0.0,0.0,0.0,0.0
-2.2782763e-07,2.2763152e-07,1.9554136e-10,4.5474735e-13,1.1368684e-13,0.0,0.0,0.0,0.0,0.0,0.0,0.0,0.0,0.0,0.0,0.0,0.0,0.0,0.0,0.0
-9.547718e-05,9.546273e-05,1.3945851e-08,5.007905e-10,1.7053026e-12,0.0,0.0,0.0,2.2737368e-13,0.0,0.0,0.0,0.0,0.0,0.0,0.0,0.0,0.0,0.0,0.0
-3.2752218e-06,3.275221e-06,6.82121e-13,0.0,0.0,0.0,0.0,0.0,0.0,1.1368684e-13,0.0,0.0,0.0,0.0,0.0,0.0,0.0,0.0,0.0,0.0
-6.043258e-05,5.8205726e-05,1.8534382e-06,3.6414303e-07,7.665108e-09,1.5860451e-09,1.4438228e-11,1.2505552e-12,9.094947e-13,0.0,0.0,0.0,0.0,0.0,1.1368684e-13,1.1368684e-13,0.0,0.0,0.0,0.0
-1.6664704e-05,1.660992e-05,5.4450197e-08,3.2662228e-10,5.9117156e-12,1.5916157e-12,1.1368684e-13,0.0,0.0,0.0,0.0,0.0,0.0,0.0,0.0,0.0,0.0,0.0,0.0,0.0
-6.3260245e-08,6.325615e-08,4.092726e-12,0.0,0.0,0.0,0.0,0.0,0.0,0.0,0.0,0.0,0.0,0.0,0.0,0.0,0.0,0.0,0.0,0.0
-0.006235806,0.0062152743,1.9241736e-05,1.2888769e-06,1.0086296e-09,1.8690116e-10,1.1368684e-12,6.82121e-13,1.1368684e-13,0.0,0.0,0.0,0.0,0.0,0.0,0.0,0.0,0.0,0.0,0.0
-5.3756652e-05,5.3445754e-05,3.0658282e-07,4.263484e-09,5.0590643e-11,2.046363e-12,0.0,0.0,0.0,0.0,0.0,0.0,0.0,0.0,0.0,0.0,0.0,0.0,0.0,0.0
-0.006649081,0.006649081,5.0931703e-11,0.0,0.0,0.0,0.0,0.0,0.0,0.0,0.0,0.0,0.0,0.0,0.0,0.0,0.0,0.0,0.0,0.0
-3.3397595e-05,3.288344e-05,5.0442407e-07,9.698965e-09,2.2055247e-11,8.867573e-12,0.0,0.0,0.0,0.0,0.0,0.0,0.0,1.1368684e-13,0.0,0.0,0.0,0.0,0.0,0.0
-0.0046149273,0.004454723,0.00016017286,3.1313448e-08,1.1368684e-12,0.0,0.0,0.0,0.0,0.0,0.0,0.0,0.0,0.0,0.0,0.0,0.0,0.0,0.0,0.0
-0.00010902718,0.00010902672,4.665708e-10,1.1368684e-13,0.0,0.0,0.0,0.0,0.0,0.0,0.0,0.0,0.0,0.0,0.0,0.0,0.0,0.0,0.0,0.0
-6.72635e-08,6.0362595e-08,6.9002226e-09,4.5474735e-13,1.1368684e-13,0.0,0.0,0.0,0.0,0.0,0.0,0.0,0.0,0.0,0.0,0.0,0.0,0.0,0.0,0.0
-0.011627026,0.0088624135,0.0019602997,0.0007778255,1.7240325e-05,9.143156e-06,9.937821e-08,4.1452495e-09,8.2195584e-11,1.1368684e-13,0.0,0.0,0.0,0.0,0.0,0.0,0.0,0.0,0.0,0.0
-3.9585873e-05,3.3058506e-05,6.459344e-06,4.008632e-08,2.510535e-08,2.7444003e-09,8.458301e-11,2.9558578e-12,0.0,0.0,0.0,0.0,0.0,0.0,0.0,0.0,0.0,0.0,0.0,0.0
-0.0006094136,0.00060932885,8.164284e-08,3.0738647e-09,2.1827873e-11,1.2505552e-12,0.0,0.0,0.0,0.0,0.0,0.0,0.0,0.0,0.0,0.0,0.0,0.0,0.0,0.0
-1.8487184e-06,1.7788627e-06,6.883033e-08,9.609948e-10,6.332357e-11,1.0231815e-12,0.0,0.0,0.0,0.0,0.0,0.0,0.0,0.0,0.0,0.0,0.0,0.0,0.0,0.0
-0.0013963693,0.0013537826,4.238574e-05,2.009765e-07,3.637979e-12,3.410605e-13,1.1368684e-13,0.0,0.0,0.0,0.0,0.0,0.0,0.0,0.0,0.0,0.0,0.0,0.0,0.0
-0.0058915596,0.0058855144,5.8447836e-06,1.8841934e-07,1.2094915e-08,1.1004886e-10,0.0,0.0,0.0,0.0,0.0,0.0,0.0,0.0,0.0,0.0,0.0,0.0,0.0,0.0
-0.00088905235,0.00075933285,0.00012237707,7.3423184e-06,1.1800694e-10,0.0,0.0,0.0,0.0,0.0,0.0,0.0,0.0,0.0,0.0,0.0,0.0,0.0,0.0,0.0
-2.7245164e-08,2.6941962e-08,1.9895197e-10,1.03000275e-10,2.2737368e-13,0.0,0.0,0.0,0.0,0.0,0.0,0.0,0.0,0.0,0.0,0.0,0.0,0.0,0.0,0.0
-0.008297047,0.008295805,1.1445868e-06,9.642804e-08,3.0695446e-12,0.0,0.0,0.0,0.0,0.0,0.0,0.0,0.0,0.0,0.0,0.0,0.0,0.0,0.0,0.0
-2.748423e-06,2.7483975e-06,1.8076207e-11,6.4801498e-12,1.0231815e-12,0.0,0.0,0.0,0.0,0.0,0.0,0.0,0.0,0.0,0.0,0.0,0.0,0.0,0.0,0.0
-0.21182007,0.06311185,0.12732328,0.021326393,5.7766476e-05,7.7771665e-07,5.027232e-10,6.82121e-13,0.0,0.0,0.0,0.0,0.0,0.0,0.0,0.0,0.0,0.0,0.0,0.0
-0.0022112115,0.0022111628,4.8642278e-08,8.412826e-12,0.0,0.0,0.0,0.0,0.0,0.0,0.0,0.0,0.0,0.0,0.0,0.0,0.0,0.0,0.0,0.0
-0.32877508,0.14927788,0.07865468,0.06916884,0.021531623,0.0070093544,0.0031267367,5.671029e-06,2.961334e-07,6.7075234e-12,0.0,0.0,1.1368684e-13,0.0,0.0,0.0,0.0,0.0,0.0,0.0
-0.042403914,0.038095266,0.0039877407,0.00031956247,1.3456487e-06,1.1368684e-13,1.2505552e-12,1.1368684e-13,0.0,3.410605e-13,0.0,0.0,0.0,0.0,0.0,0.0,0.0,0.0,0.0,0.0
-0.008046745,0.0080431895,3.45333e-06,1.0175256e-07,5.146603e-10,4.5474735e-13,0.0,0.0,0.0,0.0,0.0,0.0,0.0,0.0,0.0,0.0,0.0,0.0,0.0,0.0
-0.0012063665,0.0011878546,1.8184388e-05,2.963975e-07,2.6800762e-08,4.307708e-09,2.7171154e-11,1.0231815e-12,2.2737368e-13,0.0,0.0,0.0,0.0,0.0,0.0,0.0,0.0,0.0,0.0,0.0
-0.00010085082,0.00010079532,5.437505e-08,1.0395524e-09,8.230927e-11,0.0,0.0,0.0,0.0,0.0,0.0,0.0,1.1368684e-13,0.0,0.0,0.0,0.0,0.0,0.0,0.0
-0.0006410269,0.00051275315,0.00012079077,7.397815e-06,8.4700446e-08,4.5747583e-10,4.5474735e-13,9.094947e-13,2.2737368e-13,0.0,0.0,0.0,0.0,0.0,0.0,0.0,0.0,0.0,0.0,0.0
-5.859863e-05,5.813123e-05,4.5569755e-07,1.1295924e-08,2.0872903e-10,1.969056e-10,0.0,0.0,0.0,0.0,0.0,0.0,0.0,0.0,0.0,0.0,0.0,0.0,0.0,0.0
-0.00031463132,0.00031338638,1.2378146e-06,7.0998567e-09,3.62661e-11,2.5011104e-12,1.1368684e-13,1.1368684e-13,0.0,0.0,0.0,0.0,0.0,0.0,0.0,0.0,0.0,0.0,0.0,0.0
-0.0032718182,0.002944884,0.00032615478,7.7906896e-07,3.3708147e-10,5.6161298e-11,1.1368684e-13,0.0,0.0,0.0,0.0,0.0,0.0,0.0,0.0,0.0,0.0,0.0,0.0,0.0
-0.00013186608,0.00013177436,9.1661946e-08,6.6734174e-11,1.1368684e-13,0.0,0.0,0.0,0.0,0.0,0.0,0.0,0.0,0.0,0.0,0.0,0.0,0.0,0.0,0.0
-1.2147541e-07,7.901667e-08,4.2404167e-08,5.4569682e-11,0.0,0.0,0.0,0.0,0.0,0.0,0.0,0.0,0.0,0.0,0.0,0.0,0.0,0.0,0.0,0.0
-0.000146848,0.00014684294,5.0445124e-09,1.4892976e-11,2.16005e-12,6.934897e-12,1.1368684e-13,0.0,0.0,0.0,0.0,0.0,0.0,0.0,0.0,0.0,0.0,0.0,0.0,0.0
-5.639288e-07,5.635394e-07,3.8880899e-10,5.684342e-13,0.0,0.0,0.0,0.0,0.0,0.0,0.0,0.0,0.0,0.0,0.0,0.0,0.0,0.0,0.0,0.0
-0.00021224881,0.00021223308,1.5667752e-08,7.3555384e-11,0.0,0.0,0.0,0.0,0.0,0.0,0.0,0.0,0.0,0.0,0.0,0.0,0.0,0.0,0.0,0.0
-0.0009406295,0.00088277465,5.7836383e-05,1.6911372e-08,1.5427304e-09,0.0,1.1368684e-13,0.0,0.0,0.0,0.0,0.0,0.0,0.0,0.0,0.0,0.0,0.0,0.0,0.0
-0.0027780035,0.002776875,1.1276038e-06,2.5011104e-12,9.258656e-10,1.9213076e-11,1.4779289e-12,2.3874236e-12,3.410605e-13,1.1368684e-13,0.0,0.0,0.0,0.0,0.0,0.0,0.0,0.0,0.0,0.0
-0.004096485,0.004094533,1.5252488e-06,4.2670172e-07,2.522711e-10,1.2505552e-12,0.0,0.0,0.0,0.0,0.0,0.0,0.0,0.0,0.0,0.0,0.0,0.0,0.0,0.0
-2.0921454e-05,2.089617e-05,2.16138e-08,2.7519036e-09,9.182486e-10,4.5474735e-13,0.0,0.0,0.0,0.0,0.0,0.0,0.0,0.0,0.0,0.0,0.0,0.0,0.0,0.0
-0.0071256985,0.007112508,1.3188435e-05,1.7372486e-09,2.8978775e-10,3.410605e-13,0.0,0.0,0.0,0.0,0.0,0.0,0.0,0.0,0.0,0.0,0.0,0.0,0.0,0.0
-0.00010356029,8.335827e-05,2.0198875e-05,3.140599e-09,3.8653525e-12,1.1368684e-13,0.0,0.0,0.0,0.0,0.0,0.0,0.0,0.0,0.0,0.0,0.0,0.0,0.0,0.0
-1.1353152e-05,1.134731e-05,5.8387286e-09,1.1368684e-12,1.1368684e-13,2.3874236e-12,1.1368684e-13,0.0,0.0,0.0,0.0,0.0,0.0,0.0,0.0,0.0,0.0,0.0,0.0,0.0
-3.4318828e-07,3.4318361e-07,4.6611603e-12,0.0,0.0,0.0,0.0,0.0,0.0,0.0,0.0,0.0,0.0,0.0,0.0,0.0,0.0,0.0,0.0,0.0
-0.00040100538,0.00039460053,6.184675e-06,2.2014694e-07,4.7293724e-11,1.1368684e-13,0.0,0.0,0.0,0.0,0.0,0.0,0.0,0.0,0.0,0.0,0.0,0.0,0.0,0.0
-0.00037032028,0.00037028067,3.9355314e-08,2.487468e-10,9.094947e-13,0.0,0.0,0.0,0.0,0.0,0.0,0.0,0.0,0.0,0.0,0.0,0.0,0.0,0.0,0.0
-0.00026677916,0.00026325005,3.5259482e-06,3.0760248e-09,9.1517904e-11,1.1368684e-13,0.0,2.2737368e-13,0.0,0.0,0.0,0.0,0.0,0.0,0.0,0.0,0.0,0.0,0.0,0.0
-0.0005194068,0.00050411024,1.5279997e-05,1.6183435e-08,3.6766323e-10,4.5474735e-13,0.0,0.0,0.0,0.0,0.0,0.0,0.0,0.0,0.0,0.0,0.0,0.0,0.0,0.0
-6.0132015e-07,5.687865e-07,3.2435196e-08,9.7998054e-11,4.5474735e-13,0.0,0.0,0.0,0.0,0.0,0.0,0.0,0.0,0.0,0.0,0.0,0.0,0.0,0.0,0.0
-0.00015427628,0.00015393212,3.2176217e-07,1.7860316e-08,4.5312163e-09,1.364242e-12,0.0,0.0,0.0,0.0,0.0,0.0,0.0,0.0,0.0,0.0,0.0,0.0,0.0,0.0
-0.00042586448,0.00042581747,2.2643235e-08,2.397519e-08,3.6209258e-10,1.1368684e-12,6.82121e-13,0.0,0.0,0.0,0.0,0.0,0.0,0.0,0.0,0.0,0.0,0.0,0.0,0.0
-0.00011727126,0.000116657364,6.119742e-07,1.9103936e-09,1.330136e-11,1.1368684e-13,0.0,0.0,0.0,0.0,0.0,0.0,0.0,0.0,0.0,0.0,0.0,0.0,0.0,0.0
-3.761254e-07,3.3340496e-07,3.817763e-08,4.540766e-09,2.046363e-12,0.0,0.0,0.0,0.0,0.0,0.0,0.0,0.0,0.0,0.0,0.0,0.0,0.0,0.0,0.0
-0.00011453085,8.315448e-05,3.1336756e-05,3.9325528e-08,2.7534952e-10,5.1159077e-12,1.1368684e-13,0.0,0.0,0.0,0.0,0.0,0.0,0.0,0.0,0.0,0.0,0.0,0.0,0.0
-8.090958e-07,7.8310893e-07,2.23406e-08,3.3522838e-09,2.8194336e-10,1.15960574e-11,1.1368684e-13,1.1368684e-13,0.0,0.0,2.2737368e-13,0.0,0.0,0.0,0.0,0.0,0.0,0.0,0.0,0.0
-6.995526e-08,6.989114e-08,6.3892e-11,2.2737368e-13,0.0,0.0,0.0,0.0,0.0,0.0,0.0,0.0,0.0,0.0,0.0,0.0,0.0,0.0,0.0,0.0
-2.099297e-05,2.0477377e-05,5.1523944e-07,1.9281288e-10,1.5813839e-10,1.364242e-12,0.0,0.0,0.0,1.1368684e-13,0.0,0.0,0.0,0.0,0.0,0.0,0.0,0.0,0.0,0.0
-6.0460385e-05,6.022354e-05,2.366927e-07,1.2994406e-10,2.0236257e-11,0.0,0.0,0.0,0.0,0.0,0.0,0.0,0.0,0.0,0.0,0.0,0.0,0.0,0.0,0.0
-1.1673735e-05,1.1537684e-05,1.3327497e-07,2.7708893e-09,3.9790393e-12,1.1368684e-13,2.2737368e-13,0.0,0.0,0.0,0.0,0.0,0.0,0.0,0.0,0.0,0.0,0.0,0.0,0.0
-0.0001063155,0.00010216362,4.1516214e-06,2.5067948e-10,4.5474735e-12,6.82121e-13,0.0,0.0,0.0,0.0,0.0,0.0,0.0,0.0,0.0,0.0,0.0,0.0,0.0,0.0
-1.7006585e-07,1.6854653e-07,1.518174e-09,1.1368684e-12,0.0,0.0,0.0,0.0,0.0,0.0,0.0,0.0,0.0,0.0,0.0,0.0,0.0,0.0,0.0,0.0
-0.00016681981,0.00016471162,2.0978491e-06,9.951464e-09,3.9256065e-10,8.185452e-12,4.5474735e-13,0.0,1.1368684e-13,0.0,0.0,0.0,0.0,0.0,0.0,0.0,0.0,0.0,0.0,0.0
-1.2087815e-05,4.8896745e-06,6.7370333e-06,4.140827e-07,4.6997457e-08,2.6830094e-11,3.410605e-13,0.0,0.0,0.0,0.0,0.0,0.0,0.0,0.0,0.0,0.0,0.0,0.0,0.0
-0.000590035,0.00058403943,5.993356e-06,1.6028707e-09,5.8514615e-10,1.5347723e-11,0.0,0.0,1.1368684e-13,0.0,0.0,0.0,0.0,0.0,0.0,0.0,0.0,0.0,0.0,0.0
-1.5288888e-06,1.4842439e-06,3.988748e-08,4.7525646e-09,4.888534e-12,0.0,0.0,0.0,0.0,0.0,0.0,0.0,0.0,0.0,0.0,0.0,0.0,0.0,0.0,0.0
-1.2223494e-05,1.2087947e-05,1.3554097e-07,6.366463e-12,0.0,0.0,0.0,0.0,0.0,0.0,0.0,0.0,0.0,0.0,0.0,0.0,0.0,0.0,0.0,0.0
-0.0008471226,0.00084490114,2.1846904e-06,3.6415827e-08,3.542482e-10,9.094947e-13,1.1368684e-13,0.0,0.0,0.0,0.0,0.0,0.0,0.0,0.0,0.0,0.0,0.0,0.0,0.0
-0.033576112,0.033472713,9.130456e-05,9.967674e-06,2.1179276e-06,6.8987447e-09,2.2737368e-13,0.0,0.0,0.0,0.0,0.0,0.0,0.0,0.0,0.0,0.0,0.0,0.0,0.0
-5.8183164e-06,5.7787256e-06,3.2853563e-08,6.7368546e-09,2.2737368e-13,0.0,0.0,0.0,0.0,0.0,0.0,0.0,0.0,0.0,0.0,0.0,0.0,0.0,0.0,0.0
-0.00010307189,0.00010190822,1.0024705e-06,1.5578041e-07,5.405923e-09,1.5347723e-11,1.1368684e-13,0.0,0.0,0.0,0.0,0.0,0.0,0.0,0.0,0.0,0.0,0.0,0.0,0.0
-5.18763e-06,3.4066052e-06,1.7613883e-06,1.9050844e-08,5.832135e-10,2.2737368e-12,0.0,0.0,0.0,0.0,0.0,0.0,0.0,0.0,0.0,0.0,0.0,0.0,0.0,0.0
-0.00019490096,0.00019406615,8.347912e-07,1.8530955e-11,1.364242e-12,0.0,0.0,0.0,0.0,0.0,0.0,0.0,0.0,0.0,0.0,0.0,0.0,0.0,0.0,0.0
-0.00020267784,0.00019977624,2.8922855e-06,9.311634e-09,3.410605e-13,0.0,0.0,0.0,0.0,0.0,0.0,0.0,0.0,0.0,0.0,0.0,0.0,0.0,0.0,0.0
-2.26469e-05,1.7800121e-05,4.77509e-06,7.103165e-08,6.57451e-10,3.410605e-13,0.0,0.0,0.0,1.1368684e-13,0.0,0.0,0.0,0.0,0.0,0.0,0.0,0.0,0.0,0.0
-6.432817e-05,6.431496e-05,1.31763045e-08,4.092726e-12,2.694378e-11,1.0231815e-12,0.0,0.0,0.0,0.0,0.0,0.0,0.0,0.0,0.0,0.0,0.0,0.0,0.0,0.0
-0.0029104524,0.0029010484,8.032374e-06,1.0609164e-06,2.6631983e-07,9.232508e-09,2.8811542e-08,6.362029e-09,8.98126e-12,0.0,0.0,0.0,0.0,0.0,0.0,0.0,0.0,0.0,0.0,0.0
-4.029886e-05,4.024788e-05,5.043421e-08,5.3421445e-10,5.684342e-12,1.5916157e-12,1.1368684e-13,1.8189894e-12,0.0,0.0,0.0,0.0,0.0,0.0,0.0,0.0,0.0,0.0,0.0,0.0
-4.1265412e-07,3.5833762e-07,4.033177e-08,1.2109126e-08,1.8346782e-09,3.876721e-11,1.9326762e-12,1.1368684e-13,0.0,0.0,0.0,0.0,0.0,0.0,0.0,0.0,0.0,0.0,0.0,0.0
-0.008487084,0.008411629,7.5453936e-05,2.3248958e-10,1.9440449e-10,1.364242e-12,3.410605e-13,0.0,0.0,0.0,0.0,0.0,0.0,0.0,0.0,0.0,0.0,0.0,0.0,0.0
-1.6113454e-06,1.1027892e-06,5.071098e-07,1.4459829e-09,4.5474735e-13,0.0,0.0,0.0,0.0,0.0,0.0,0.0,0.0,0.0,0.0,0.0,0.0,0.0,0.0,0.0
-5.98416e-05,5.9826554e-05,1.4629222e-08,4.1586645e-10,2.16005e-12,0.0,0.0,1.1368684e-13,0.0,0.0,0.0,0.0,0.0,0.0,0.0,0.0,0.0,0.0,0.0,0.0
-0.16962978,0.1695826,4.703218e-05,1.4547527e-07,4.206413e-12,0.0,0.0,0.0,0.0,0.0,0.0,0.0,0.0,0.0,0.0,0.0,0.0,0.0,0.0,0.0
-4.8234055e-05,4.8226175e-05,7.481958e-09,3.6902748e-10,2.9331204e-11,0.0,0.0,0.0,0.0,0.0,0.0,0.0,0.0,0.0,0.0,0.0,0.0,0.0,0.0,0.0
-0.2162425,0.16778724,0.045359757,0.0030911216,3.8676308e-06,5.244457e-07,1.0572876e-10,4.5474735e-13,0.0,0.0,0.0,0.0,0.0,0.0,0.0,0.0,0.0,0.0,0.0,0.0
-1.6570795e-05,1.5993905e-05,5.7295995e-07,3.923901e-09,6.4801498e-12,0.0,0.0,0.0,0.0,0.0,0.0,0.0,0.0,0.0,0.0,0.0,0.0,0.0,0.0,0.0
-0.00058038824,0.00058023894,1.4928582e-07,5.570655e-12,0.0,0.0,0.0,0.0,0.0,0.0,0.0,0.0,0.0,0.0,0.0,0.0,0.0,0.0,0.0,0.0
-0.00021320066,0.00021308413,7.851577e-08,3.6662755e-08,1.1814336e-09,1.7416824e-10,3.9790393e-12,2.842171e-12,1.1368684e-13,0.0,0.0,0.0,0.0,0.0,0.0,0.0,0.0,0.0,0.0,0.0
-0.00020064978,0.00020047968,1.6475963e-07,4.954586e-09,3.7152859e-10,0.0,0.0,0.0,0.0,0.0,0.0,0.0,0.0,0.0,0.0,0.0,0.0,0.0,0.0,0.0
-0.00024562975,0.00022165338,2.3517234e-05,4.5863726e-07,3.8721737e-10,1.11640475e-10,8.0717655e-12,1.1368684e-13,0.0,0.0,0.0,0.0,0.0,0.0,0.0,0.0,0.0,0.0,0.0,0.0
-2.3783625e-05,2.145765e-05,2.3205325e-06,5.440029e-09,1.4779289e-12,1.1368684e-13,0.0,0.0,0.0,0.0,0.0,0.0,0.0,0.0,0.0,0.0,0.0,0.0,0.0,0.0
-0.0010902081,0.001090125,8.3106556e-08,5.684342e-13,2.2737368e-13,0.0,0.0,0.0,0.0,0.0,0.0,0.0,0.0,0.0,0.0,0.0,0.0,0.0,0.0,0.0
-1.5757607e-05,1.5756468e-05,1.1382326e-09,0.0,0.0,0.0,0.0,0.0,0.0,0.0,0.0,0.0,0.0,0.0,0.0,0.0,0.0,0.0,0.0,0.0
-0.004644834,0.004641367,3.349206e-06,1.16559136e-07,9.180212e-10,1.2630608e-10,2.2737368e-13,0.0,0.0,0.0,0.0,0.0,0.0,0.0,0.0,0.0,0.0,0.0,1.1368684e-13,0.0
-1.05715635e-05,7.7864115e-07,9.7516495e-06,4.1265594e-08,6.5938366e-12,1.1368684e-13,0.0,0.0,0.0,0.0,0.0,0.0,0.0,0.0,0.0,0.0,0.0,0.0,0.0,0.0
-0.003313172,0.003311802,9.399771e-07,4.278262e-07,2.132765e-09,3.410605e-13,0.0,0.0,0.0,0.0,0.0,0.0,0.0,0.0,0.0,0.0,0.0,0.0,0.0,0.0
-0.0011909769,0.0011909748,1.6034392e-09,5.5240434e-10,2.842171e-12,0.0,0.0,0.0,0.0,0.0,0.0,0.0,0.0,0.0,0.0,0.0,0.0,0.0,0.0,0.0
-0.63153666,0.13310896,0.47936606,0.017560707,0.001418856,8.1606435e-05,5.008037e-07,1.2084911e-09,3.246896e-10,3.774403e-11,1.1368684e-13,0.0,0.0,0.0,0.0,0.0,0.0,0.0,0.0,0.0
-0.002365167,0.0023199688,4.5044577e-05,1.5246258e-07,1.2427108e-09,8.7538865e-12,0.0,0.0,0.0,0.0,0.0,0.0,0.0,0.0,0.0,0.0,0.0,0.0,0.0,0.0
-0.0018388452,0.001560757,0.0002684028,9.636605e-06,3.1833224e-08,1.3052613e-08,3.9394763e-09,2.3078428e-11,0.0,0.0,0.0,0.0,0.0,0.0,0.0,0.0,0.0,0.0,0.0,0.0
-1.6237424e-05,1.5969868e-05,2.6288308e-07,4.673666e-09,1.1368684e-13,0.0,0.0,0.0,0.0,0.0,0.0,0.0,0.0,0.0,0.0,0.0,0.0,0.0,0.0,0.0
-2.2581048e-07,2.244725e-07,1.3235422e-09,1.1254997e-11,3.1832315e-12,0.0,0.0,0.0,0.0,0.0,0.0,0.0,0.0,0.0,0.0,0.0,0.0,0.0,0.0,0.0
-0.0068813185,0.0068162815,6.499416e-05,4.2706347e-08,1.01181286e-11,0.0,0.0,0.0,2.2737368e-13,0.0,0.0,0.0,0.0,0.0,0.0,0.0,0.0,0.0,0.0,0.0
-0.017181665,0.01591083,0.0012393224,3.1139152e-05,3.5400683e-07,1.8592118e-08,6.0333605e-10,5.4797056e-11,2.7739588e-11,2.842171e-12,1.1368684e-13,0.0,0.0,0.0,0.0,0.0,0.0,0.0,0.0,0.0
-0.00022508741,0.00018094709,4.4137676e-05,2.6050202e-09,3.092282e-11,1.762146e-11,7.9580786e-13,0.0,0.0,0.0,0.0,0.0,0.0,0.0,0.0,0.0,0.0,0.0,0.0,0.0
-0.001521508,0.0015212706,2.2566189e-07,1.0437361e-08,1.241574e-09,1.1368684e-13,0.0,0.0,0.0,0.0,0.0,0.0,0.0,0.0,0.0,0.0,0.0,0.0,0.0,0.0
-0.0011735575,0.0010807602,9.0369176e-05,2.3352172e-06,9.24548e-08,3.6743586e-10,8.9357854e-11,5.4797056e-11,2.7739588e-11,1.2505552e-12,0.0,0.0,0.0,0.0,0.0,0.0,0.0,0.0,0.0,0.0
-0.001577783,0.0014758533,7.109227e-05,3.08091e-05,2.4397991e-08,3.0107685e-09,9.059704e-10,1.4779289e-12,0.0,0.0,0.0,0.0,0.0,0.0,0.0,0.0,0.0,0.0,0.0,0.0
-9.855403e-06,9.854055e-06,1.3455974e-09,2.16005e-12,0.0,0.0,0.0,0.0,0.0,0.0,0.0,0.0,0.0,0.0,0.0,0.0,0.0,0.0,0.0,0.0
-1.7192697e-05,1.7082886e-05,1.0886674e-07,8.0808604e-10,8.878942e-11,4.6838977e-11,2.2737368e-13,0.0,0.0,0.0,0.0,0.0,0.0,0.0,0.0,0.0,0.0,0.0,0.0,0.0
-0.0030741016,0.0030475722,2.6438953e-05,8.9193236e-08,1.2902319e-09,1.1368684e-13,0.0,0.0,0.0,0.0,0.0,0.0,0.0,0.0,0.0,0.0,0.0,0.0,0.0,0.0
-0.00075573847,0.000116768126,0.0006096037,2.9055438e-05,3.10598e-07,5.4205884e-10,2.1373125e-11,3.410605e-13,0.0,0.0,0.0,0.0,0.0,0.0,0.0,0.0,0.0,0.0,0.0,0.0
-7.5007854e-05,6.861179e-05,6.3926145e-06,3.432433e-09,1.3187673e-11,0.0,0.0,0.0,0.0,0.0,0.0,0.0,0.0,0.0,0.0,0.0,0.0,0.0,0.0,0.0
-0.00032533743,0.00032529165,4.456922e-08,1.1665406e-09,4.0358827e-11,1.6029844e-11,0.0,0.0,0.0,0.0,0.0,0.0,0.0,0.0,0.0,0.0,0.0,0.0,0.0,0.0
-0.0002666698,0.00026567606,9.82808e-07,1.0944177e-08,6.82121e-13,5.684342e-13,0.0,0.0,0.0,0.0,0.0,0.0,0.0,0.0,0.0,0.0,0.0,0.0,0.0,0.0
-0.00027901732,0.00027048137,8.464678e-06,7.0272336e-08,9.774794e-10,1.7053026e-12,0.0,0.0,0.0,0.0,0.0,0.0,0.0,0.0,0.0,0.0,0.0,0.0,0.0,0.0
-8.2247076e-05,8.21694e-05,5.9608055e-08,1.4908096e-08,2.5653435e-09,5.958327e-10,0.0,0.0,0.0,0.0,0.0,0.0,0.0,0.0,0.0,0.0,0.0,0.0,0.0,0.0
-0.001875954,0.0017414052,0.00013361726,9.242468e-07,7.1050863e-09,1.07093e-10,3.410605e-13,1.0231815e-12,0.0,0.0,0.0,0.0,0.0,0.0,0.0,0.0,0.0,0.0,0.0,0.0
-0.009326302,0.009028194,0.00026952318,2.844544e-05,1.06084826e-07,3.399964e-08,2.6147973e-12,0.0,0.0,0.0,0.0,0.0,0.0,0.0,0.0,0.0,0.0,0.0,0.0,0.0
-0.0033204604,0.0032654796,5.382856e-05,1.1452208e-06,7.266408e-09,7.9580786e-13,0.0,0.0,0.0,0.0,0.0,0.0,0.0,0.0,0.0,0.0,0.0,0.0,0.0,0.0
-5.9223872e-05,4.1902134e-05,1.2537475e-05,4.752155e-06,1.8016635e-08,1.0962822e-08,3.1246827e-09,3.0695446e-12,0.0,0.0,0.0,0.0,0.0,0.0,0.0,0.0,0.0,0.0,0.0,0.0
-2.379834e-05,2.0189147e-05,3.586254e-06,1.7049956e-08,5.7360694e-09,1.286935e-10,2.3646862e-11,4.5474735e-13,0.0,0.0,0.0,0.0,0.0,0.0,0.0,0.0,0.0,0.0,0.0,0.0
-0.004864778,0.004828823,2.3656692e-05,1.0689873e-05,1.5682141e-06,3.7429004e-08,2.7486067e-09,2.609113e-10,2.1032065e-11,3.1832315e-12,0.0,0.0,0.0,0.0,0.0,0.0,0.0,0.0,0.0,0.0
-4.6658474e-06,3.698769e-06,6.161233e-07,3.5093228e-07,2.6147973e-12,1.9099389e-11,1.1368684e-13,9.094947e-13,0.0,0.0,0.0,0.0,0.0,0.0,0.0,0.0,0.0,0.0,0.0,0.0
-2.629569e-05,2.148068e-05,4.527683e-06,2.7583167e-07,1.1489874e-08,2.6147973e-12,1.364242e-12,1.1368684e-13,0.0,0.0,0.0,0.0,0.0,0.0,0.0,0.0,0.0,0.0,0.0,0.0
-3.5338137e-05,3.5177378e-05,1.4779334e-07,1.2961664e-08,1.364242e-12,4.5474735e-13,1.1368684e-13,1.1368684e-13,0.0,0.0,0.0,0.0,0.0,0.0,0.0,0.0,0.0,0.0,0.0,0.0
-0.011573096,0.011557226,1.82073e-07,1.5678514e-05,8.079496e-09,5.595666e-10,9.663381e-12,1.4779289e-12,0.0,0.0,0.0,0.0,0.0,0.0,0.0,0.0,0.0,0.0,0.0,0.0
-0.010298529,0.0071097855,0.0022218851,0.00058526814,0.00035596237,2.421013e-05,1.416851e-06,7.6056494e-10,7.275958e-12,1.5688784e-11,0.0,0.0,0.0,0.0,0.0,0.0,0.0,0.0,0.0,0.0
-0.0007937917,0.0006187612,0.00016656397,8.208535e-06,1.9794538e-07,2.9803232e-08,2.921331e-08,1.0568328e-09,1.4779289e-12,1.9326762e-12,0.0,0.0,0.0,0.0,0.0,0.0,0.0,0.0,0.0,0.0
-1.4438568e-06,1.3637684e-06,5.2349606e-08,2.7701958e-08,3.672085e-11,1.1368684e-13,0.0,0.0,0.0,0.0,0.0,0.0,0.0,0.0,0.0,0.0,0.0,0.0,0.0,0.0
-0.14198445,0.04086869,0.034327522,0.060236465,0.0060605714,0.0004867968,3.3702786e-06,1.0311952e-06,6.3437255e-10,1.0004442e-11,1.1368684e-13,0.0,0.0,0.0,0.0,0.0,0.0,0.0,0.0,0.0
-0.00077146786,0.0007701539,1.2990687e-06,1.4831471e-08,8.708412e-11,0.0,0.0,0.0,0.0,0.0,0.0,0.0,0.0,0.0,0.0,0.0,0.0,0.0,0.0,0.0
-0.00010485094,4.8597805e-05,5.6087483e-05,1.4699606e-07,1.8556534e-08,8.674306e-11,6.934897e-12,0.0,0.0,0.0,0.0,0.0,0.0,0.0,0.0,0.0,0.0,0.0,0.0,0.0
-0.00012543553,0.0001192809,6.135449e-06,1.905164e-08,1.2391865e-10,0.0,0.0,0.0,0.0,0.0,0.0,0.0,0.0,0.0,0.0,0.0,0.0,0.0,0.0,0.0
-0.002396483,0.0023055375,9.053618e-05,3.9970234e-07,9.632458e-09,5.684342e-13,3.410605e-13,3.410605e-13,0.0,0.0,0.0,0.0,0.0,0.0,0.0,0.0,0.0,0.0,0.0,0.0
-1.5782683e-06,1.4655299e-06,1.0810618e-07,4.533149e-09,9.424639e-11,1.5916157e-12,3.0695446e-12,2.2737368e-13,0.0,0.0,0.0,0.0,0.0,0.0,0.0,0.0,0.0,0.0,0.0,0.0
-7.826434e-06,7.070891e-06,6.4691767e-07,1.07940764e-07,6.842811e-10,1.1368684e-13,0.0,0.0,1.1368684e-13,0.0,0.0,0.0,0.0,0.0,0.0,0.0,0.0,0.0,0.0,0.0
-0.00019413148,0.00019134306,2.754689e-06,3.364255e-08,9.9021236e-11,4.5474735e-12,1.1368684e-13,0.0,0.0,0.0,0.0,0.0,0.0,0.0,0.0,0.0,0.0,0.0,0.0,0.0
-2.1561533e-05,2.0977217e-05,5.839415e-07,3.7289283e-10,4.5474735e-13,2.2737368e-13,0.0,0.0,1.1368684e-13,0.0,0.0,0.0,0.0,0.0,0.0,0.0,0.0,0.0,0.0,0.0
-4.6610796e-05,4.0629326e-05,5.9647564e-06,1.6555077e-08,1.5927526e-10,2.2737368e-13,0.0,0.0,0.0,0.0,0.0,0.0,0.0,0.0,0.0,0.0,0.0,0.0,0.0,0.0
-3.4377066e-05,3.436499e-05,1.0354256e-08,1.6993909e-09,1.9667823e-11,2.5011104e-12,7.9580786e-13,2.2737368e-13,0.0,0.0,0.0,0.0,0.0,0.0,0.0,0.0,0.0,0.0,0.0,0.0
-2.0221432e-06,2.0214077e-06,7.298695e-10,4.888534e-12,6.82121e-13,0.0,0.0,0.0,0.0,0.0,0.0,0.0,0.0,0.0,0.0,0.0,0.0,0.0,0.0,0.0
-6.8826826e-06,6.8826475e-06,3.4674486e-11,4.5474735e-13,0.0,0.0,0.0,0.0,0.0,0.0,0.0,1.1368684e-13,0.0,0.0,0.0,0.0,0.0,0.0,0.0,0.0
-0.0026830214,0.0026429275,3.988602e-05,2.0733137e-07,3.516334e-10,2.478373e-11,1.1368684e-13,0.0,0.0,0.0,0.0,0.0,0.0,0.0,0.0,0.0,0.0,0.0,0.0,0.0
-4.3861754e-05,4.370769e-05,1.5001001e-07,4.04998e-09,2.9558578e-12,0.0,2.2737368e-13,0.0,0.0,0.0,0.0,0.0,0.0,0.0,0.0,0.0,0.0,0.0,0.0,0.0
-0.0003070299,0.0003070209,8.4779685e-09,5.2114046e-10,1.1368684e-13,0.0,0.0,0.0,0.0,0.0,0.0,0.0,0.0,0.0,0.0,0.0,0.0,0.0,0.0,0.0
-0.007392704,0.007256763,0.000116618976,1.9229214e-05,1.5160822e-08,6.6279995e-08,1.11829195e-08,1.0459189e-11,1.1368684e-13,0.0,0.0,0.0,0.0,0.0,0.0,0.0,0.0,0.0,0.0,0.0
-0.072513685,0.07213116,0.00038238673,1.364416e-07,3.3310243e-10,1.1368684e-13,4.5474735e-13,0.0,0.0,0.0,0.0,0.0,0.0,0.0,0.0,0.0,0.0,0.0,0.0,0.0
-0.00054863805,0.00050315517,3.8984974e-05,6.07231e-06,3.4113725e-07,5.2781502e-08,2.9471494e-08,1.9433628e-09,3.0456704e-10,5.684342e-12,7.9580786e-13,0.0,0.0,0.0,0.0,0.0,0.0,0.0,0.0,0.0
-0.001230465,0.0012196352,1.0818041e-05,1.16508545e-08,3.990408e-11,0.0,7.958079e-12,1.1368684e-13,0.0,0.0,0.0,0.0,0.0,0.0,0.0,0.0,0.0,0.0,0.0,0.0
-0.0005532359,0.0005531694,6.6465304e-08,4.5474735e-13,3.8653525e-12,1.1368684e-13,0.0,0.0,0.0,0.0,0.0,0.0,0.0,0.0,0.0,0.0,0.0,0.0,0.0,0.0
-0.00016162446,0.0001607567,8.5354736e-07,1.299361e-08,1.2043984e-09,1.2050805e-11,3.637979e-12,0.0,0.0,0.0,0.0,0.0,0.0,0.0,0.0,0.0,0.0,0.0,0.0,0.0
-0.004154061,0.003698167,0.00036901675,6.027481e-05,2.6583346e-05,1.8296078e-08,2.7193892e-10,3.3821834e-10,6.184564e-11,5.900347e-11,0.0,0.0,0.0,0.0,0.0,0.0,0.0,0.0,0.0,0.0
-0.0027236945,0.0026296298,9.405054e-05,1.37985126e-08,3.7039172e-10,1.1368684e-13,0.0,0.0,0.0,0.0,0.0,0.0,0.0,0.0,0.0,0.0,0.0,0.0,0.0,0.0
-6.338213e-05,5.7820973e-05,5.1513634e-06,4.0962368e-07,1.735998e-10,1.364242e-12,0.0,0.0,0.0,0.0,0.0,0.0,0.0,0.0,0.0,0.0,0.0,0.0,0.0,0.0
-0.0019986322,0.0019985966,2.7132614e-08,8.370307e-09,2.728484e-12,0.0,0.0,0.0,0.0,0.0,0.0,0.0,0.0,0.0,0.0,0.0,0.0,0.0,0.0,0.0
-0.0005951708,0.0005817352,1.07010455e-05,2.7128565e-06,2.1643245e-08,1.8530955e-11,1.1368684e-13,0.0,0.0,0.0,0.0,0.0,0.0,0.0,0.0,0.0,0.0,0.0,0.0,0.0
-0.00057941384,0.00057888177,9.587666e-09,2.5782572e-07,2.4709846e-07,1.7584512e-08,0.0,0.0,0.0,0.0,0.0,0.0,0.0,0.0,0.0,0.0,0.0,0.0,0.0,0.0
-0.013647897,0.013132549,0.0005148239,3.48007e-07,1.7315779e-07,2.990646e-09,1.1368684e-13,0.0,0.0,0.0,0.0,0.0,0.0,0.0,0.0,0.0,0.0,0.0,0.0,0.0
-0.006337017,0.006031694,0.00030423093,1.0921915e-06,3.6379788e-11,5.002221e-12,0.0,0.0,0.0,0.0,0.0,0.0,0.0,0.0,0.0,0.0,0.0,0.0,0.0,0.0
-4.6467434e-05,3.4672703e-05,1.03288485e-05,1.4468656e-06,1.875469e-08,2.6227553e-10,9.094947e-13,0.0,0.0,0.0,0.0,0.0,0.0,0.0,0.0,0.0,0.0,0.0,0.0,0.0
-6.0517873e-06,6.0159264e-06,3.566072e-08,1.9872459e-10,1.4779289e-12,0.0,0.0,0.0,1.1368684e-13,0.0,0.0,0.0,0.0,0.0,0.0,0.0,0.0,0.0,0.0,0.0
-0.00056275487,0.00048154924,8.10108e-05,1.945881e-07,8.276402e-11,1.2903456e-10,8.185452e-12,1.1368684e-13,1.1368684e-13,0.0,0.0,0.0,0.0,0.0,0.0,0.0,0.0,0.0,0.0,0.0
-6.2129848e-06,6.1866854e-06,2.5970962e-08,3.0252068e-10,2.2964741e-11,1.2505552e-12,2.2737368e-13,0.0,0.0,0.0,0.0,0.0,0.0,0.0,0.0,0.0,0.0,0.0,0.0,0.0
-0.0010687085,0.0010686674,4.1066755e-08,9.549694e-12,1.1368684e-13,0.0,0.0,0.0,0.0,0.0,0.0,0.0,0.0,0.0,0.0,0.0,0.0,0.0,0.0,0.0
-1.23986165e-05,3.2443663e-06,9.154182e-06,6.4119376e-11,5.684342e-13,2.3874236e-12,0.0,0.0,0.0,0.0,0.0,0.0,0.0,0.0,0.0,0.0,0.0,0.0,0.0,0.0
-4.9587263e-05,4.9366667e-05,2.2052234e-07,7.3896445e-11,1.0231815e-12,0.0,0.0,0.0,0.0,0.0,0.0,0.0,0.0,0.0,0.0,0.0,0.0,0.0,0.0,0.0
-0.0007796988,0.0005951676,0.00018450062,3.0167257e-08,3.8824055e-10,3.637979e-12,4.5474735e-13,0.0,0.0,0.0,0.0,0.0,0.0,0.0,0.0,0.0,0.0,0.0,0.0,0.0
-0.00027823332,0.00027805078,1.8201695e-07,5.171614e-10,1.1368684e-13,0.0,0.0,0.0,0.0,0.0,0.0,0.0,0.0,0.0,0.0,0.0,0.0,0.0,0.0,0.0
-0.0017530689,0.0016505655,9.280584e-05,5.192368e-06,4.5033776e-06,1.7570301e-09,2.2055247e-11,0.0,0.0,0.0,0.0,0.0,0.0,0.0,0.0,0.0,0.0,0.0,0.0,0.0
-0.00020987741,0.00020971209,1.3232909e-07,3.2345838e-08,5.5945293e-10,8.185452e-11,7.9580786e-13,0.0,0.0,0.0,0.0,0.0,0.0,0.0,0.0,0.0,0.0,0.0,0.0,0.0
-0.0030311488,0.0030287942,2.3106436e-06,3.900425e-08,4.41878e-09,2.7171154e-10,3.299192e-10,6.8212103e-12,0.0,0.0,0.0,0.0,0.0,0.0,0.0,0.0,0.0,0.0,0.0,0.0
-0.0040546,0.0038863374,0.00016603884,2.199813e-06,2.3787038e-08,1.330136e-11,7.275958e-12,1.5916157e-12,7.9580786e-13,0.0,0.0,0.0,0.0,0.0,0.0,0.0,0.0,0.0,0.0,0.0
-0.00019536215,0.00019343488,1.7305291e-06,1.9657796e-07,1.6541435e-10,1.1368684e-13,0.0,0.0,0.0,0.0,0.0,0.0,0.0,0.0,0.0,0.0,0.0,0.0,0.0,0.0
-0.0361722,0.017013205,0.018003324,0.0011428333,6.773944e-06,6.0340817e-06,2.8509817e-08,1.5006663e-11,1.5916157e-12,2.2737368e-13,0.0,0.0,0.0,0.0,0.0,0.0,0.0,0.0,0.0,0.0
-0.007197954,0.0070292954,0.00016865897,7.071321e-11,0.0,0.0,0.0,0.0,0.0,0.0,0.0,0.0,0.0,0.0,0.0,0.0,0.0,0.0,0.0,0.0
-0.0006795051,0.00046570823,0.00020363445,9.991753e-06,1.645044e-07,5.749712e-09,3.6141046e-10,3.592504e-11,7.9580786e-13,0.0,0.0,1.1368684e-13,0.0,0.0,0.0,0.0,0.0,0.0,0.0,0.0
-0.001569225,0.0013815559,0.00018766768,1.350486e-09,7.9580786e-13,1.1368684e-13,0.0,0.0,0.0,0.0,0.0,0.0,0.0,0.0,0.0,0.0,0.0,0.0,0.0,0.0
-8.66087e-05,8.658646e-05,2.2239988e-08,2.3874236e-12,0.0,0.0,0.0,0.0,0.0,0.0,0.0,0.0,0.0,0.0,0.0,0.0,0.0,0.0,0.0,0.0
-0.011732793,0.011707493,2.386596e-05,1.433187e-06,1.1292514e-09,1.4779289e-12,1.1368684e-13,0.0,0.0,0.0,0.0,0.0,0.0,0.0,0.0,0.0,0.0,0.0,0.0,0.0
-9.716736e-05,9.654997e-05,6.023163e-07,1.5046908e-08,1.5575097e-11,5.456968e-12,0.0,0.0,0.0,0.0,0.0,0.0,0.0,0.0,0.0,0.0,0.0,0.0,0.0,0.0
-3.433821e-05,3.3746925e-05,5.901785e-07,1.080366e-09,2.3646862e-11,2.2737368e-13,0.0,0.0,0.0,0.0,0.0,0.0,0.0,0.0,0.0,0.0,0.0,0.0,0.0,0.0
-0.004957112,0.004954999,2.1130006e-06,4.206413e-12,0.0,0.0,0.0,0.0,0.0,0.0,0.0,0.0,0.0,0.0,0.0,0.0,0.0,0.0,0.0,0.0
-4.6928624e-05,4.6912108e-05,1.6442755e-08,7.401013e-11,1.0231815e-12,0.0,0.0,0.0,0.0,0.0,0.0,0.0,0.0,0.0,0.0,0.0,0.0,0.0,0.0,0.0
-0.00040546255,0.00040539165,6.859477e-08,2.2847644e-09,1.6484591e-11,4.5474735e-13,1.1368684e-13,0.0,0.0,0.0,0.0,0.0,0.0,0.0,0.0,0.0,0.0,0.0,0.0,0.0
-1.3337183e-07,1.285722e-07,4.7995172e-09,1.1368684e-13,0.0,0.0,0.0,0.0,0.0,0.0,0.0,0.0,0.0,0.0,0.0,0.0,0.0,0.0,0.0,0.0
-0.00031937976,0.0003010188,1.8127841e-05,2.1837138e-07,1.4528609e-08,2.2066615e-10,0.0,0.0,0.0,0.0,0.0,0.0,0.0,0.0,0.0,0.0,0.0,0.0,0.0,0.0
-0.00044189606,0.00043654867,5.346691e-06,6.824621e-10,2.6147973e-12,2.2737368e-13,0.0,0.0,0.0,0.0,0.0,0.0,0.0,0.0,0.0,0.0,0.0,0.0,0.0,0.0
-0.059205156,0.05919887,6.0311986e-06,2.5408497e-07,4.4792614e-10,1.22781785e-11,4.774847e-12,0.0,0.0,0.0,0.0,0.0,0.0,0.0,0.0,0.0,0.0,0.0,0.0,0.0
-0.0005675799,0.00056735653,2.1708661e-07,6.2316303e-09,4.570211e-11,2.2737368e-13,0.0,0.0,0.0,0.0,0.0,0.0,0.0,0.0,0.0,0.0,0.0,0.0,0.0,0.0
-0.0004966379,0.0004938013,2.8364884e-06,6.514256e-11,4.3201e-11,2.2737368e-13,0.0,0.0,0.0,0.0,0.0,0.0,0.0,0.0,0.0,0.0,0.0,0.0,0.0,0.0
-2.2193808e-05,2.0590165e-05,1.603503e-06,6.150458e-11,7.935341e-11,1.1368684e-13,0.0,0.0,0.0,0.0,0.0,0.0,0.0,0.0,0.0,0.0,0.0,0.0,0.0,0.0
-0.002112588,0.0021120037,5.744457e-07,9.33062e-09,2.1259439e-10,3.524292e-12,1.2505552e-12,0.0,0.0,0.0,0.0,0.0,0.0,0.0,0.0,0.0,0.0,0.0,0.0,0.0
-0.00030410328,0.0003037401,3.6307767e-07,9.140422e-11,3.410605e-13,0.0,0.0,0.0,0.0,0.0,0.0,0.0,0.0,0.0,0.0,0.0,0.0,0.0,0.0,0.0
-5.562289e-05,5.5622728e-05,1.6143531e-10,3.410605e-13,0.0,0.0,0.0,0.0,0.0,0.0,0.0,0.0,0.0,1.1368684e-13,0.0,0.0,0.0,0.0,0.0,0.0
-0.00037142978,0.00037069476,7.3196406e-07,2.3828761e-09,6.7655037e-10,9.094947e-13,0.0,0.0,0.0,0.0,0.0,0.0,0.0,0.0,0.0,0.0,0.0,0.0,0.0,0.0
-0.0011619662,0.0011427093,1.8702804e-05,4.819775e-07,7.037352e-08,1.7395223e-09,1.1368684e-13,0.0,0.0,0.0,0.0,0.0,0.0,0.0,0.0,0.0,0.0,0.0,0.0,0.0
-2.2936238e-05,2.2921997e-05,1.4191073e-08,5.0249582e-11,0.0,0.0,0.0,0.0,0.0,0.0,0.0,0.0,0.0,0.0,0.0,0.0,0.0,0.0,0.0,0.0
-0.0007258884,0.0007073203,1.8367004e-05,2.001924e-07,9.538326e-10,0.0,0.0,0.0,0.0,0.0,0.0,0.0,0.0,0.0,0.0,0.0,0.0,0.0,0.0,0.0
-0.0039819707,0.0038877719,9.2999144e-05,1.0458124e-06,1.5392504e-07,2.728484e-12,1.04478204e-10,8.98126e-12,1.8189894e-12,1.1368684e-13,1.1368684e-13,0.0,0.0,0.0,0.0,0.0,0.0,0.0,0.0,0.0
-0.0015663237,0.0013806988,0.00017700913,8.118654e-06,4.8454535e-07,1.21629e-08,4.473577e-10,3.4106051e-12,5.684342e-13,1.0231815e-12,2.2737368e-13,0.0,0.0,0.0,0.0,0.0,0.0,0.0,0.0,0.0
-0.00010812412,6.43081e-05,4.290365e-05,7.1920556e-07,1.930822e-07,7.833023e-11,4.5474735e-13,1.1368684e-13,0.0,0.0,0.0,0.0,0.0,0.0,0.0,0.0,0.0,0.0,0.0,0.0
-0.0006560202,0.00065482897,1.1706269e-06,1.9585627e-08,8.9789864e-10,6.036771e-11,6.82121e-13,3.637979e-12,4.5474735e-12,1.0231815e-12,0.0,0.0,0.0,0.0,0.0,0.0,0.0,0.0,0.0,0.0
-0.0022531557,0.0022119328,4.11083e-05,9.151586e-08,1.908495e-08,4.0199666e-09,2.2168933e-11,0.0,0.0,0.0,0.0,0.0,0.0,0.0,0.0,0.0,0.0,0.0,0.0,0.0
-3.9527862e-05,3.9293773e-05,2.3308985e-07,9.980567e-10,1.9326762e-12,0.0,1.1368684e-13,1.1368684e-13,0.0,0.0,0.0,0.0,0.0,0.0,0.0,0.0,0.0,0.0,0.0,0.0
-6.734303e-05,6.703789e-05,3.0513888e-07,3.9790393e-12,3.8653525e-12,1.1368684e-13,0.0,0.0,0.0,0.0,0.0,0.0,0.0,0.0,0.0,0.0,0.0,0.0,0.0,0.0
-0.091240555,0.09116344,7.710925e-05,7.435119e-11,6.832579e-11,5.3432814e-12,1.1368684e-13,0.0,0.0,0.0,0.0,0.0,0.0,0.0,0.0,0.0,0.0,0.0,1.1368684e-13,0.0
-0.0002623533,0.00026234536,7.933636e-09,3.8653525e-12,0.0,0.0,0.0,0.0,0.0,0.0,0.0,0.0,0.0,0.0,1.1368684e-13,0.0,0.0,0.0,0.0,0.0
-3.2632497e-06,3.212352e-06,5.0895324e-08,2.2737368e-12,0.0,0.0,0.0,0.0,0.0,0.0,0.0,0.0,0.0,0.0,0.0,0.0,0.0,0.0,0.0,0.0
-0.005684267,0.00554562,0.00013863177,1.5185378e-08,7.503331e-12,0.0,0.0,0.0,0.0,0.0,0.0,0.0,0.0,0.0,0.0,0.0,0.0,0.0,0.0,0.0
-0.19077767,0.13509731,0.0474989,0.007269939,0.0009115258,1.7934099e-09,5.537686e-10,4.5474735e-13,1.1368684e-13,0.0,0.0,0.0,0.0,0.0,0.0,0.0,0.0,0.0,0.0,0.0
-2.0213915e-06,2.0193986e-06,1.9928166e-09,0.0,0.0,0.0,0.0,0.0,0.0,0.0,0.0,0.0,0.0,0.0,0.0,0.0,0.0,0.0,0.0,0.0
-0.00047017066,0.00047006065,1.008284e-07,8.732513e-09,4.361027e-10,2.2737368e-13,0.0,0.0,0.0,0.0,0.0,0.0,0.0,0.0,0.0,0.0,0.0,0.0,0.0,0.0
-0.0006179595,0.000616731,1.2283672e-06,6.21867e-11,0.0,0.0,0.0,0.0,0.0,0.0,0.0,0.0,0.0,0.0,0.0,0.0,0.0,0.0,0.0,0.0
-4.818101e-06,4.81284e-06,5.2212954e-09,3.9790393e-11,0.0,0.0,0.0,0.0,0.0,0.0,0.0,0.0,0.0,0.0,0.0,0.0,0.0,0.0,0.0,0.0
-0.0005616957,0.000559702,1.871854e-06,1.2152168e-07,3.134346e-10,4.1836756e-11,0.0,0.0,0.0,0.0,0.0,0.0,0.0,0.0,0.0,0.0,0.0,0.0,0.0,0.0
-0.00015341117,0.00015322158,1.8944718e-07,1.3153567e-10,0.0,1.1368684e-13,0.0,0.0,0.0,0.0,0.0,0.0,0.0,0.0,0.0,0.0,0.0,0.0,0.0,0.0
-0.0052359654,0.0052102366,2.3905515e-05,1.7876956e-06,3.2066282e-08,2.2857876e-09,1.4341595e-09,1.3494628e-10,2.7171154e-11,2.2737368e-13,0.0,0.0,0.0,0.0,0.0,0.0,0.0,0.0,0.0,0.0
-0.042996287,0.03629342,0.0051209214,0.0015806999,1.2454165e-06,4.3735326e-10,8.060397e-11,0.0,0.0,0.0,0.0,0.0,0.0,0.0,0.0,0.0,0.0,0.0,0.0,0.0
-2.7203769e-06,2.7144952e-06,4.991648e-09,8.9005425e-10,0.0,0.0,0.0,0.0,0.0,0.0,0.0,0.0,0.0,0.0,0.0,0.0,0.0,0.0,0.0,0.0
-0.00021491737,0.00021480475,1.12397515e-07,2.177103e-10,1.0459189e-11,0.0,0.0,0.0,0.0,0.0,0.0,0.0,0.0,0.0,0.0,0.0,0.0,0.0,0.0,0.0
-0.00036615573,0.00035256986,1.3156071e-05,4.2903616e-07,7.64544e-10,3.410605e-13,2.2737368e-13,1.1368684e-13,0.0,0.0,0.0,0.0,0.0,0.0,0.0,0.0,0.0,0.0,0.0,0.0
-1.6935691e-06,1.4857114e-06,2.0784489e-07,1.2732926e-11,0.0,0.0,0.0,0.0,0.0,0.0,0.0,0.0,0.0,0.0,0.0,0.0,0.0,0.0,0.0,0.0
-0.0059384634,0.005875142,6.2269275e-05,1.0523687e-06,1.114131e-11,0.0,0.0,0.0,0.0,0.0,0.0,0.0,0.0,0.0,0.0,0.0,0.0,0.0,0.0,0.0
-0.000114067836,0.00011377026,2.9705757e-07,4.9897153e-10,2.2168933e-11,3.1832315e-12,0.0,0.0,0.0,0.0,0.0,0.0,0.0,0.0,0.0,0.0,0.0,0.0,0.0,0.0
-0.0064642713,0.0064593535,4.850809e-06,6.700884e-08,2.16005e-12,1.9554136e-11,1.1368684e-12,0.0,1.1368684e-13,0.0,0.0,0.0,0.0,0.0,0.0,0.0,0.0,0.0,0.0,0.0
-0.00012479154,0.00010791299,1.686632e-05,1.0003191e-08,2.2142785e-09,1.796252e-11,0.0,0.0,0.0,0.0,0.0,0.0,0.0,0.0,0.0,0.0,0.0,0.0,0.0,0.0
-1.6456717e-05,1.63544e-05,9.45131e-08,7.7913e-09,1.2846613e-11,0.0,1.1368684e-13,0.0,0.0,0.0,0.0,0.0,0.0,0.0,0.0,0.0,0.0,0.0,0.0,0.0
-0.0002377966,0.00023703485,7.201762e-07,4.1545718e-08,2.6830094e-11,7.9580786e-13,0.0,2.2737368e-13,0.0,0.0,0.0,0.0,0.0,0.0,0.0,0.0,0.0,0.0,0.0,0.0
-0.0016445343,0.0013154573,0.00030072362,2.428057e-05,3.8912376e-06,1.4422517e-07,3.673574e-08,6.807568e-10,7.9580786e-13,0.0,0.0,0.0,0.0,0.0,0.0,0.0,0.0,0.0,0.0,0.0
-1.1935122e-05,1.1931336e-05,3.4131062e-09,3.7084646e-10,1.5916157e-12,1.1368684e-13,0.0,0.0,0.0,0.0,0.0,0.0,0.0,0.0,0.0,0.0,0.0,0.0,0.0,0.0
-0.0029389947,0.0029386252,3.6899291e-07,5.1784355e-10,1.3869794e-11,1.1368684e-13,0.0,0.0,0.0,0.0,0.0,0.0,0.0,0.0,0.0,0.0,0.0,0.0,0.0,0.0
-4.5173338e-06,4.5160623e-06,1.1430075e-09,1.2209966e-10,6.366463e-12,1.1368684e-13,0.0,0.0,0.0,0.0,0.0,0.0,0.0,0.0,0.0,0.0,0.0,0.0,0.0,0.0
-7.571012e-05,7.568606e-05,2.3673806e-08,3.6857273e-10,1.512035e-11,1.1368684e-13,0.0,0.0,0.0,0.0,0.0,0.0,0.0,0.0,0.0,0.0,0.0,0.0,0.0,0.0
-0.1827901,0.18265037,0.00013741732,2.093304e-06,2.1958704e-07,2.7091573e-10,0.0,0.0,0.0,0.0,0.0,0.0,0.0,0.0,0.0,0.0,0.0,0.0,0.0,0.0
-2.8956994e-05,2.8833849e-05,1.2030341e-07,2.6957423e-09,1.4313173e-10,3.7516656e-12,0.0,0.0,0.0,0.0,0.0,0.0,0.0,0.0,0.0,0.0,0.0,0.0,0.0,0.0
-0.00015495547,0.00015488746,3.9284487e-08,2.8389536e-08,3.3401193e-10,3.410605e-13,1.1368684e-13,0.0,0.0,0.0,0.0,0.0,0.0,0.0,0.0,0.0,0.0,0.0,0.0,0.0
-1.13113e-05,1.1117141e-05,1.9396884e-07,1.6609647e-10,2.3533175e-11,0.0,0.0,0.0,0.0,0.0,0.0,0.0,1.1368684e-13,1.1368684e-13,0.0,0.0,0.0,0.0,0.0,0.0
-9.823873e-05,9.819003e-05,4.706044e-08,1.636522e-09,3.637979e-12,0.0,0.0,0.0,0.0,0.0,0.0,0.0,0.0,0.0,0.0,0.0,0.0,0.0,0.0,0.0
-6.210746e-07,9.151779e-08,4.3175305e-07,9.2212645e-08,5.5810006e-09,5.570655e-12,3.637979e-12,9.094947e-13,0.0,0.0,0.0,0.0,0.0,0.0,0.0,0.0,0.0,0.0,0.0,0.0
-0.00046625288,0.00046611554,1.3454917e-07,2.7915803e-09,8.6402e-12,4.5474735e-13,0.0,0.0,0.0,0.0,0.0,0.0,0.0,0.0,0.0,0.0,0.0,0.0,0.0,0.0
-0.00011648803,0.000103996084,1.2378705e-05,1.0867336e-07,4.3266937e-09,2.3976554e-10,0.0,0.0,0.0,0.0,0.0,0.0,0.0,0.0,0.0,0.0,0.0,0.0,0.0,0.0
-0.00030482616,0.0003047942,3.1263085e-08,6.831442e-10,1.1368684e-12,1.1368684e-13,0.0,0.0,0.0,0.0,0.0,0.0,0.0,0.0,0.0,0.0,0.0,0.0,0.0,0.0
-0.0021669134,0.0020910143,7.5133605e-05,6.258608e-07,1.3256033e-07,7.10304e-09,4.5929482e-11,3.410605e-13,0.0,0.0,0.0,0.0,0.0,0.0,0.0,0.0,0.0,0.0,0.0,0.0
-0.009105589,0.0091044335,1.1284644e-06,2.6780867e-08,4.1688963e-10,1.1368684e-13,0.0,0.0,0.0,0.0,0.0,0.0,0.0,0.0,0.0,0.0,0.0,0.0,0.0,0.0
-6.723029e-05,6.7225774e-05,4.4746002e-09,3.5356607e-11,5.1159077e-12,0.0,0.0,0.0,0.0,0.0,0.0,0.0,0.0,0.0,0.0,0.0,0.0,0.0,0.0,0.0
-0.0016777939,0.0016761592,1.6346903e-06,6.5938366e-12,1.1368684e-13,0.0,0.0,0.0,0.0,0.0,0.0,0.0,0.0,0.0,0.0,0.0,0.0,0.0,0.0,0.0
-8.348782e-05,8.126091e-05,1.275987e-06,9.4707616e-07,3.8472763e-09,2.2737368e-13,0.0,0.0,0.0,0.0,0.0,0.0,0.0,0.0,0.0,0.0,0.0,0.0,0.0,0.0
-1.8526422e-05,1.8048919e-05,4.773492e-07,1.5324986e-10,0.0,0.0,0.0,0.0,0.0,0.0,0.0,0.0,0.0,0.0,0.0,0.0,0.0,0.0,0.0,0.0
-2.7586348e-06,1.7345508e-06,9.632e-07,5.972083e-08,1.0878694e-09,7.526069e-11,0.0,0.0,0.0,0.0,0.0,0.0,0.0,0.0,0.0,0.0,0.0,0.0,0.0,0.0
-0.00080092286,0.0007978065,3.1163959e-06,2.2737368e-13,0.0,1.1368684e-13,0.0,0.0,0.0,0.0,0.0,0.0,0.0,0.0,0.0,0.0,0.0,0.0,0.0,0.0
-0.0011841025,0.0011839848,1.1613656e-07,1.4172201e-09,6.04814e-11,1.1368684e-13,1.1368684e-13,0.0,2.2737368e-13,0.0,0.0,0.0,0.0,0.0,0.0,0.0,0.0,0.0,0.0,0.0
-0.00054243376,0.00054243376,1.5916157e-11,5.9117156e-12,1.2505552e-12,3.410605e-13,0.0,0.0,0.0,0.0,0.0,0.0,0.0,0.0,0.0,0.0,0.0,0.0,0.0,0.0
-0.0005440548,0.000543032,9.075495e-07,1.1449629e-07,6.9587713e-10,0.0,0.0,0.0,0.0,0.0,0.0,0.0,0.0,0.0,0.0,0.0,0.0,0.0,0.0,0.0
-2.015026e-05,2.0026157e-05,1.121856e-07,1.1072984e-08,6.5267614e-10,1.9053914e-10,1.1368684e-12,1.1368684e-13,0.0,0.0,0.0,0.0,0.0,0.0,0.0,0.0,0.0,0.0,0.0,0.0
-0.00045934547,0.00043731884,2.1042651e-05,9.839305e-07,2.478373e-11,7.9580786e-13,0.0,0.0,0.0,0.0,0.0,0.0,0.0,0.0,0.0,0.0,0.0,0.0,0.0,0.0
-0.0013619465,0.0013362911,2.5652853e-05,2.5573854e-09,2.2737368e-12,2.2737368e-13,2.2737368e-13,1.1368684e-13,0.0,0.0,0.0,0.0,0.0,0.0,0.0,0.0,0.0,0.0,0.0,0.0
-0.00083425356,0.000833742,5.108436e-07,7.3907813e-10,1.1368684e-13,0.0,0.0,0.0,0.0,0.0,0.0,0.0,0.0,0.0,0.0,0.0,0.0,0.0,0.0,0.0
-5.804968e-07,5.741649e-07,6.273126e-09,4.9453774e-11,8.185452e-12,0.0,3.410605e-13,2.2737368e-13,5.684342e-13,0.0,0.0,0.0,0.0,0.0,0.0,0.0,0.0,0.0,0.0,0.0
-0.00013384894,0.00012252985,1.128531e-05,3.3227934e-08,5.4808424e-10,7.1622708e-12,3.410605e-13,0.0,0.0,0.0,0.0,0.0,0.0,0.0,0.0,0.0,0.0,0.0,0.0,0.0
-5.03735e-09,3.112973e-09,1.41074e-09,5.1363713e-10,0.0,0.0,0.0,0.0,0.0,0.0,0.0,0.0,0.0,0.0,0.0,0.0,0.0,0.0,0.0,0.0
-2.0074867e-06,2.00748e-06,4.5474735e-12,1.9326762e-12,1.1368684e-13,0.0,0.0,0.0,0.0,0.0,0.0,0.0,0.0,0.0,0.0,0.0,0.0,0.0,0.0,0.0
-4.3817035e-06,4.3159876e-06,6.569553e-08,2.046363e-11,2.2737368e-13,0.0,0.0,0.0,0.0,0.0,0.0,0.0,0.0,0.0,0.0,0.0,0.0,0.0,0.0,0.0
-0.00012956017,0.00012814165,1.2330923e-06,1.8509058e-07,2.9331204e-10,4.2518877e-11,0.0,0.0,0.0,0.0,0.0,0.0,0.0,0.0,0.0,0.0,0.0,0.0,0.0,0.0
-7.242184e-05,7.24111e-05,1.0678605e-08,6.252776e-11,3.410605e-13,0.0,0.0,0.0,0.0,0.0,0.0,0.0,0.0,0.0,0.0,0.0,0.0,0.0,0.0,0.0
-1.4447721e-05,1.44230635e-05,2.3239522e-08,1.3485533e-09,6.184564e-11,6.7075234e-12,9.094947e-13,1.1368684e-13,0.0,0.0,0.0,0.0,0.0,0.0,0.0,0.0,0.0,0.0,0.0,0.0
-0.0001100017,5.1309587e-05,5.8687787e-05,4.329081e-09,4.5474735e-13,4.5474735e-13,0.0,0.0,0.0,0.0,0.0,0.0,0.0,0.0,0.0,0.0,0.0,0.0,0.0,0.0
-0.00045842252,0.0004575475,8.5267175e-07,2.2048312e-08,3.0286174e-10,7.9580786e-13,0.0,1.1368684e-13,0.0,0.0,0.0,0.0,0.0,0.0,0.0,0.0,0.0,0.0,0.0,0.0
-3.5423887e-05,2.219112e-05,9.805768e-06,2.8858594e-06,5.319936e-07,9.147243e-09,1.1368684e-13,2.2737368e-13,0.0,0.0,0.0,0.0,0.0,0.0,0.0,0.0,0.0,0.0,0.0,0.0
-1.8402632e-05,1.8393495e-05,9.1332595e-09,3.1832315e-12,0.0,0.0,0.0,0.0,0.0,0.0,0.0,0.0,0.0,0.0,0.0,0.0,0.0,0.0,0.0,0.0
-9.474071e-06,7.903285e-06,1.5695416e-06,1.1383463e-09,1.0527401e-10,2.2737368e-13,0.0,0.0,0.0,0.0,0.0,0.0,0.0,0.0,0.0,0.0,0.0,0.0,0.0,0.0
-0.0019865201,0.0019833648,3.1498357e-06,5.46072e-09,2.1373125e-11,2.2737368e-13,0.0,0.0,0.0,0.0,0.0,0.0,0.0,0.0,0.0,0.0,0.0,0.0,0.0,0.0
-1.3815935e-05,1.1141533e-05,2.6721182e-06,2.2604354e-09,2.262368e-11,0.0,0.0,0.0,0.0,0.0,0.0,0.0,0.0,0.0,0.0,0.0,0.0,0.0,0.0,0.0
-2.373555e-07,1.8116611e-07,5.5808755e-08,3.7971404e-10,5.684342e-13,3.410605e-13,0.0,0.0,0.0,0.0,0.0,0.0,0.0,0.0,0.0,0.0,0.0,0.0,0.0,0.0
-4.9979294e-06,3.5332755e-06,1.4175772e-06,4.707647e-08,3.410605e-13,0.0,0.0,0.0,0.0,0.0,0.0,0.0,0.0,0.0,0.0,0.0,0.0,0.0,0.0,0.0
-0.00024828798,0.0002414806,6.800698e-06,4.9561777e-09,1.7230377e-09,1.6598278e-11,0.0,1.1368684e-13,0.0,0.0,0.0,0.0,0.0,0.0,0.0,0.0,0.0,0.0,0.0,0.0
-0.00032470073,0.00032398096,7.156556e-07,4.108074e-09,3.7516656e-12,0.0,6.82121e-13,0.0,0.0,0.0,0.0,0.0,0.0,0.0,0.0,0.0,0.0,0.0,0.0,0.0
-2.1074952e-06,2.1043193e-06,3.1647005e-09,1.114131e-11,1.1368684e-13,0.0,0.0,0.0,0.0,0.0,0.0,0.0,0.0,0.0,0.0,0.0,0.0,0.0,0.0,0.0
-0.00616345,0.0061548315,7.1851255e-06,1.4266233e-06,6.572918e-09,2.0008883e-11,1.1368684e-13,0.0,0.0,0.0,0.0,0.0,0.0,0.0,0.0,0.0,0.0,0.0,0.0,0.0
-1.2478113e-06,1.2477553e-06,5.5138116e-11,6.82121e-13,1.1368684e-13,0.0,0.0,0.0,0.0,0.0,0.0,0.0,0.0,0.0,0.0,0.0,0.0,0.0,0.0,0.0
-2.333161e-06,2.310454e-06,2.0904281e-08,1.8003448e-09,2.3874236e-12,0.0,0.0,0.0,0.0,0.0,0.0,0.0,0.0,0.0,0.0,0.0,0.0,0.0,0.0,0.0
-1.530725e-05,7.659242e-06,6.8263744e-06,8.1161556e-07,9.9504405e-09,6.4119376e-11,3.7516656e-12,0.0,0.0,0.0,0.0,0.0,0.0,0.0,0.0,0.0,0.0,0.0,0.0,0.0
-0.0033163258,0.0033105754,5.7150314e-06,3.5503263e-08,7.9580786e-13,0.0,0.0,0.0,0.0,0.0,0.0,0.0,0.0,0.0,0.0,0.0,0.0,0.0,0.0,0.0
-3.3985034e-05,1.05725885e-05,2.3373554e-05,3.876096e-08,1.3221779e-10,3.410605e-13,1.1368684e-13,0.0,0.0,0.0,0.0,0.0,0.0,0.0,0.0,0.0,0.0,0.0,0.0,0.0
-0.001334703,0.0013175961,1.7098866e-05,5.702418e-09,1.8070523e-09,4.474714e-10,3.1150194e-11,0.0,0.0,0.0,0.0,0.0,0.0,0.0,0.0,0.0,0.0,0.0,0.0,0.0
-1.7226017e-05,1.7151317e-05,7.4682816e-08,1.6825652e-11,3.410605e-13,0.0,0.0,0.0,0.0,0.0,0.0,0.0,0.0,0.0,0.0,0.0,0.0,0.0,0.0,0.0
-1.1620156e-06,1.096753e-06,6.525033e-08,1.0459189e-11,1.1368684e-12,0.0,0.0,0.0,0.0,0.0,1.1368684e-13,0.0,0.0,0.0,0.0,0.0,1.1368684e-13,0.0,0.0,1.1368684e-13
-0.0005025362,0.000341283,0.00016089562,3.56535e-07,1.0056738e-09,4.5474735e-13,0.0,0.0,0.0,0.0,0.0,0.0,0.0,0.0,0.0,0.0,0.0,0.0,0.0,0.0
-0.0032461663,0.003191832,5.3324486e-05,9.682599e-07,3.8609187e-08,2.8882141e-09,6.82121e-13,0.0,0.0,0.0,0.0,0.0,0.0,0.0,0.0,0.0,0.0,0.0,0.0,0.0
-3.8823484e-05,3.761714e-05,1.2061661e-06,1.7496404e-10,0.0,0.0,0.0,1.1368684e-13,0.0,0.0,0.0,0.0,0.0,0.0,0.0,0.0,0.0,0.0,0.0,0.0
-0.0008825477,0.0006767218,0.00020085431,4.7974695e-06,1.6108868e-07,1.3024533e-08,0.0,2.2737368e-13,0.0,0.0,0.0,0.0,0.0,0.0,0.0,0.0,0.0,0.0,0.0,0.0
-0.031498913,0.031221451,0.00020267408,7.470385e-05,8.440736e-08,4.1677595e-10,1.1368684e-13,0.0,0.0,0.0,0.0,0.0,0.0,0.0,0.0,0.0,0.0,0.0,0.0,0.0
-0.0018441898,0.0013504765,0.0004935788,1.3218028e-07,1.5247679e-09,6.502887e-10,1.3756107e-10,6.252776e-12,1.1368684e-13,0.0,0.0,0.0,0.0,0.0,0.0,0.0,0.0,0.0,0.0,0.0
-0.0003428171,0.00033460456,8.212066e-06,4.7543836e-10,3.637979e-12,2.2737368e-13,0.0,0.0,0.0,0.0,0.0,0.0,0.0,0.0,0.0,0.0,0.0,0.0,0.0,0.0
-2.3375866e-05,1.3778314e-05,9.223476e-06,3.7028667e-07,3.730861e-09,3.2173375e-11,2.5920599e-11,7.9580786e-13,1.1368684e-13,0.0,0.0,0.0,0.0,0.0,0.0,0.0,0.0,0.0,0.0,0.0
-0.00027127232,0.00025987756,9.360181e-06,1.6588343e-06,3.7571908e-07,2.6489033e-11,4.6611603e-12,0.0,1.1368684e-13,0.0,0.0,0.0,0.0,0.0,0.0,0.0,0.0,0.0,0.0,0.0
-2.7901138e-05,2.770699e-05,1.9340825e-07,7.366907e-10,1.5916157e-12,9.094947e-13,0.0,0.0,0.0,0.0,0.0,0.0,0.0,0.0,0.0,0.0,0.0,0.0,0.0,0.0
-4.391586e-05,4.214377e-05,1.3917316e-06,3.7953703e-07,8.213874e-10,1.2505552e-12,0.0,0.0,0.0,0.0,0.0,0.0,0.0,0.0,0.0,0.0,0.0,0.0,0.0,0.0
-0.001695808,0.0016957975,1.0496706e-08,4.5474735e-13,0.0,0.0,0.0,0.0,0.0,0.0,0.0,0.0,0.0,0.0,0.0,0.0,0.0,0.0,0.0,0.0
-7.840089e-07,7.751246e-07,8.589495e-09,2.876277e-10,7.048584e-12,1.1368684e-13,0.0,0.0,0.0,0.0,0.0,0.0,0.0,0.0,0.0,0.0,0.0,0.0,0.0,0.0
-0.001109956,0.0011099444,1.1323436e-08,1.8610535e-10,5.456968e-12,1.4779289e-12,2.2737368e-13,0.0,0.0,0.0,0.0,0.0,0.0,0.0,0.0,0.0,0.0,0.0,0.0,0.0
-0.0006694908,0.00066817977,1.310267e-06,7.1304385e-10,2.2737368e-13,0.0,0.0,0.0,0.0,0.0,0.0,0.0,0.0,0.0,0.0,0.0,0.0,0.0,0.0,0.0
-0.0006982735,0.0006978556,4.171552e-07,3.4185632e-10,3.7516656e-10,2.2737368e-13,0.0,1.1368684e-13,0.0,0.0,0.0,0.0,0.0,0.0,0.0,0.0,0.0,0.0,0.0,0.0
-4.140818e-07,4.006606e-07,1.34017455e-08,1.9213076e-11,2.2737368e-13,0.0,0.0,0.0,0.0,0.0,0.0,0.0,0.0,0.0,0.0,0.0,0.0,0.0,0.0,0.0
-1.2643004e-05,1.2205105e-05,3.577029e-07,7.776475e-08,2.4109568e-09,2.0691004e-11,0.0,0.0,0.0,0.0,0.0,0.0,0.0,0.0,0.0,0.0,0.0,0.0,0.0,0.0
-6.707887e-05,6.6822286e-05,2.563769e-07,2.1532287e-10,0.0,0.0,0.0,0.0,0.0,0.0,0.0,0.0,0.0,0.0,0.0,0.0,0.0,0.0,0.0,0.0
-0.0012928336,0.0012928334,1.2300916e-10,1.4756552e-10,5.1159077e-12,1.1368684e-13,0.0,0.0,0.0,0.0,0.0,0.0,0.0,0.0,0.0,0.0,0.0,0.0,0.0,0.0
-0.00067691464,0.0006753947,1.4526692e-06,6.55358e-08,1.6764261e-09,0.0,0.0,0.0,0.0,0.0,0.0,0.0,0.0,0.0,0.0,0.0,0.0,0.0,0.0,0.0
-2.9334977e-05,2.9334868e-05,1.08002496e-10,1.1368684e-12,0.0,0.0,0.0,0.0,0.0,0.0,0.0,0.0,0.0,0.0,0.0,0.0,0.0,0.0,0.0,0.0
-1.0243907e-05,9.996175e-06,2.47731e-07,7.9580786e-13,0.0,0.0,0.0,0.0,0.0,0.0,0.0,0.0,0.0,0.0,0.0,0.0,0.0,0.0,0.0,0.0
-1.1222434e-05,1.1216806e-05,5.5486e-09,7.912604e-11,0.0,0.0,0.0,0.0,0.0,0.0,0.0,0.0,0.0,0.0,0.0,0.0,0.0,0.0,0.0,0.0
-0.019714216,0.015116544,0.0044951164,0.00010110065,1.4452825e-06,7.770382e-09,1.6375452e-09,7.1622708e-12,0.0,0.0,0.0,0.0,0.0,0.0,0.0,0.0,0.0,0.0,0.0,0.0
-2.2789722e-05,1.2544106e-05,9.775299e-06,4.2895783e-07,4.0854957e-08,4.8328275e-10,2.0804691e-11,0.0,0.0,0.0,0.0,0.0,0.0,0.0,0.0,0.0,0.0,0.0,0.0,0.0
-0.00018169424,0.0001805971,1.0970116e-06,1.15619514e-10,7.3896445e-12,0.0,0.0,0.0,0.0,0.0,0.0,0.0,0.0,0.0,0.0,0.0,0.0,0.0,0.0,0.0
-0.00013122852,0.00012955883,1.66902e-06,4.6520654e-10,2.0747848e-10,1.1368684e-12,1.1368684e-12,0.0,0.0,0.0,0.0,0.0,0.0,0.0,0.0,0.0,0.0,0.0,0.0,0.0
-0.025043381,0.02464415,0.00039895767,2.7314695e-07,9.05402e-10,2.5011104e-12,5.684342e-13,0.0,0.0,0.0,0.0,0.0,0.0,0.0,0.0,0.0,0.0,0.0,0.0,0.0
-8.65556e-07,8.6510465e-07,4.4894932e-10,1.7053026e-12,0.0,0.0,0.0,3.410605e-13,2.2737368e-13,0.0,0.0,0.0,0.0,0.0,0.0,0.0,0.0,0.0,0.0,0.0
-0.00016030089,0.00015968787,4.932863e-07,1.1658415e-07,3.1051286e-09,2.5579538e-11,1.4438228e-11,2.046363e-12,0.0,0.0,0.0,0.0,0.0,0.0,0.0,0.0,0.0,0.0,0.0,0.0
-0.0016328894,0.0015582741,6.743043e-05,7.155613e-06,2.904983e-08,1.1687007e-10,3.410605e-13,4.5474735e-13,0.0,0.0,0.0,0.0,0.0,0.0,0.0,0.0,0.0,0.0,0.0,0.0
-0.00086382095,0.00071200373,0.00014392265,7.83408e-06,6.04623e-08,4.092726e-12,0.0,1.1368684e-13,0.0,0.0,0.0,0.0,0.0,0.0,0.0,0.0,0.0,0.0,0.0,0.0
-0.0073468434,0.0073463474,4.948332e-07,1.331955e-09,1.1709744e-11,2.2737368e-13,0.0,0.0,0.0,0.0,0.0,0.0,0.0,0.0,0.0,0.0,0.0,0.0,0.0,0.0
-4.0910106e-07,2.4566395e-07,1.634254e-07,1.15960574e-11,1.1368684e-13,0.0,0.0,0.0,0.0,0.0,0.0,0.0,0.0,0.0,0.0,0.0,0.0,0.0,0.0,0.0
-0.00080458634,0.0008045861,1.942908e-10,2.5352165e-11,5.3432814e-12,0.0,0.0,0.0,0.0,0.0,0.0,0.0,0.0,0.0,0.0,0.0,0.0,0.0,0.0,0.0
-0.0007349875,0.00073495676,2.9341095e-08,1.3673116e-09,1.114131e-11,0.0,0.0,0.0,0.0,0.0,0.0,0.0,0.0,0.0,0.0,0.0,0.0,0.0,0.0,0.0
-0.00072413025,0.00070903753,1.5092327e-05,2.8808245e-10,1.2505552e-10,1.0004442e-11,0.0,0.0,0.0,0.0,0.0,0.0,0.0,0.0,0.0,0.0,0.0,0.0,0.0,0.0
-1.0311699e-05,1.0136431e-05,1.751772e-07,7.446488e-11,1.546141e-11,3.410605e-13,0.0,0.0,0.0,0.0,0.0,0.0,0.0,0.0,0.0,0.0,0.0,0.0,0.0,0.0
-0.001990133,0.0019550035,3.237353e-05,2.4215726e-06,2.3457721e-07,9.462485e-08,5.263132e-09,3.9108272e-11,5.684342e-13,0.0,0.0,0.0,0.0,0.0,0.0,0.0,0.0,0.0,0.0,0.0
-0.00067306723,0.00067295524,1.106913e-07,1.2030341e-09,5.1841198e-11,2.3874236e-12,1.1368684e-13,0.0,0.0,0.0,0.0,0.0,0.0,0.0,0.0,0.0,0.0,0.0,0.0,0.0
-0.001981802,0.0019098943,7.186133e-05,4.655419e-08,8.867573e-12,1.1368684e-13,0.0,0.0,0.0,0.0,0.0,0.0,0.0,0.0,0.0,0.0,0.0,0.0,0.0,0.0
-2.4671925e-05,2.4671901e-05,2.16005e-11,2.9558578e-12,0.0,0.0,0.0,0.0,0.0,0.0,0.0,0.0,0.0,0.0,0.0,0.0,0.0,0.0,0.0,0.0
-1.3604068e-06,1.3315772e-06,2.8584054e-08,2.1498181e-10,3.0468073e-11,1.1368684e-13,0.0,0.0,0.0,0.0,0.0,0.0,0.0,0.0,0.0,0.0,0.0,0.0,0.0,0.0
-0.0011953374,0.0011559477,3.9362338e-05,2.7286092e-08,1.0322765e-10,2.2737368e-13,0.0,0.0,0.0,0.0,0.0,0.0,0.0,0.0,0.0,0.0,0.0,0.0,0.0,0.0
-0.18396841,0.103392914,0.07487757,0.005109983,0.00046134787,0.000117619275,6.94617e-06,1.8945037e-06,1.3177976e-07,1.4723582e-09,4.3201e-12,4.5474735e-13,0.0,0.0,0.0,0.0,0.0,0.0,0.0,0.0
-2.6061774e-05,2.570484e-05,2.81153e-07,7.4912805e-08,8.648158e-10,4.888534e-12,0.0,0.0,0.0,0.0,0.0,0.0,0.0,0.0,0.0,0.0,0.0,0.0,0.0,0.0
-3.7348027e-06,3.7296315e-06,5.02871e-09,1.4222223e-10,1.1368684e-13,0.0,0.0,0.0,0.0,0.0,0.0,0.0,0.0,0.0,0.0,0.0,0.0,0.0,0.0,0.0
-0.0011730372,0.0011383478,3.3419397e-05,1.2688611e-06,1.2225883e-09,1.6825652e-11,2.2737368e-13,0.0,0.0,0.0,0.0,0.0,0.0,0.0,0.0,0.0,0.0,0.0,0.0,0.0
-5.8437614e-05,5.7251957e-05,1.1847601e-06,8.334382e-10,6.616574e-11,7.9580786e-13,0.0,0.0,0.0,0.0,0.0,0.0,0.0,0.0,0.0,0.0,0.0,0.0,0.0,0.0
-1.0870324e-06,1.0414534e-06,4.53515e-08,1.7735147e-10,4.5588422e-11,4.5474735e-12,0.0,0.0,0.0,0.0,0.0,0.0,0.0,0.0,0.0,0.0,0.0,0.0,0.0,0.0
-0.04160181,0.040289722,0.0011760424,0.00013343015,2.5867866e-06,2.9713533e-08,2.9217517e-11,1.1368684e-13,0.0,0.0,0.0,0.0,0.0,0.0,0.0,0.0,0.0,0.0,0.0,0.0
-2.1420285e-05,2.1248652e-05,1.5906289e-07,1.2510327e-08,5.923084e-11,0.0,0.0,1.1368684e-13,0.0,0.0,0.0,0.0,0.0,0.0,0.0,0.0,0.0,0.0,0.0,0.0
-3.8535352e-05,3.8424925e-05,9.5089035e-08,1.2464852e-08,1.9551862e-09,5.5138116e-10,3.213927e-10,4.4337867e-11,4.5474735e-13,7.9580786e-13,0.0,0.0,0.0,0.0,0.0,0.0,0.0,0.0,0.0,0.0
-3.3710687e-05,2.525693e-05,8.0438285e-06,3.8234487e-07,2.7568376e-08,1.1823431e-11,2.2737368e-12,0.0,0.0,0.0,0.0,0.0,0.0,4.5474735e-13,2.2737368e-13,0.0,0.0,0.0,0.0,0.0
-0.00017511086,0.0001751014,9.446467e-09,1.8872015e-11,0.0,0.0,0.0,0.0,0.0,0.0,0.0,0.0,0.0,0.0,0.0,0.0,0.0,0.0,0.0,0.0
-8.367204e-06,8.362653e-06,4.509502e-09,3.8539838e-11,1.9326762e-12,9.094947e-13,0.0,0.0,0.0,0.0,0.0,0.0,0.0,0.0,0.0,0.0,0.0,0.0,0.0,0.0
-9.23732e-05,9.147468e-05,8.751582e-07,2.3362531e-08,2.3874236e-12,1.1368684e-13,0.0,0.0,1.2505552e-12,1.1368684e-13,0.0,0.0,1.1368684e-13,0.0,0.0,0.0,0.0,0.0,0.0,0.0
-0.00043527706,0.0004066068,2.5603753e-05,3.0639835e-06,2.5180498e-09,7.275958e-12,0.0,0.0,0.0,0.0,0.0,0.0,0.0,0.0,0.0,0.0,0.0,0.0,0.0,0.0
-0.0039454033,0.0038739683,7.137277e-05,4.901517e-08,1.019896e-08,2.8487648e-09,3.0695446e-12,0.0,0.0,0.0,0.0,0.0,0.0,0.0,0.0,0.0,0.0,0.0,0.0,0.0
-2.6126312e-05,2.6068494e-05,5.667073e-08,1.1168595e-09,2.989964e-11,0.0,0.0,0.0,0.0,0.0,0.0,0.0,0.0,0.0,0.0,0.0,0.0,0.0,0.0,0.0
-3.948252e-05,3.414725e-05,5.1784446e-06,1.3420743e-07,2.25142e-08,9.7656994e-11,6.82121e-13,4.5474735e-13,1.1368684e-13,0.0,0.0,0.0,0.0,0.0,0.0,0.0,0.0,0.0,0.0,0.0
-0.00010239862,0.00010237492,2.2748168e-08,9.458745e-10,2.5011104e-12,0.0,0.0,0.0,0.0,0.0,0.0,0.0,0.0,0.0,0.0,0.0,0.0,0.0,0.0,0.0
-0.0008204992,0.00082048285,1.0658823e-08,5.5573537e-09,1.05842446e-10,0.0,0.0,0.0,0.0,0.0,0.0,0.0,0.0,0.0,0.0,0.0,0.0,0.0,0.0,0.0
-0.0002100214,0.00020923876,7.805103e-07,2.1210553e-09,6.5938366e-12,2.2737368e-13,0.0,0.0,0.0,0.0,0.0,0.0,0.0,0.0,0.0,0.0,0.0,0.0,0.0,0.0
-0.00071305246,0.0007126375,3.962855e-07,1.779324e-08,7.814833e-10,6.7075234e-11,1.2050805e-11,1.0231815e-12,0.0,0.0,0.0,0.0,0.0,0.0,0.0,0.0,0.0,0.0,0.0,0.0
-1.4645104e-07,1.3283216e-07,1.17372565e-08,1.5375008e-09,3.4276582e-10,4.5474735e-13,9.094947e-13,0.0,0.0,0.0,0.0,0.0,0.0,0.0,0.0,0.0,0.0,0.0,0.0,0.0
-0.00069402007,0.00069379574,2.1762116e-07,6.6839903e-09,4.49063e-11,3.410605e-13,0.0,0.0,0.0,0.0,0.0,0.0,0.0,0.0,0.0,0.0,0.0,0.0,0.0,0.0
-3.8267945e-07,3.7283678e-07,9.540145e-09,3.022933e-10,2.2737368e-13,0.0,0.0,0.0,0.0,0.0,0.0,0.0,0.0,0.0,0.0,0.0,0.0,0.0,0.0,0.0
-8.770459e-05,8.76358e-05,6.8686745e-08,9.0722097e-11,9.4360075e-12,1.1368684e-13,0.0,0.0,0.0,1.1368684e-13,0.0,0.0,0.0,0.0,0.0,0.0,0.0,0.0,0.0,0.0
-0.45226005,0.1920926,0.17637034,0.068075106,0.013999275,0.001722492,2.1778953e-07,4.5598654e-09,8.257075e-10,2.046363e-12,2.2737368e-13,0.0,0.0,0.0,0.0,0.0,0.0,0.0,0.0,0.0
-0.0027804018,0.0027697436,1.0630232e-05,2.7829401e-08,1.6802915e-10,2.228262e-11,7.9580786e-13,0.0,0.0,0.0,0.0,0.0,0.0,0.0,0.0,0.0,0.0,0.0,0.0,0.0
-6.3353864e-06,6.2783e-06,5.70285e-08,5.604761e-11,1.4779289e-12,0.0,0.0,0.0,0.0,0.0,0.0,0.0,0.0,0.0,0.0,0.0,0.0,0.0,0.0,0.0
-1.1895951e-06,3.7749544e-07,8.120944e-07,4.206413e-12,1.1368684e-13,1.1368684e-13,7.9580786e-13,0.0,0.0,0.0,0.0,0.0,0.0,0.0,0.0,0.0,0.0,0.0,0.0,0.0
-9.232875e-06,8.971438e-06,2.6088935e-07,5.4558313e-10,1.1368684e-12,3.410605e-13,0.0,0.0,0.0,0.0,0.0,0.0,0.0,0.0,0.0,0.0,0.0,0.0,0.0,0.0
-0.0041660694,0.0038882263,0.00027774242,1.00073976e-07,4.9726623e-10,2.6489033e-11,6.8212103e-12,0.0,1.1368684e-13,1.1368684e-13,0.0,0.0,0.0,0.0,0.0,0.0,0.0,0.0,0.0,0.0
-3.8075672e-05,3.7875438e-05,2.0004143e-07,1.925855e-10,0.0,0.0,0.0,0.0,0.0,0.0,0.0,0.0,0.0,0.0,0.0,0.0,0.0,0.0,0.0,0.0
-2.2279572e-05,2.0172578e-05,2.1051071e-06,1.8836772e-09,2.2737368e-12,3.410605e-13,4.5474735e-13,0.0,0.0,0.0,0.0,0.0,0.0,0.0,0.0,0.0,0.0,0.0,0.0,0.0
-2.228596e-06,2.2285367e-06,4.820322e-11,1.0459189e-11,5.684342e-13,2.2737368e-13,0.0,0.0,0.0,0.0,0.0,0.0,0.0,0.0,0.0,0.0,0.0,0.0,0.0,0.0
-4.1018848e-07,1.9360937e-07,2.1655728e-07,2.1827873e-11,0.0,0.0,0.0,0.0,0.0,0.0,0.0,0.0,0.0,0.0,0.0,0.0,0.0,0.0,0.0,0.0
-0.0011765346,0.0011731299,3.0436556e-06,3.6103313e-07,9.890755e-12,0.0,0.0,0.0,0.0,0.0,0.0,0.0,0.0,0.0,0.0,0.0,0.0,0.0,0.0,0.0
-0.00077473716,0.00077395176,7.666006e-07,1.880528e-08,2.046363e-12,0.0,0.0,0.0,0.0,0.0,0.0,0.0,0.0,0.0,0.0,0.0,0.0,0.0,0.0,0.0
-6.996338e-05,6.977095e-05,1.9223762e-07,1.9872459e-10,0.0,0.0,0.0,0.0,0.0,0.0,0.0,0.0,0.0,0.0,0.0,0.0,0.0,0.0,0.0,0.0
-6.0048726e-05,5.99287e-05,1.1982206e-07,1.3858426e-10,6.4574124e-11,6.82121e-13,1.1368684e-13,0.0,1.1368684e-13,0.0,0.0,0.0,0.0,0.0,0.0,0.0,0.0,0.0,0.0,0.0
-0.14695749,0.14567897,0.0012250504,5.3183172e-05,2.939239e-07,1.5918431e-09,2.2737368e-13,0.0,0.0,0.0,0.0,0.0,0.0,0.0,0.0,0.0,0.0,0.0,0.0,0.0
-0.0015817034,0.0014868373,9.471667e-05,1.4946079e-07,9.663381e-12,4.206413e-12,7.9580786e-13,4.5474735e-13,0.0,0.0,0.0,0.0,0.0,0.0,0.0,0.0,0.0,0.0,0.0,0.0
-0.0007288313,0.0007146705,1.3202632e-05,8.8058414e-07,7.247854e-08,4.6838977e-09,3.4617642e-10,4.5361048e-11,1.1368684e-13,0.0,0.0,0.0,0.0,0.0,0.0,0.0,0.0,0.0,0.0,0.0
-0.00013770626,0.00013768589,2.033778e-08,3.45608e-11,2.3874236e-12,0.0,1.5916157e-12,0.0,0.0,0.0,0.0,0.0,0.0,0.0,0.0,0.0,0.0,0.0,0.0,0.0
-1.8299059e-05,1.7930888e-05,3.5026574e-07,1.790147e-08,1.8189894e-12,1.8189894e-12,0.0,0.0,0.0,0.0,0.0,0.0,0.0,0.0,0.0,0.0,0.0,0.0,0.0,0.0
-2.1026665e-07,1.659663e-07,4.2544684e-08,1.7553248e-09,3.410605e-13,0.0,0.0,0.0,0.0,0.0,0.0,0.0,0.0,0.0,0.0,0.0,0.0,0.0,0.0,0.0
-0.00014329019,0.00014186252,1.4019156e-06,2.5700047e-08,6.548362e-11,1.1368684e-13,0.0,0.0,0.0,0.0,0.0,0.0,0.0,0.0,0.0,0.0,0.0,0.0,0.0,0.0
-4.1151627e-05,4.1033218e-05,1.1266786e-07,5.7395937e-09,3.410605e-13,0.0,1.1368684e-13,0.0,0.0,0.0,0.0,0.0,0.0,0.0,0.0,0.0,0.0,0.0,0.0,0.0
-1.7992188e-06,1.7761109e-06,2.3107305e-08,2.2737368e-13,3.410605e-13,0.0,0.0,0.0,0.0,0.0,0.0,0.0,0.0,0.0,0.0,0.0,0.0,0.0,0.0,0.0
-0.04579446,0.042342704,0.003196084,0.00024232586,1.0416287e-05,2.5574266e-06,3.7176608e-07,3.986088e-09,9.9021236e-11,1.080025e-11,0.0,0.0,0.0,0.0,0.0,0.0,0.0,0.0,0.0,0.0
-4.6237918e-05,4.2746728e-05,3.4712325e-06,1.992123e-08,3.1832315e-11,3.524292e-12,1.1368684e-13,0.0,0.0,0.0,0.0,0.0,0.0,0.0,0.0,0.0,0.0,0.0,0.0,0.0
-2.2361577e-05,2.2088678e-05,2.725085e-07,3.73916e-10,1.5234036e-11,1.4779289e-12,0.0,0.0,0.0,0.0,0.0,0.0,0.0,0.0,0.0,0.0,0.0,0.0,0.0,0.0
-2.1184364e-06,2.1143858e-06,3.809987e-09,2.382876e-10,2.2737368e-12,0.0,0.0,0.0,0.0,0.0,0.0,0.0,0.0,0.0,0.0,0.0,0.0,0.0,0.0,0.0
-4.133849e-06,4.1209223e-06,1.2925057e-08,1.4779289e-12,0.0,0.0,0.0,0.0,0.0,0.0,0.0,0.0,0.0,0.0,0.0,0.0,0.0,0.0,0.0,0.0
-0.0029825445,0.0029646556,1.7478278e-05,4.0973373e-07,9.270025e-10,3.2969183e-12,0.0,0.0,0.0,0.0,0.0,0.0,0.0,0.0,0.0,0.0,0.0,0.0,0.0,0.0
-5.8245178e-09,2.9318699e-09,2.6205953e-09,2.6147973e-10,1.0459189e-11,1.1368684e-13,0.0,0.0,0.0,0.0,0.0,0.0,0.0,0.0,0.0,0.0,0.0,0.0,0.0,0.0
-0.0007881769,0.0007750171,1.3159732e-05,1.1425527e-10,1.1368684e-12,2.2737368e-13,0.0,0.0,0.0,0.0,0.0,0.0,0.0,0.0,0.0,0.0,0.0,0.0,0.0,0.0
-0.08625556,0.03496064,0.037668664,0.013383649,0.000242572,3.4443133e-08,8.602683e-10,1.4438228e-11,4.5474735e-13,1.1368684e-13,0.0,0.0,0.0,0.0,0.0,0.0,0.0,0.0,0.0,0.0
-1.7797078e-06,1.7709598e-06,6.558821e-09,2.18904e-09,1.1368684e-13,0.0,0.0,0.0,0.0,0.0,0.0,0.0,0.0,0.0,0.0,0.0,0.0,0.0,0.0,0.0
-4.2595984e-05,4.1767275e-05,8.2850113e-07,2.0588686e-10,2.9558578e-12,1.1368684e-13,0.0,0.0,0.0,0.0,0.0,0.0,0.0,0.0,0.0,0.0,0.0,0.0,0.0,0.0
-0.41969034,0.24891408,0.1698441,0.00093212625,1.6580202e-08,4.5110937e-10,5.684342e-13,3.410605e-13,0.0,0.0,0.0,0.0,0.0,0.0,0.0,0.0,0.0,0.0,0.0,0.0
-0.0013195017,0.0012233385,9.613554e-05,1.14384875e-08,1.2709734e-08,3.4917775e-09,3.1832315e-12,1.0231815e-12,0.0,0.0,0.0,0.0,0.0,0.0,0.0,0.0,0.0,0.0,0.0,0.0
-5.9432045e-06,5.8808955e-06,6.229209e-08,1.6825652e-11,0.0,0.0,0.0,0.0,0.0,0.0,0.0,0.0,0.0,0.0,0.0,0.0,0.0,0.0,0.0,0.0
-0.002681403,0.0026615942,1.8621882e-05,1.1866698e-06,1.1334578e-10,3.2514436e-11,3.1832315e-12,1.1368684e-13,0.0,0.0,0.0,0.0,0.0,0.0,0.0,0.0,0.0,0.0,0.0,0.0
-1.3982049e-05,1.3749365e-05,2.257359e-07,6.947289e-09,0.0,0.0,0.0,0.0,0.0,0.0,0.0,0.0,0.0,0.0,0.0,0.0,0.0,0.0,0.0,0.0
-1.977354e-05,1.9282194e-05,4.251441e-07,6.612834e-08,5.684342e-11,1.8872015e-11,0.0,0.0,0.0,0.0,0.0,0.0,0.0,0.0,0.0,0.0,0.0,0.0,0.0,0.0
-0.0007879959,0.00077107485,1.6192882e-05,7.151407e-07,1.2836608e-08,1.2710188e-10,1.4779289e-12,0.0,0.0,0.0,0.0,0.0,0.0,0.0,0.0,0.0,0.0,0.0,0.0,0.0
-0.12909456,0.12896478,0.00012976213,1.0626309e-08,4.450385e-09,1.4291572e-09,5.4455995e-11,1.9326762e-12,1.1368684e-13,0.0,1.1368684e-13,0.0,0.0,0.0,0.0,0.0,0.0,0.0,0.0,0.0
-3.1113115e-05,2.8380144e-05,2.7222673e-06,1.0252734e-08,4.422418e-10,7.730705e-12,0.0,0.0,0.0,0.0,0.0,0.0,0.0,0.0,0.0,0.0,0.0,0.0,0.0,0.0
-4.348954e-06,4.3314685e-06,1.7484467e-08,1.2505552e-12,0.0,0.0,0.0,0.0,0.0,0.0,0.0,0.0,0.0,0.0,0.0,0.0,0.0,0.0,0.0,0.0
-5.061359e-05,4.4274588e-05,6.265522e-06,7.04855e-08,2.9821194e-09,1.3073986e-11,0.0,0.0,0.0,0.0,0.0,0.0,0.0,0.0,0.0,0.0,0.0,0.0,0.0,0.0
-0.00084108807,0.00084105774,2.8857016e-08,1.4476882e-09,2.2396307e-11,6.82121e-13,3.410605e-13,2.2737368e-13,0.0,0.0,0.0,0.0,0.0,0.0,0.0,1.1368684e-13,0.0,0.0,0.0,0.0
-4.0506624e-05,4.05062e-05,4.231424e-10,2.3874236e-12,0.0,0.0,0.0,0.0,0.0,0.0,0.0,0.0,0.0,0.0,0.0,0.0,0.0,0.0,0.0,0.0
-4.5614037e-05,4.5264766e-05,3.4372454e-07,5.5446208e-09,5.684342e-13,0.0,0.0,0.0,0.0,0.0,0.0,0.0,0.0,0.0,0.0,0.0,0.0,0.0,0.0,0.0
-1.2391531e-05,1.2240717e-05,1.5077592e-07,3.7175596e-11,0.0,0.0,0.0,0.0,0.0,0.0,0.0,0.0,0.0,0.0,0.0,0.0,0.0,0.0,0.0,0.0
-0.0005374783,0.00044688807,9.049558e-05,9.1505854e-08,2.94267e-09,1.5836576e-10,3.5015546e-11,4.5474735e-13,0.0,0.0,0.0,0.0,0.0,0.0,0.0,0.0,0.0,0.0,0.0,0.0
-0.00019506365,0.00019505867,4.955268e-09,2.478373e-11,1.7053026e-12,4.5474735e-13,4.5474735e-13,0.0,0.0,0.0,0.0,0.0,0.0,0.0,0.0,0.0,0.0,0.0,0.0,0.0
-0.0005490987,0.0005489705,1.2735018e-07,8.369625e-10,6.0254024e-12,0.0,0.0,0.0,0.0,0.0,0.0,0.0,0.0,0.0,0.0,0.0,0.0,0.0,0.0,0.0
-0.0056418106,0.005641417,3.776497e-07,1.5953901e-08,5.923084e-11,2.5011104e-12,0.0,0.0,0.0,0.0,0.0,0.0,0.0,0.0,0.0,0.0,0.0,0.0,0.0,0.0
-0.0003876101,0.000386729,8.048348e-07,7.626409e-08,1.22781785e-11,7.048584e-12,0.0,0.0,0.0,0.0,0.0,0.0,0.0,0.0,0.0,0.0,0.0,0.0,0.0,0.0
-0.00010782036,0.00010715845,4.5727234e-07,2.046337e-07,4.6611603e-12,0.0,0.0,0.0,0.0,0.0,0.0,0.0,0.0,0.0,0.0,0.0,0.0,0.0,0.0,0.0
-0.0002000843,0.00018734562,1.2733575e-05,4.837716e-09,2.615934e-10,4.5474735e-13,0.0,0.0,0.0,0.0,0.0,0.0,0.0,0.0,0.0,0.0,0.0,0.0,0.0,0.0
-2.494642e-05,2.4946376e-05,4.3201e-11,5.684342e-13,0.0,0.0,0.0,0.0,0.0,0.0,0.0,0.0,0.0,0.0,0.0,0.0,0.0,0.0,0.0,0.0
-0.0010166289,0.0009951334,2.149244e-05,3.0913725e-09,0.0,0.0,0.0,0.0,0.0,0.0,0.0,0.0,0.0,0.0,0.0,0.0,0.0,0.0,0.0,0.0
-0.0036048016,0.0036048014,3.5106495e-10,1.6143531e-11,0.0,0.0,0.0,0.0,0.0,0.0,0.0,0.0,0.0,0.0,0.0,0.0,0.0,0.0,0.0,0.0
-0.010530894,0.010530849,4.3694968e-08,8.146799e-10,3.2969183e-12,0.0,0.0,0.0,0.0,0.0,0.0,0.0,0.0,0.0,0.0,0.0,0.0,0.0,0.0,0.0
-1.4821272e-05,1.4656243e-05,1.5064745e-07,1.436581e-08,1.546141e-11,3.410605e-13,0.0,0.0,0.0,0.0,0.0,0.0,0.0,0.0,0.0,0.0,0.0,0.0,0.0,0.0
-2.8068812e-06,2.7975939e-06,8.939537e-09,3.4788172e-10,0.0,0.0,0.0,0.0,0.0,0.0,0.0,0.0,0.0,0.0,0.0,0.0,0.0,0.0,0.0,0.0
-3.3866181e-06,3.2694181e-06,9.056771e-08,2.6511316e-08,1.1891643e-10,1.8189894e-12,3.410605e-13,0.0,0.0,0.0,0.0,0.0,0.0,0.0,0.0,0.0,0.0,0.0,0.0,0.0
-6.620208e-06,6.6192174e-06,9.869154e-10,3.7516656e-12,0.0,0.0,0.0,0.0,0.0,0.0,0.0,0.0,0.0,0.0,0.0,0.0,0.0,0.0,0.0,0.0
-8.211809e-05,8.17675e-05,3.3281754e-07,1.7307798e-08,4.6259174e-10,4.5474735e-13,0.0,0.0,0.0,0.0,0.0,0.0,0.0,0.0,0.0,0.0,0.0,0.0,0.0,0.0
-1.5925774e-05,1.11188365e-05,3.6065578e-06,1.082888e-06,1.1697091e-07,5.123866e-10,9.322321e-12,0.0,0.0,0.0,0.0,0.0,0.0,0.0,0.0,0.0,0.0,0.0,0.0,0.0
-6.892371e-06,6.796101e-06,9.314556e-08,2.6013822e-09,4.9453774e-10,2.8535396e-11,1.1368684e-13,0.0,0.0,0.0,0.0,0.0,0.0,0.0,0.0,0.0,0.0,0.0,0.0,0.0
-1.5231751e-07,1.4568911e-07,6.437176e-09,1.5302248e-10,3.740297e-11,5.684342e-13,0.0,0.0,0.0,0.0,0.0,0.0,0.0,0.0,1.1368684e-13,0.0,1.1368684e-13,0.0,0.0,0.0
-0.0010462817,0.0010069533,3.4330693e-05,4.9875102e-06,9.810719e-09,3.5299763e-10,6.82121e-13,0.0,0.0,0.0,0.0,0.0,0.0,0.0,0.0,0.0,0.0,0.0,0.0,0.0
-0.00013952903,0.00013952606,2.955744e-09,2.1145752e-11,4.5474735e-13,0.0,0.0,0.0,0.0,0.0,0.0,0.0,0.0,0.0,0.0,0.0,0.0,0.0,0.0,0.0
-0.00037533508,0.00037441478,9.1020627e-07,1.0066856e-08,9.094947e-13,0.0,0.0,0.0,0.0,0.0,0.0,0.0,0.0,0.0,0.0,0.0,0.0,0.0,0.0,0.0
-0.002293107,0.0022703984,2.237339e-05,3.299989e-07,4.888534e-09,3.5993253e-10,4.5474735e-13,0.0,0.0,0.0,0.0,0.0,0.0,0.0,0.0,0.0,0.0,0.0,0.0,0.0
-0.0052628177,0.0052607865,2.0050402e-06,2.5529857e-08,6.529035e-10,2.728484e-12,0.0,0.0,0.0,0.0,0.0,0.0,0.0,0.0,0.0,0.0,0.0,0.0,0.0,0.0
-0.00040093617,0.00029144099,9.928671e-05,1.0022728e-05,1.8497803e-07,6.866685e-10,9.390533e-11,4.5474735e-13,0.0,0.0,0.0,0.0,0.0,0.0,0.0,0.0,0.0,0.0,0.0,0.0
-4.2281266e-05,4.2254065e-05,2.7166493e-08,1.944045e-11,1.36424205e-11,0.0,0.0,0.0,0.0,0.0,0.0,0.0,0.0,0.0,0.0,0.0,0.0,0.0,0.0,0.0
-0.0003419816,0.00034003772,1.9433587e-06,5.08976e-10,8.0717655e-12,0.0,0.0,0.0,0.0,0.0,0.0,0.0,0.0,0.0,0.0,0.0,0.0,0.0,0.0,0.0
-5.39557e-05,5.392686e-05,2.8840304e-08,3.9790393e-12,1.1368684e-13,0.0,0.0,0.0,0.0,0.0,0.0,0.0,0.0,0.0,0.0,0.0,0.0,0.0,0.0,0.0
-0.16433394,0.108382344,0.055942375,7.392602e-06,1.5231238e-06,2.9283444e-07,5.704692e-09,1.5916157e-12,1.0231815e-12,1.1368684e-13,0.0,0.0,0.0,0.0,0.0,0.0,0.0,0.0,0.0,0.0
-0.00019283434,0.00019283312,1.2046257e-09,1.1254997e-11,1.1368684e-13,0.0,0.0,0.0,0.0,0.0,0.0,0.0,0.0,0.0,0.0,0.0,0.0,0.0,0.0,0.0
-9.322921e-07,9.3228016e-07,1.1482371e-11,4.5474735e-13,0.0,0.0,0.0,0.0,0.0,0.0,0.0,0.0,0.0,0.0,0.0,0.0,0.0,0.0,0.0,0.0
-0.001589396,0.0013161899,0.00027308735,1.0713427e-07,1.1637326e-08,6.2414074e-11,2.4556357e-11,1.1368684e-13,0.0,0.0,0.0,0.0,0.0,0.0,0.0,0.0,0.0,0.0,0.0,0.0
-0.0034739815,0.0032459777,0.00020751341,2.0020007e-05,4.704749e-07,4.6611603e-12,4.5474735e-13,0.0,0.0,0.0,0.0,0.0,0.0,0.0,0.0,0.0,0.0,0.0,0.0,0.0
-3.19333e-05,3.1897584e-05,3.569994e-08,1.114131e-11,4.774847e-12,3.410605e-13,3.410605e-13,3.410605e-13,1.1368684e-13,0.0,0.0,0.0,0.0,0.0,0.0,0.0,1.1368684e-13,0.0,1.1368684e-13,1.1368684e-13
-2.8668242e-06,2.8610507e-06,5.739821e-09,3.308287e-11,6.82121e-13,0.0,0.0,0.0,0.0,0.0,0.0,0.0,0.0,0.0,0.0,0.0,0.0,0.0,0.0,0.0
-1.2319541e-05,1.228903e-05,3.043715e-08,7.332801e-11,3.410605e-13,1.2505552e-12,1.1368684e-13,0.0,0.0,0.0,0.0,0.0,0.0,0.0,0.0,0.0,0.0,0.0,0.0,0.0
-1.3154423e-06,1.3134367e-06,1.9907702e-09,1.2619239e-11,2.16005e-12,1.1368684e-13,0.0,0.0,0.0,0.0,0.0,0.0,0.0,0.0,0.0,0.0,0.0,0.0,0.0,0.0
-0.00046916993,0.0004614755,7.672392e-06,2.2032054e-08,9.094947e-13,0.0,0.0,0.0,0.0,0.0,0.0,0.0,0.0,0.0,0.0,0.0,0.0,0.0,0.0,0.0
-3.8523735e-06,3.2645685e-06,5.429604e-07,4.478113e-08,6.195933e-11,1.364242e-12,0.0,0.0,0.0,0.0,0.0,0.0,0.0,0.0,0.0,0.0,0.0,0.0,0.0,0.0
-0.17378253,0.12062859,0.049202576,0.0037664715,0.00018301065,1.75787e-06,1.1079476e-07,1.3631848e-08,1.4210855e-11,2.2737368e-13,0.0,0.0,0.0,0.0,0.0,0.0,0.0,0.0,0.0,0.0
-7.2313023e-06,7.2129505e-06,1.7278467e-08,9.48603e-10,1.2335022e-10,1.0231815e-12,1.1368684e-13,0.0,0.0,0.0,0.0,0.0,0.0,0.0,0.0,0.0,0.0,0.0,0.0,0.0
-8.450724e-06,8.249513e-06,2.0030382e-07,2.712568e-10,6.357368e-10,1.1368684e-13,0.0,0.0,0.0,0.0,0.0,0.0,0.0,0.0,0.0,0.0,0.0,0.0,0.0,0.0
-7.426933e-06,6.8730606e-06,5.5381474e-07,5.5820237e-11,1.4779289e-12,3.410605e-13,0.0,0.0,0.0,0.0,0.0,0.0,0.0,0.0,0.0,0.0,0.0,0.0,0.0,0.0
-0.0038954022,0.0038536726,4.1721003e-05,8.489792e-09,2.2657787e-10,1.9326762e-12,0.0,0.0,0.0,0.0,0.0,0.0,0.0,0.0,0.0,0.0,0.0,0.0,0.0,0.0
-0.22576423,0.2256508,0.00010941313,4.007334e-06,5.5410965e-10,2.3260327e-10,6.1390892e-12,0.0,1.1368684e-13,0.0,0.0,0.0,0.0,0.0,0.0,0.0,0.0,0.0,0.0,0.0
-4.966304e-07,4.964611e-07,1.692797e-10,0.0,0.0,0.0,0.0,0.0,0.0,0.0,0.0,0.0,0.0,0.0,0.0,0.0,0.0,0.0,0.0,0.0
-0.00012191809,0.0001218279,8.8112984e-08,2.0742164e-09,2.728484e-12,0.0,0.0,0.0,1.1368684e-13,0.0,0.0,0.0,0.0,0.0,0.0,0.0,0.0,0.0,0.0,0.0
-4.0924317e-07,3.7986592e-07,2.5035547e-08,4.3412456e-09,4.5474735e-13,0.0,0.0,0.0,0.0,0.0,0.0,0.0,0.0,0.0,0.0,0.0,0.0,0.0,0.0,0.0
-0.0003570747,0.0003570015,7.3083356e-08,8.7197805e-11,6.82121e-13,0.0,0.0,0.0,0.0,0.0,0.0,0.0,0.0,0.0,0.0,0.0,0.0,0.0,0.0,0.0
-0.0012113227,0.0011567187,5.368107e-05,9.2271944e-07,2.2100721e-10,2.2737368e-13,0.0,0.0,0.0,0.0,0.0,0.0,0.0,0.0,0.0,0.0,0.0,0.0,0.0,0.0
-1.0252106e-06,7.4169725e-07,2.6364467e-07,1.917158e-08,6.564278e-10,3.8312464e-11,2.3874236e-12,0.0,0.0,0.0,0.0,0.0,0.0,0.0,0.0,0.0,0.0,0.0,0.0,0.0
-0.00093515054,0.00090806297,2.6479345e-05,6.0783464e-07,4.0472514e-10,0.0,0.0,0.0,0.0,0.0,0.0,0.0,0.0,0.0,0.0,0.0,0.0,0.0,0.0,0.0
-0.008852151,0.008019485,0.00083165464,9.580938e-07,5.4079464e-08,7.844392e-12,1.1368684e-13,0.0,0.0,0.0,0.0,0.0,0.0,0.0,0.0,0.0,0.0,0.0,0.0,0.0
-7.580445e-08,4.782362e-08,2.7702526e-08,2.4988367e-10,2.842171e-11,0.0,0.0,0.0,0.0,0.0,0.0,0.0,0.0,0.0,0.0,0.0,0.0,0.0,0.0,0.0
-2.4966903e-06,2.4619962e-06,3.4662776e-08,3.0013325e-11,1.1368684e-12,0.0,1.1368684e-13,0.0,0.0,0.0,0.0,0.0,0.0,0.0,0.0,0.0,0.0,0.0,0.0,0.0
-0.0029026226,0.0028570422,4.523781e-05,3.2890034e-07,1.3073986e-08,7.0622264e-10,2.3874236e-11,2.2737368e-13,0.0,0.0,0.0,0.0,0.0,0.0,0.0,0.0,0.0,0.0,0.0,0.0
-0.00036551413,0.0003577565,7.756615e-06,1.0027179e-09,7.9580786e-13,2.2737368e-13,0.0,1.1368684e-13,0.0,0.0,0.0,0.0,0.0,0.0,0.0,0.0,0.0,0.0,0.0,0.0
-6.3040454e-05,5.7837733e-05,5.181634e-06,1.8547553e-08,2.536808e-09,7.9580786e-13,0.0,1.1368684e-13,0.0,0.0,0.0,0.0,0.0,0.0,0.0,0.0,0.0,0.0,0.0,0.0
-3.3516017e-08,1.3952331e-08,1.9563231e-08,3.410605e-13,1.1368684e-13,0.0,0.0,0.0,0.0,0.0,0.0,0.0,0.0,0.0,0.0,0.0,0.0,0.0,0.0,0.0
-1.979423e-05,1.7955224e-05,1.8267866e-06,1.1867428e-08,3.5015546e-10,3.410605e-13,1.1368684e-13,0.0,0.0,0.0,0.0,0.0,0.0,0.0,0.0,0.0,0.0,0.0,0.0,0.0
-1.3592143e-06,1.3245108e-07,1.0406488e-06,1.8604919e-07,6.434675e-11,7.9580786e-13,0.0,0.0,0.0,0.0,0.0,0.0,0.0,0.0,0.0,0.0,0.0,0.0,0.0,0.0
-0.00022467431,0.00022454135,1.3283739e-07,1.2312285e-10,3.410605e-13,0.0,1.1368684e-13,0.0,0.0,0.0,0.0,0.0,0.0,0.0,0.0,0.0,0.0,0.0,0.0,0.0
-0.0038879728,0.003849882,3.8081413e-05,9.637347e-09,1.7394086e-11,6.1390892e-12,0.0,0.0,0.0,0.0,0.0,0.0,0.0,0.0,0.0,0.0,0.0,0.0,0.0,0.0
-5.9479273e-05,5.9222144e-05,2.2388235e-07,3.2537514e-08,6.8519057e-10,2.1259439e-11,2.2737368e-13,0.0,0.0,0.0,0.0,0.0,0.0,0.0,0.0,0.0,0.0,0.0,0.0,0.0
-0.007001841,0.006989087,1.27137355e-05,3.9073257e-08,1.0728627e-09,5.172751e-11,2.2737368e-13,0.0,0.0,0.0,0.0,0.0,0.0,0.0,0.0,0.0,0.0,0.0,0.0,0.0
-7.957356e-05,6.139136e-05,1.817599e-05,6.2116214e-09,1.2505552e-12,0.0,0.0,0.0,0.0,0.0,0.0,0.0,0.0,0.0,0.0,0.0,0.0,0.0,0.0,0.0
-0.00086412235,0.0008634041,4.880843e-07,2.3018958e-07,2.6716407e-11,2.6147973e-12,0.0,0.0,0.0,0.0,0.0,0.0,0.0,0.0,0.0,0.0,0.0,0.0,0.0,0.0
-8.773918e-08,7.811275e-08,9.4592e-09,1.563194e-10,1.0459189e-11,4.5474735e-13,0.0,0.0,0.0,0.0,0.0,0.0,0.0,0.0,0.0,0.0,0.0,0.0,0.0,0.0
-0.00020856346,0.00020856298,4.811227e-10,7.9580786e-13,0.0,0.0,0.0,0.0,0.0,0.0,0.0,0.0,0.0,0.0,0.0,0.0,0.0,0.0,0.0,0.0
-0.14529209,0.07656921,0.056922022,0.011317756,0.00047779328,4.9995615e-06,3.1843933e-07,1.7735147e-11,1.7166712e-11,0.0,0.0,0.0,0.0,0.0,0.0,0.0,0.0,0.0,0.0,0.0
-0.00091950526,0.00090082106,1.8683471e-05,6.900791e-10,1.1368684e-13,0.0,0.0,0.0,0.0,0.0,0.0,0.0,0.0,0.0,0.0,0.0,0.0,0.0,0.0,0.0
-6.078433e-05,5.6914825e-05,3.8672833e-06,2.2179165e-09,2.2737368e-13,0.0,0.0,0.0,0.0,0.0,0.0,0.0,0.0,0.0,0.0,0.0,0.0,0.0,0.0,0.0
-2.9057117e-07,2.6288228e-07,2.7127385e-08,5.3773874e-10,1.6711965e-11,7.048584e-12,0.0,0.0,0.0,0.0,0.0,0.0,0.0,0.0,0.0,0.0,0.0,0.0,0.0,0.0
-0.00016688238,8.491233e-05,8.1874816e-05,8.063671e-08,1.4230409e-08,2.6363978e-10,9.5042196e-11,3.2969183e-12,0.0,0.0,0.0,0.0,0.0,0.0,0.0,0.0,0.0,0.0,0.0,0.0
-0.00038146574,0.0003804629,9.837162e-07,1.8496735e-08,5.978791e-10,0.0,0.0,0.0,0.0,0.0,0.0,0.0,0.0,0.0,0.0,0.0,0.0,0.0,0.0,0.0
-0.007965435,0.007965371,6.297614e-08,1.3284307e-09,5.570655e-12,0.0,0.0,0.0,0.0,0.0,0.0,0.0,0.0,0.0,0.0,0.0,0.0,0.0,0.0,0.0
-2.818298e-06,1.6579196e-06,1.1577782e-06,2.6002454e-09,0.0,0.0,0.0,0.0,0.0,0.0,0.0,0.0,0.0,0.0,0.0,0.0,0.0,0.0,0.0,0.0
-0.0015605342,0.0015603472,1.839694e-07,3.1118361e-09,6.82121e-13,0.0,0.0,0.0,0.0,0.0,0.0,0.0,0.0,0.0,0.0,0.0,0.0,0.0,0.0,0.0
-2.582194e-05,2.5182033e-05,6.366232e-07,3.2670187e-09,1.546141e-11,1.364242e-12,1.1368684e-13,0.0,0.0,0.0,0.0,0.0,0.0,0.0,0.0,0.0,0.0,0.0,0.0,0.0
-0.0016626702,0.0016471938,1.1930821e-05,3.5289822e-06,1.6217655e-08,3.4356162e-10,6.82121e-13,0.0,0.0,0.0,0.0,0.0,0.0,0.0,0.0,0.0,0.0,0.0,0.0,0.0
-9.88835e-05,9.887762e-05,3.7194923e-09,2.1626647e-09,5.684342e-13,1.1368684e-13,0.0,0.0,0.0,0.0,0.0,0.0,0.0,0.0,0.0,0.0,0.0,0.0,0.0,0.0
-0.000150767,0.0001502488,4.748107e-07,3.0143383e-08,1.3235649e-08,1.364242e-12,0.0,1.1368684e-13,0.0,0.0,0.0,0.0,0.0,0.0,0.0,0.0,0.0,0.0,0.0,0.0
-6.1997736e-05,6.199079e-05,6.698656e-09,2.4829205e-10,0.0,0.0,0.0,0.0,0.0,0.0,0.0,0.0,0.0,0.0,0.0,0.0,0.0,0.0,0.0,0.0
-0.00085432176,0.00082421425,2.9698553e-05,4.0835607e-07,5.4205884e-10,3.4333425e-11,1.1368684e-12,0.0,0.0,0.0,0.0,0.0,0.0,0.0,0.0,0.0,0.0,0.0,0.0,0.0
-0.0016490646,0.0016483511,6.520072e-07,6.146092e-08,5.1159077e-12,0.0,0.0,0.0,0.0,0.0,0.0,0.0,0.0,0.0,0.0,0.0,0.0,0.0,0.0,0.0
-3.9683917e-05,3.8794235e-05,8.890198e-07,6.415348e-10,1.6484591e-11,1.8189894e-12,0.0,0.0,0.0,0.0,0.0,0.0,0.0,0.0,0.0,0.0,0.0,0.0,0.0,0.0
-0.00036726712,0.00036701298,2.5402483e-07,8.5719876e-11,9.4360075e-12,1.9326762e-12,0.0,0.0,0.0,0.0,0.0,0.0,0.0,0.0,0.0,0.0,0.0,0.0,0.0,0.0
-1.3587449e-05,1.3507796e-05,6.610401e-08,1.3358317e-08,1.8417268e-10,6.7075234e-12,0.0,0.0,0.0,0.0,0.0,0.0,0.0,0.0,0.0,0.0,0.0,0.0,0.0,0.0
-9.4665063e-07,7.794963e-07,1.671525e-07,1.8189894e-12,0.0,0.0,0.0,0.0,0.0,0.0,0.0,0.0,0.0,0.0,0.0,0.0,0.0,0.0,0.0,0.0
-0.0001565386,0.0001562204,3.176873e-07,5.233005e-10,5.684342e-13,3.410605e-13,0.0,0.0,0.0,0.0,0.0,0.0,0.0,0.0,0.0,0.0,0.0,0.0,0.0,0.0
-1.3169753e-06,8.353777e-07,4.2763986e-07,5.3722488e-08,2.1429969e-10,1.2732926e-11,4.092726e-12,3.8653525e-12,1.1368684e-13,0.0,1.1368684e-13,0.0,0.0,0.0,0.0,0.0,0.0,0.0,0.0,0.0
-0.016039265,0.0156562,0.00038234453,5.2587427e-07,1.8301557e-07,1.2507485e-08,3.4197e-10,1.8644641e-11,2.16005e-12,0.0,0.0,0.0,0.0,0.0,0.0,0.0,0.0,0.0,0.0,0.0
-0.0002870377,0.0002870373,3.66299e-10,1.0459189e-11,4.888534e-12,1.1368684e-13,0.0,0.0,0.0,0.0,0.0,0.0,0.0,0.0,0.0,0.0,0.0,0.0,0.0,0.0
-0.00058016635,0.00058009056,6.8664804e-08,7.1024715e-09,1.1368684e-13,0.0,0.0,0.0,0.0,0.0,0.0,0.0,0.0,0.0,0.0,0.0,0.0,0.0,0.0,0.0
-0.010234213,0.010234084,1.2884391e-07,3.334435e-10,3.0127012e-11,3.410605e-13,0.0,0.0,0.0,0.0,0.0,0.0,0.0,0.0,0.0,0.0,0.0,0.0,0.0,0.0
-2.0491078e-05,1.957922e-05,8.983592e-07,1.3496674e-08,7.9580786e-13,5.684342e-13,1.1368684e-13,0.0,0.0,0.0,0.0,0.0,0.0,0.0,0.0,0.0,0.0,0.0,0.0,0.0
-1.3633223e-07,1.036143e-07,3.2715207e-08,2.2737368e-12,3.410605e-13,0.0,0.0,0.0,0.0,0.0,0.0,0.0,0.0,0.0,0.0,0.0,0.0,0.0,0.0,0.0
-0.006517883,0.0065160138,1.8498276e-06,1.9203526e-08,1.6086688e-10,2.5693225e-11,1.1368684e-13,0.0,0.0,0.0,0.0,0.0,0.0,0.0,0.0,0.0,0.0,0.0,0.0,0.0
-0.00019301279,0.00018802204,4.989845e-06,9.0392405e-10,5.684342e-12,9.094947e-13,1.8189894e-12,0.0,0.0,0.0,0.0,0.0,0.0,0.0,0.0,0.0,0.0,0.0,0.0,0.0
-2.4908813e-05,2.4088795e-05,8.162817e-07,3.6112624e-09,1.1846168e-10,6.8212103e-12,0.0,0.0,0.0,0.0,0.0,0.0,0.0,0.0,0.0,0.0,0.0,0.0,0.0,0.0
-0.22645411,0.16469581,0.05554385,0.006157122,4.872529e-05,8.577507e-06,9.870064e-09,8.008556e-09,1.8417268e-10,2.2737368e-13,0.0,0.0,0.0,0.0,0.0,0.0,0.0,0.0,0.0,0.0
-0.003698547,0.003694318,4.22875e-06,3.9335646e-11,2.842171e-12,1.0231815e-12,2.046363e-12,0.0,0.0,0.0,0.0,0.0,0.0,0.0,0.0,0.0,0.0,0.0,0.0,0.0
-0.00036810958,0.0003678985,2.1105598e-07,2.6716407e-11,2.3874236e-12,0.0,0.0,0.0,0.0,0.0,0.0,0.0,0.0,0.0,0.0,0.0,0.0,0.0,0.0,0.0
-1.779288e-05,1.7766764e-05,2.6048383e-08,6.6734174e-11,1.1368684e-13,1.1368684e-13,0.0,0.0,0.0,0.0,0.0,0.0,0.0,0.0,0.0,0.0,0.0,1.1368684e-13,1.1368684e-13,0.0
-2.8995815e-05,2.8966173e-05,2.8302225e-08,1.3412773e-09,0.0,0.0,0.0,0.0,0.0,0.0,0.0,0.0,0.0,0.0,0.0,0.0,0.0,0.0,0.0,0.0
-8.2248664e-07,8.2200756e-07,2.0372681e-10,2.7421265e-10,1.1368684e-12,0.0,0.0,0.0,0.0,0.0,0.0,0.0,0.0,0.0,0.0,0.0,0.0,0.0,0.0,0.0
-0.00085211545,0.00083267945,0.0,0.0,0.0,0.0,0.0,0.0,0.0,0.0,0.0,0.0,0.0,0.0,0.0,0.0,0.0,0.0,0.0,0.0
-0.0005580473,0.0005518895,0.0,0.0,5.9744634e-06,1.8332378e-07,0.0,5.172751e-11,0.0,0.0,0.0,0.0,0.0,0.0,0.0,0.0,0.0,3.410605e-13,0.0,0.0
-7.898648e-05,7.817687e-05,0.0,0.0,0.0,0.0,0.0,0.0,0.0,0.0,0.0,0.0,0.0,0.0,0.0,0.0,0.0,0.0,0.0,0.0
-0.00054660277,0.0,0.0,0.0,0.0,0.0,0.0,0.0,0.00052641967,2.0111007e-05,7.171377e-08,3.53225e-10,4.5474735e-13,0.0,0.0,0.0,0.0,0.0,0.0,0.0
-0.023021743,0.02302174,2.4149358e-09,2.2998847e-10,3.2287062e-11,0.0,0.0,3.410605e-13,0.0,0.0,0.0,0.0,0.0,0.0,0.0,0.0,0.0,0.0,0.0,0.0
-0.027608529,0.024986094,0.0026214942,7.8015955e-07,1.5896671e-07,4.739604e-10,0.0,0.0,0.0,0.0,0.0,0.0,0.0,0.0,0.0,2.7057467e-11,0.0,0.0,0.0,0.0
-7.1387505e-05,6.993687e-05,1.4072363e-06,0.0,0.0,0.0,0.0,0.0,0.0,0.0,0.0,0.0,0.0,0.0,0.0,0.0,0.0,0.0,0.0,0.0
-0.001390763,0.0,0.001359039,3.1714957e-05,8.894062e-09,0.0,0.0,0.0,0.0,0.0,0.0,1.7121238e-10,6.82121e-13,0.0,0.0,0.0,0.0,0.0,0.0,0.0
-0.11961344,0.0,0.0,0.0,0.0,0.0,0.11936026,0.00025154595,1.6324857e-06,7.730705e-12,2.2737368e-13,0.0,0.0,0.0,0.0,0.0,0.0,0.0,0.0,0.0
-7.6337744e-07,7.611185e-07,2.2216682e-09,3.7289283e-11,0.0,0.0,0.0,0.0,0.0,0.0,0.0,0.0,0.0,0.0,0.0,0.0,0.0,0.0,0.0,0.0
-0.0014278964,0.0013589796,6.872834e-05,1.8748221e-07,0.0,0.0,0.0,0.0,0.0,0.0,0.0,0.0,0.0,0.0,0.0,0.0,0.0,0.0,0.0,0.0
-0.0022330526,0.0,0.0,0.0,0.0,0.0022130446,1.9951352e-05,5.4193265e-08,2.2288305e-09,1.7109869e-10,2.1259439e-11,0.0,0.0,0.0,0.0,0.0,0.0,0.0,0.0,0.0
-0.36810285,0.36742252,0.00067448034,5.503219e-06,3.3796175e-07,0.0,3.238938e-10,2.2737368e-13,9.094947e-13,0.0,0.0,0.0,0.0,0.0,0.0,0.0,0.0,0.0,0.0,0.0
-0.27617297,0.0,0.0,0.0,0.09860559,0.0,0.0,0.0,0.17736065,0.00020657378,1.5042201e-07,1.1020802e-09,1.2846613e-11,1.1368684e-13,0.0,0.0,0.0,0.0,0.0,0.0
