1,0.9907326977993463,-41.78820473975583,-358.2117952602442,0.0
2,0.9810713466880897,-49.74784188633055,-350.25215811366945,0.0
3,0.9715051710568641,-101.48474719466014,-298.51525280533986,0.0
4,0.9620332333171379,-51.73772446201025,-348.26227553798975,0.4727877706289291
5,0.9526546051167111,-31.838619206642022,-368.161380793358,0.4075482189655304
6,0.943368367248726,-47.757883195818295,-352.2421168041817,0.36224975287914274
7,0.9341736095615758,-26.863859231347192,-373.1361407686528,0.23539610356092452
8,0.925069430869699,-28.853772307714735,-371.14622769228527,0.3067519783973694
9,0.9160549388652541,-52.732714019791274,-347.2672859802087,0.23635599613189698
10,0.9071292500306637,-37.80833297287586,-362.19166702712414,0.23914716988801957
11,0.8982914895520202,-20.89412508550197,-379.10587491449803,0.23725782036781312
12,0.8895407912333445,-122.37867503048119,-277.6213249695188,0.1974613845348358
13,0.8808762974116893,-20.897477479885197,-379.1025225201148,0.2854786731302738
14,0.8722971588730792,-46.762994987403204,-353.2370050125968,0.18582672551274299
15,0.8638025347692786,-38.803327568475936,-361.19667243152406,0.1708040751516819
16,0.855391592535379,-38.80439931184122,-361.1956006881588,0.19674050211906433
17,0.8470635078081993,-49.74786712086404,-350.25213287913596,0.21173247173428536
18,0.8388174643454884,-53.727632500558684,-346.2723674994413,0.21214233785867692
19,0.830652653945926,-48.7529080660384,-351.2470919339616,0.15013892576098442
20,0.8225682763699086,-45.76801069577641,-354.2319893042236,0.16932741552591324
21,0.8145635392611185,-37.80832793505675,-362.19167206494325,0.16179900243878365
22,0.806637658068864,-54.72261193726746,-345.27738806273254,0.18353582695126533
23,0.7987898559711847,-40.7932471301188,-359.2067528698812,0.1409788928925991
24,0.7910193637987147,-25.868920334299844,-374.13107966570016,0.15850164815783502
25,0.7833254199592963,-53.727690117697136,-346.27230988230286,0.17105177342891692
26,0.7757072703633345,-59.69755504972903,-340.30244495027097,0.14107942283153535
27,0.768164168349889,-57.70748910854326,-342.29251089145674,0.13847386538982392
28,0.7606953746134935,-56.71253005145002,-343.28746994855,0.13458878099918364
29,0.753300157131695,-106.4594400009484,-293.5405599990516,0.15265500098466872
30,0.7459777910933082,-22.884043199688563,-377.11595680031144,0.17301177307963372
31,0.7387275588273761,-38.80334776519044,-361.19665223480956,0.13768358081579207
32,0.7315487497328306,-43.77814326309118,-356.2218567369088,0.14470217898488044
33,0.7244406602088456,-54.72244926153115,-345.27755073846885,0.12819454595446586
34,0.717402593585877,-37.80832793777927,-362.19167206222073,0.11256806403398514
35,0.7104338600573809,-49.72929118462781,-350.2707088153722,0.11412485465407371
36,0.7035337766122061,-62.68227935619069,-337.3177206438093,0.1438993453979492
37,0.6967016669676501,-56.71250463408768,-343.2874953659123,0.1386715851724148
38,0.6899368615031778,-66.66208678642352,-333.3379132135765,0.15797048881649972
39,0.6832386971947906,-49.74786712086404,-350.25213287913596,0.12969138026237487
40,0.6766065175500423,-28.85376754732522,-371.1462324526748,0.12998456358909607
41,0.6700396725436973,-51.719439514382145,-348.28056048561785,0.16048335954546927
42,0.6635375185540195,-54.72263213397787,-345.27736786602213,0.14513548836112022
43,0.6570994182996917,-61.68716266900424,-338.31283733099576,0.14578693956136704
44,0.6507247407773539,-29.848726326997223,-370.1512736730028,0.1370016798377037
45,0.6444128611997594,-51.73791286532958,-348.2620871346704,0.12063559740781785
46,0.6381631609345382,-46.762989949584096,-353.2370100504159,0.13257838860154153
47,0.6319750274435644,-47.757928809963005,-352.242071190037,0.12252650335431099
48,0.6258478542229208,-69.6461231808371,-330.3538768191629,0.09394422210752965
49,0.6197810407434553,-63.67717260242455,-336.32282739757545,0.11915558204054832
50,0.6137739923919225,-48.75293048469871,-351.2470695153013,0.09744947254657746
51,0.6078261204127046,-47.75795041109882,-352.2420495889012,0.10726360827684403
52,0.6019368418501078,-35.81840982087027,-364.1815901791297,0.1101766973733902
53,0.5961055794912257,-17.909247914389994,-382.09075208561,0.09374608173966407
54,0.5903317618093665,-40.79318518814023,-359.2068148118598,0.0966389000415802
55,0.5846148229080377,-45.767990316176395,-354.2320096838236,0.11753451526165008
56,0.5789542024654808,-29.84872632701837,-370.15127367298163,0.09652174785733222
57,0.5733493456797548,-61.687468126092426,-338.3125318739076,0.11966255605220795
58,0.5677997032143598,-83.5757434657437,-316.4242565342563,0.0903138428926468
59,0.5623047311443949,-40.793266337370596,-359.2067336626294,0.08322935104370117
60,0.5568638909032492,-34.82352161245569,-365.1764783875443,0.09983899742364884
61,0.5514766492298151,-50.74280563128809,-349.2571943687119,0.09525927007198334
62,0.5461424781162235,-45.76785305786325,-354.23214694213675,0.09673978611826897
63,0.5408608547560939,-55.71761138778561,-344.2823886122144,0.08055250719189644
64,0.5356312614932927,-21.889081499588087,-378.1109185004119,0.08579460084438324
65,0.5304531857711978,-30.843660149548725,-369.1563398504513,0.08157302439212799
66,0.5253261200824628,-115.41432680460855,-284.58567319539145,0.0777501866221428
67,0.5202495619192753,-40.79322548594973,-359.20677451405027,0.0745545443147421
68,0.5152230137241058,-14.92437578076607,-385.07562421923393,0.11721706986427308
69,0.5102459828409422,-46.76292917654382,-353.2370708234562,0.0899666853249073
70,0.5053179814670032,-44.77307183539756,-355.22692816460244,0.08737314715981484
71,0.5004385266049298,-47.757928809963005,-352.242071190037,0.08408997096121311
72,0.4956071400154444,-51.73778523505058,-348.2622147649494,0.07922696545720101
73,0.4908233481704802,-51.73771942419114,-348.26228057580886,0.08606509007513523
74,0.4860866822067688,-94.52002871174989,-305.4799712882501,0.07834629379212857
75,0.4813966778798876,-66.1719180765827,-333.8280819234173,0.08758634179830552
76,0.47675287551875817,-27.85882133403976,-372.14117866596024,0.0968646053224802
77,0.47215481998059367,-34.82351657463636,-365.17648342536364,0.08370865695178509
78,0.46760206060629006,-108.44873430868444,-291.55126569131556,0.07840135879814625
79,0.4630941511762566,-34.82349637802008,-365.1765036219799,0.08641372881829738
80,0.45863064986668145,-61.686882031412495,-338.3131179685875,0.09828996658325195
81,0.4542111192062282,-67.65708476273346,-332.34291523726654,0.07475680969655514
82,0.4498351260331591,-35.81849762361651,-364.1815023763835,0.05977985337376594
83,0.44550224145288025,-28.853769129305817,-371.1462308706942,0.07730730660259724
84,0.44121204079590537,-119.39389394241289,-280.6061060575871,0.0806678969413042
85,0.43696410357623383,-41.78818454304161,-358.2118154569584,0.0557405237108469
86,0.43275801345013826,-51.737720798045984,-348.262279201954,0.0688249733299017
87,0.42859335817535843,-25.86891533315162,-374.1310846668484,0.07215062007308007
88,0.4244697295706971,-70.64177906156658,-329.3582209384334,0.07211979106068611
89,0.4203867234760137,-40.79324064484342,-359.2067593551566,0.06733458451926708
90,0.4163439397126124,-148.24744156611914,-251.75255843388086,0.07295820228755474
91,0.4123409820440205,-72.76790616961517,-327.2320938303848,0.09361303746700286
92,0.40837745813715226,-29.848736402627082,-370.1512635973729,0.062113150209188464
93,0.404452979523857,-65.66706632626892,-334.3329336737311,0.0809901725500822
94,0.4005671615628442,-27.858828409516832,-372.14117159048317,0.0776305239647627
95,0.3967196234019849,-32.83360349826887,-367.1663965017311,0.07719393149018287
96,0.39290998794098403,-47.7579540444965,-352.2420459555035,0.09447478093206882
97,0.3891378817944203,-64.67219243261542,-335.3278075673846,0.0958392471075058
98,0.385402935255151,-62.92729841323711,-337.0727015867629,0.08629255816340446
99,0.3817047822580758,-69.15678065266371,-330.8432193473363,0.0827457532286644
100,0.37804306034425916,-28.853767269895627,-371.1462327301044,0.0796369768679142
101,0.374417410625405,-22.884043199688506,-377.1159568003115,0.09366916045546532
102,0.37082747774868213,-22.884045367097883,-377.1159546329021,0.06659250929951668
103,0.3672729098618956,-49.74778864422183,-350.2522113557782,0.06801653541624546
104,0.36375335857900126,-38.803332606295044,-361.19666739370496,0.08860255032777786
105,0.3602684789459606,-32.83359846044971,-367.1664015395503,0.11347880624234677
106,0.3568179294069312,-46.76298994958478,-353.2370100504152,0.09438406974077225
107,0.35340137177079034,-12.934462704393752,-387.06553729560625,0.07430342696607113
108,0.35001847117798934,-25.868915333149346,-374.13108466685065,0.07586966902017593
109,0.34666889606773305,-34.823496377921856,-365.17650362207814,0.10928906090557575
110,0.3433523181454835,-59.6973818052993,-340.3026181947007,0.09198117516934871
111,0.3400684123507838,-53.72767307688633,-346.27232692311367,0.10012132674455643
112,0.33681685682539797,-30.843685384082278,-369.1563146159177,0.10191063545644283
113,0.33359733288176646,-79.59651774425231,-320.4034822557477,0.06724224239587784
114,0.33040952497177006,-48.752903027793536,-351.24709697220646,0.08275166042149067
115,0.3272531206558037,-75.61652387796596,-324.38347612203404,0.05495437122881412
116,0.3241278105721537,-45.76797515727026,-354.23202484272974,0.09332363046705723
117,0.321033288406677,-22.884043199695043,-377.11595680030496,0.06426024809479713
118,0.31796925086277894,-32.833618657164266,-367.16638134283573,0.10834230035543442
119,0.3149353976316871,-29.848721289187665,-370.15127871081233,0.07264884859323502
120,0.3119314313630177,-29.848726794541676,-370.1512732054583,0.10112296007573604
121,0.30895705763563214,-58.702468362351055,-341.29753163764894,0.09082031045109033
122,0.30601198492878035,-86.56116533304589,-313.4388346669541,0.1085356317460537
123,0.3030959245935288,-47.75794396885834,-352.24205603114166,0.08511952124536037
124,0.30020859082446977,-52.732719057610325,-347.2672809423897,0.06756466925144196
125,0.29734970063170924,-37.808327935061584,-362.1916720649384,0.07336577102541923
126,0.29451897381313075,-85.56604360022038,-314.4339563997796,0.073032171651721
127,0.291716132926933,-25.868915333149403,-374.1310846668506,0.07579792886972428
128,0.28894090326443694,-41.788204739792604,-358.2117952602074,0.06516082473099231
129,0.28619301282316184,-53.72769327359907,-346.2723067264009,0.07054631486535072
130,0.28347219228016585,-24.8739613138751,-375.1260386861249,0.07081378884613514
131,0.28077817496564955,-36.813434688822895,-363.1865653111771,0.08816662915050984
132,0.2781106968368193,-77.60637618129317,-322.3936238187068,0.07605749703943729
133,0.2754694964520085,-20.8941301233711,-379.1058698766289,0.07691424675285816
134,0.27285431494505313,-52.73265324675094,-347.26734675324906,0.0707795973867178
135,0.27026489599992026,-41.788159125610946,-358.21184087438905,0.07832799442112445
136,0.26770098582558616,-16.914298932766997,-383.085701067233,0.09430029056966305
137,0.2651623331311622,-26.86385419352814,-373.13614580647186,0.0694615013897419
138,0.2626486891012658,-36.81343468882301,-363.186565311177,0.07223462108522653
139,0.26015980737163324,-36.813429651003844,-363.18657034899616,0.07005057018250227
140,0.25769544400497396,-41.78817446772052,-358.2118255322795,0.07120711356401443
141,0.2552553574670616,-49.74780131000466,-350.25219868999534,0.06156477611511946
142,0.25283930860306136,-61.68713238883163,-338.3128676111684,0.07935770563781261
143,0.25044706061409,-56.71250463401964,-343.28749536598036,0.06387412920594215
144,0.24807837903400715,-53.72767307688457,-346.27232692311543,0.1172319658100605
145,0.24573303170643496,-24.873936079355246,-375.12606392064475,0.06278196386992932
146,0.24341078876200448,-49.74784692414954,-350.25215307585046,0.0653956275433302
147,0.24111142259582571,-52.73266185115011,-347.2673381488499,0.08201241530478001
148,0.23883470784518007,-21.889063945880764,-378.11093605411924,0.08462906479835511
149,0.23658042136743238,-39.79828158775024,-360.20171841224976,0.04678417854011059
150,0.23434834221816034,-41.78815912564903,-358.21184087435097,0.06479665040969848
151,0.23213825162949983,-38.80341853522526,-361.19658146477474,0.051916578784585
152,0.22994993298870303,-57.707576162496366,-342.29242383750363,0.05306631214916706
153,0.22778317181690821,-60.62789983328139,-339.3721001667186,0.06838446669280529
154,0.22563775574811842,-26.86385419352814,-373.13614580647186,0.055988809466362
155,0.2235134745083874,-42.78309798598974,-357.21690201401026,0.09339072182774544
156,0.22141011989521034,-48.752761283156474,-351.2472387168435,0.056519737280905244
157,0.21932748575711788,-24.87395123823694,-375.12604876176306,0.11991616450250149
158,0.21726536797347096,-47.757903392532455,-352.24209660746754,0.0730082243680954
159,0.2152235644344549,-52.732677336624874,-347.2673226633751,0.12213391438126564
160,0.21320187502127036,-37.80839374591619,-362.1916062540838,0.05525340531021357
161,0.2112001015865196,-24.873956276055992,-375.126043723944,0.11390539705753326
162,0.2092180479347859,-30.843705580796723,-369.1562944192033,0.07476155795156955
163,0.20725551980340418,-36.813429651006004,-363.186570348994,0.06959826294332742
164,0.20531232484342132,-56.71236737572019,-343.2876326242798,0.06612930782139301
165,0.2033882726007437,-97.50546746824568,-302.4945325317543,0.08710607923567296
166,0.20148317449747088,-19.899166028408672,-380.1008339715913,0.09876232482492923
167,0.19959684381341272,-23.87916194177086,-376.12083805822914,0.06480139195919037
168,0.19772909566778882,-23.87897702224842,-376.1210229777516,0.05514637716114521
169,0.19587974700110836,-46.76383150629391,-353.2361684937061,0.06861021295189858
170,0.19404861655722808,-65.66671825978563,-334.3332817402144,0.09061729982495308
171,0.19223552486558734,-46.7630101462986,-353.2369898537014,0.08404457345604896
172,0.19044029422361808,-46.762980255107266,-353.23701974489273,0.07375466544181108
173,0.18866274867932803,-25.868890098615793,-374.1311099013842,0.1007723081856966
174,0.18690271401405542,-27.858808212809265,-372.14119178719073,0.11605912931263447
175,0.1851600177253938,-32.83360349826887,-367.1663965017311,0.0658491812646389
176,0.18343448901028497,-95.7606597286856,-304.2393402713144,0.08140197657048702
177,0.1817259587482782,-40.7932558041328,-359.2067441958672,0.06820695735514164
178,0.18003425948495486,-63.67705554190104,-336.32294445809896,0.05088440869003534
179,0.17835922541551594,-43.77803180854943,-356.22196819145057,0.09457768723368645
180,0.17670069236853148,-51.7379189662866,-348.2620810337134,0.050163814425468446
181,0.17505849778984978,-33.828557517826084,-366.1714424821739,0.059529037587344645
182,0.1734324807266657,-34.82350141574091,-365.1764985842591,0.07883256375789642
183,0.17182248181174523,-35.8184503971961,-364.1815496028039,0.09721041209995747
184,0.1702283432478059,-58.70242353934623,-341.2975764606538,0.09425490237772464
185,0.16864990879205097,-35.8184756317296,-364.1815243682704,0.05701167546212673
186,0.16708702374085588,-42.78311818270413,-357.21688181729587,0.066826082020998
187,0.16553953491460568,-45.76758250372967,-354.23241749627033,0.07160785738378764
188,0.16400729064268174,-38.80334776525228,-361.1966522347477,0.06284724101424218
189,0.16249014074859644,-83.57612548603379,-316.4238745139662,0.0571617878973484
190,0.16098793653527416,-44.773080297591264,-355.22691970240874,0.09155435916036367
191,0.15950053077047746,-53.72763250072728,-346.2723674992727,0.07890044189989567
192,0.1580277776723766,-63.67719279913899,-336.322807200861,0.13380440138280392
193,0.15656953289526154,-23.878982060067585,-376.1210179399324,0.11926515586674213
194,0.15512565351539437,-22.88404319969254,-377.11595680030746,0.11205872856080532
195,0.15369599801700123,-23.87897702225831,-376.1210229777417,0.07779212146997452
196,0.15228042627840227,-65.66671825983536,-334.33328174016464,0.07337431740015746
197,0.1508787995582782,-42.783097985989684,-357.2169020140103,0.07824198417365551
198,0.14949098048207227,-31.838639403358513,-368.1613605966415,0.04781107157468796
199,0.1481168330285258,-131.33024360983666,-268.66975639016334,0.0788065504282713
200,0.14675622251634687,-42.783163796849124,-357.2168362031509,0.05091471374034882
201,0.14540901559101005,-35.81847059391055,-364.18152940608945,0.08010721802711487
202,0.14407508021168614,-39.798306822283735,-360.20169317771627,0.059561853855848314
203,0.14275428563830073,-49.74786208305551,-350.2521379169445,0.09918616078794003
204,0.14144650241872048,-50.742719973668954,-349.25728002633105,0.0757802203297615
205,0.1401516023760651,-61.68690726636174,-338.31309273363826,0.05857236422598362
206,0.13886945859614488,-60.69230621264359,-339.3076937873564,0.08785188160836696
207,0.13759994541502157,-43.77811277830426,-356.22188722169574,0.06458479687571525
208,0.13634293840669212,-32.833590397384626,-367.1664096026154,0.06754800770431757
209,0.13509831437089329,-33.82849674450267,-366.1715032554973,0.07464745491743088
210,0.13386595132102705,-55.71738812302971,-344.2826118769703,0.10483641438186168
211,0.13264572847220438,-28.853772574494315,-371.1462274255057,0.11736618764698506
212,0.13143752622940708,-18.904206971315375,-381.0957930286846,0.05344155691564083
213,0.13024122617576622,-62.68203067687,-337.31796932313,0.06132023595273495
214,0.12905671106095581,-16.914303971165396,-383.0856960288346,0.09321128129959107
215,0.12788386478970135,-42.78310043876695,-357.21689956123305,0.5028837122023105
216,0.12672257241040086,-63.922253666843005,-336.077746333157,0.49758564829826357
217,0.12557272010385864,-30.84368538408222,-369.1563146159178,0.09640019685029984
218,0.12443419517212968,-40.793205106336586,-359.2067948936634,0.0774567924439907
219,0.12330688602747404,-36.81345133693014,-363.18654866306986,0.08076631668955088
220,0.12219068218142003,-18.904212009134426,-381.0957879908656,0.13888297751545906
221,0.12108547423393518,-36.813454468880764,-363.18654553111924,0.05815754123032093
222,0.11999115386270384,-37.80852650236051,-362.1914734976395,0.16005137152969837
223,0.11890761381251044,-51.73771438637209,-348.2622856136279,0.14562678299844264
224,0.11783474788472727,-29.848727492709713,-370.1512725072903,0.09480540715157985
225,0.11677245092690591,-38.803332606295044,-361.19666739370496,0.09519279059022664
226,0.11572061882247116,-58.70242274820612,-341.2975772517939,0.11927809678018093
227,0.1146791484805165,-58.70234177845123,-341.2976582215488,0.06830085413530469
228,0.1136479378257,-78.60115196586253,-321.3988480341375,0.08308564014732837
229,0.11262688578823989,-57.707321394991936,-342.29267860500806,0.04963505212217569
230,0.11161589229400867,-111.3703304250023,-288.6296695749977,0.08385873995721341
231,0.1106148582547246,-28.85378746661013,-371.14621253338987,0.1335060354322195
232,0.1096236855582402,-55.71755565256433,-344.28244434743567,0.08047934882342815
233,0.10864227705892604,-51.73772418400256,-348.26227581599744,0.05161806382238865
234,0.10767053656814951,-73.6264008376084,-326.3735991623916,0.0670418305322528
235,0.10670836884484722,-17.909252952041186,-382.0907470479588,0.05504729710519314
236,0.1057556795861904,-22.884028040793112,-377.1159719592069,0.12555349580943584
237,0.10481237541834217,-44.77306961106342,-355.2269303889366,0.059315206855535506
238,0.10387836388730591,-45.7680308952954,-354.2319691047046,0.06871977597475051
239,0.10295355344986384,-35.8184705939168,-364.1815294060832,0.13751171641051768
240,0.10203785346460463,-65.64868715810042,-334.3513128418996,0.08613172378391028
241,0.10113117418303973,-31.838644441175575,-368.1613555588244,0.0721511436626315
242,0.10023342674080693,-56.71250463401941,-343.2874953659806,0.08256005458533763
243,0.09934452314896082,-78.60152314865218,-321.3984768513478,0.06935801468789578
244,0.09846437628534874,-29.850682955541004,-370.149317044459,0.08533695656806231
245,0.09759289988607207,-42.783158759030584,-357.2168412409694,0.0788802806288004
246,0.09673000853703129,-77.60619667255253,-322.3938033274475,0.08609934933483601
247,0.09587561766555452,-33.82855751754306,-366.17144248245694,0.059062485583126545
248,0.09502964353210855,-85.60411160960973,-314.39588839039027,0.05748630166053772
249,0.09419200322209131,-29.84872632698898,-370.151273673011,0.044909489993005994
250,0.09336261463770551,-76.61142216201893,-323.3885778379811,0.0836972575634718
251,0.09254139648991207,-45.768024260905406,-354.2319757390946,0.041187307238578795
252,0.09172826829046296,-22.88402300297406,-377.11597699702594,0.09153089821338653
253,0.09092315034401241,-22.884018613643548,-377.11598138635645,0.04770494420081377
254,0.09012596374030597,-73.62688072809158,-326.3731192719084,0.08219035156071186
255,0.08933663034644651,-46.76279470788552,-353.2372052921145,0.07076884880661964
256,0.08855507279923622,-37.8084089048121,-362.1915910951879,0.06862457524985074
257,0.08778121449759425,-41.788185184272834,-358.21181481572717,0.0854402631521225
258,0.08701497959504902,-69.64673399689946,-330.35326600310054,0.07044933065772056
259,0.08625629299230433,-66.66185682561957,-333.33814317438043,0.10031500412151217
260,0.08550508032987891,-30.843690421901442,-369.15630957809856,0.11169559322297573
261,0.0847612679808184,-41.78819970193672,-358.2118002980633,0.184981444850564
262,0.08402478304347902,-72.63162632707468,-327.3683736729253,0.11556890532374382
263,0.08329555333438253,-41.78801682968043,-358.21198317031957,0.047036949452012776
264,0.08257350738114137,-30.843665187367833,-369.15633481263217,0.20135157890617847
265,0.08185857441545369,-55.71755061474528,-344.2824493852547,0.062935721129179
266,0.0811506843661672,-26.8638541935548,-373.1361458064452,0.20686842799186705
267,0.08044976785241151,-50.742638267691916,-349.2573617323081,0.08441696278750896
268,0.07975575617679802,-73.62663099831303,-326.37336900168697,0.1331568580120802
269,0.07906858131868685,-20.894131749028304,-379.1058682509717,0.04833450578153133
270,0.07838817592752008,-92.53051694642772,-307.4694830535723,0.10497542880475522
271,0.07771447331622065,-44.77307183539756,-355.22692816460244,0.11145835109055043
272,0.07704740745465632,-54.72246265879795,-345.27753734120205,0.0960020499303937
273,0.07638691296316805,-50.74275532927879,-349.2572446707212,0.0871732484549284
274,0.07573292510616197,-43.778143050656865,-356.22185694934313,0.09958679843693971
275,0.07508537978576471,-28.853789066465367,-371.14621093353463,0.047883716970682146
276,0.07444421353554105,-98.49987331049488,-301.5001266895051,0.05680005606263876
277,0.07380936351427354,-62.68185448796669,-337.3181455120333,0.08068154118955136
278,0.07318076749980341,-55.71756455061427,-344.28243544938573,0.11209206469357014
279,0.07255836388293212,-99.49516957304036,-300.50483042695964,0.07538907714188099
280,0.0719420916613829,-57.7073264328111,-342.2926735671889,0.11901272926479578
281,0.07133189043382203,-32.83360349826944,-367.16639650173056,0.06019115122035146
282,0.07072770039393869,-85.5658540158426,-314.4341459841574,0.03648701459169388
283,0.07012946232458346,-55.69906017147457,-344.30093982852543,0.053797162137925625
284,0.06953711759196425,-16.914298932776546,-383.08570106722345,0.0651060601696372
285,0.06895060813989964,-58.70228045208523,-341.29771954791477,0.09662534222006798
286,0.06836987648412875,-24.87393607937861,-375.1260639206214,0.07735745180398226
287,0.06779486570667712,-45.768030892490856,-354.23196910750914,0.13642973266541958
288,0.06722551945027815,-56.71256540741666,-343.28743459258334,0.06182796992361546
289,0.06666178191284948,-25.868904752385447,-374.13109524761455,0.044412658736109736
290,0.0661035978420238,-18.904212009134596,-381.0957879908654,0.049598155170679094
291,0.06555091252973352,-25.86891533314929,-374.1310846668507,0.039069981500506404
292,0.06500367180684874,-33.82855751754522,-366.1714424824548,0.04087880924344063
293,0.06446182203786814,-34.82351657463636,-365.17648342536364,0.047223197668790816
294,0.06392531011566213,-64.67221766709167,-335.3277823329083,0.09280030876398086
295,0.06339408345626774,-46.69846776782117,-353.30153223217883,0.08662374382838607
296,0.0628680899937348,-14.924454335203563,-385.07554566479644,0.06845040023326873
297,0.062347278175023065,-29.848751561525148,-370.15124843847485,0.061123575642704965
298,0.061831596954949185,-70.77800650932306,-329.22199349067694,0.057431758008897306
299,0.06132099579118402,-37.808393746343086,-362.1916062536569,0.051560735888779165
300,0.06081542463929876,-36.813454885543194,-363.1865451144568,0.047208689898252484
301,0.06031483394786012,-49.74786208304488,-350.2521379169551,0.1378846456296742
302,0.05981917465357369,-39.79828158775763,-360.20171841224237,0.07518387436866761
303,0.05932839817647528,-75.61655092332308,-324.3834490766769,0.048430119082331656
304,0.05884245641516949,-52.7326582845717,-347.2673417154283,0.05042754113674164
305,0.058361301742115304,-14.924375780982984,-385.075624219017,0.11551922988146543
306,0.057884886998958045,-49.74778130983702,-350.252218690163,0.0568787295371294
307,0.057413165491907385,-49.747803772755105,-350.2521962272449,0.040046827774494885
308,0.056946090987160775,-41.78814563649257,-358.2118543635074,0.03534444067627192
309,0.056483617706372134,-50.742719973668954,-349.25728002633105,0.03095140401273966
310,0.05602570032216501,-62.681861285428624,-337.3181387145714,0.0438173646107316
311,0.05557229395368999,-28.853784436025705,-371.1462155639743,0.10904409214854241
312,0.05512335416222596,-40.79328607622375,-359.20671392377625,0.041508108377456665
313,0.054678836946824586,-31.83864499979552,-368.1613550002045,0.04268751349300146
314,0.054238698739997745,-21.889058908061713,-378.1109410919383,0.10343455485999584
315,0.053802896403447466,-48.75282205620812,-351.2471779437919,0.10490255393087863
316,0.053371387223837864,-35.81847563184033,-364.18152436815967,0.05106366779655218
317,0.05294412890860884,-97.50521009102624,-302.49478990897376,0.037910645641386506
318,0.052521079581830894,-43.71359563436033,-356.28640436563967,0.03752623884938657
319,0.05210219778010088,-25.868920370968397,-374.1310796290316,0.12860269639641048
320,0.051687442448478046,-43.77808462894433,-356.2219153710557,0.04203182496130466
321,0.05127677293646036,-25.86891533314929,-374.1310846668507,0.1114293516613543
322,0.05087014899400021,-62.682193165719696,-337.3178068342803,0.03908407688140869
323,0.05046753076755948,-29.848754225005507,-370.1512457749945,0.04887823238968849
324,0.05006887879620351,-47.69349263577385,-352.30650736422615,0.0930395195260644
325,0.049674154007733465,-62.68211668045842,-337.3178833195416,0.06834303084760904
326,0.04928331771485685,-52.73267848128455,-347.26732151871545,0.04274696670472622
327,0.048896331611395734,-36.81345488553734,-363.18654511446266,0.06602423498407006
328,0.048513157768532336,-43.77812285394242,-356.2218771460576,0.24276281222701074
329,0.048133758631091594,-52.732612670443075,-347.2673873295569,0.054400571063160895
330,0.04775809701386033,-64.67178370512488,-335.3282162948751,0.042600485309958455
331,0.04738613609794272,-45.7680510892053,-354.2319489107947,0.15956563614308833
332,0.047017839427151646,-102.48009911583574,-297.51990088416426,0.05465713310986757
333,0.04665317090443559,-61.68727972277151,-338.3127202772285,0.036790608800947665
334,0.046292094788340704,-27.858788016094934,-372.14121198390507,0.0444850092753768
335,0.045934575689507824,-73.62661080159853,-326.37338919840147,0.03489357456564903
336,0.04558057856720387,-58.702377316958064,-341.29762268304194,0.04085144978016615
337,0.04523006872588752,-32.76914208954622,-367.2308579104538,0.035684733930975196
338,0.04488301181180864,-60.69219856627194,-339.30780143372806,0.046245890110731123
339,0.044539373809641264,-65.66671838994739,-334.3332816100526,0.03467497928068042
340,0.044199121039149705,-63.67717260242449,-336.3228273975755,0.034658668003976344
341,0.04386222015188759,-46.76298994958415,-353.23701005041585,0.027798716351389884
342,0.043528638127929224,-45.767975157269575,-354.2320248427304,0.028462876100093126
343,0.04319834227263343,-47.75794900667745,-352.24205099332255,0.0550266245380044
344,0.042871300213439024,-26.863833996813696,-373.1361660031863,0.03322726767510176
345,0.042547479896692,-21.88908936401174,-378.11091063598826,0.04286638014018536
346,0.04222684958450387,-55.717530418030776,-344.2824695819692,0.041194140911102295
347,0.0419093778516411,-22.884038161869512,-377.1159618381305,0.040917210560292
348,0.04159503358244499,-73.87160585844452,-326.1283941415555,0.03572738226503134
349,0.04128378596778211,-67.79313437427174,-332.20686562572826,0.02622127756476402
350,0.04097560450202458,-71.63650981562472,-328.3634901843753,0.04093515705317259
351,0.040670458980060234,-35.81845946718806,-364.18154053281194,0.06417201571166516
352,0.04036831949433221,-32.83359846044971,-367.1664015395503,0.05137255005538464
353,0.04006915643190764,-26.86378838268314,-373.13621161731686,0.036370998434722426
354,0.039772940471575306,-24.873961313875384,-375.1260386861246,0.04048221614211798
355,0.0394796425809718,-57.707265659770655,-342.29273434022934,0.02760237827897072
356,0.0391892340137361,-47.757974241210945,-352.24202575878905,0.04877454387024045
357,0.03890168630669204,-46.76298994958529,-353.2370100504147,0.05342583619058132
358,0.038616971277058675,-44.77290013876268,-355.2270998612373,0.06615109294652939
359,0.038335061019688046,-60.69211255871693,-339.30788744128307,0.042625242844223976
360,0.038055927904330156,-50.74261807097707,-349.2573819290229,0.04343344103544951
361,0.03777954457292491,-78.60150295193773,-321.39849704806227,0.04065056964755058
362,0.03750588393692077,-28.853772307714735,-371.14622769228527,0.054550279304385184
363,0.037234919174619734,-26.86385419352814,-373.13614580647186,0.03962417971342802
364,0.03696662372854853,-67.6569879714313,-332.3430120285687,0.03502249252051115
365,0.03670097130285572,-49.74782608333021,-350.2521739166698,0.03430818375200033
366,0.03643793586073441,-47.75794900667745,-352.24205099332255,0.0413520366884768
367,0.03617749162187037,-36.81337391578256,-363.18662608421744,0.03436383623629809
368,0.035919613059915236,-30.843705580796723,-369.1562944192033,0.040887522790580985
369,0.03566427489998475,-26.86385419352814,-373.13614580647186,0.030429037101566792
370,0.03541145211618144,-41.78834849186086,-358.21165150813914,0.021657922631129624
371,0.035161119929141886,-77.60637618129311,-322.3936238187069,0.02391781872138381
372,0.034913253803608046,-27.858808212802387,-372.1411917871976,0.03169347392395139
373,0.03466782944602254,-41.78801683034351,-358.2119831696565,0.029456546250730752
374,0.03442482280214762,-38.80326679543748,-361.1967332045625,0.04237293638288975
375,0.03418421005470759,-36.813425413971856,-363.18657458602814,0.02075898116454482
376,0.033945967621054465,-32.833578263735944,-367.16642173626406,0.03404550217092037
377,0.03371007215085661,-43.777991232224736,-356.22200876777526,0.033232621289789675
378,0.033476500523810154,-17.909258300806528,-382.0907416991935,0.019564332347363232
379,0.033245229847372965,-96.51055791809029,-303.4894420819097,0.04800148457288742
380,0.033016237454520904,-35.818389624155714,-364.1816103758443,0.042233731225132944
381,0.03278950090152624,-48.75304351707547,-351.24695648292453,0.0371755538508296
382,0.032564997965757916,-50.742638579657864,-349.25736142034214,0.03859729142859578
383,0.03234270664350348,-122.3785781656079,-277.6214218343921,0.02820573407225311
384,0.0321226051478125,-27.858828409517344,-372.14117159048266,0.024365339055657388
385,0.031904671906361176,-44.773079479166995,-355.226920520833,0.033030934166163206
386,0.03168888555933809,-31.838624244461073,-368.1613757555389,0.03950486369431019
387,0.03147522495735059,-70.64193669947974,-329.35806330052026,0.029013851704075933
388,0.031263669159352074,-24.87395627605605,-375.12604372394395,0.0401092329993844
389,0.03105419743058941,-36.81337689578106,-363.18662310421894,0.02749421615153551
390,0.030846789240570792,-34.82353310317097,-365.176466896829,0.04092919621616602
391,0.030641424261053485,-52.73255638187811,-347.2674436181219,0.03913683397695422
392,0.030438082364051447,-43.77811781612331,-356.2218821838767,0.06808761525899172
393,0.030236743619862574,-43.77809258158982,-356.2219074184102,0.054231017269194125
394,0.03003738829511539,-34.824058788360446,-365.17594121163955,0.03164251632988453
395,0.029839996850834924,-26.86384915570909,-373.1361508442909,0.026126560196280478
396,0.02964454994052771,-16.91429389494789,-383.0857061050521,0.05183239281177521
397,0.029451028408285618,-44.77301106235859,-355.2269889376414,0.025925643276423216
398,0.029259413286908356,-44.773056676530075,-355.2269433234699,0.05441306713037193
399,0.029069685796044485,-27.858818288440546,-372.14118171155945,0.03095694351941347
400,0.02888182734035076,-33.82857267643897,-366.17142732356103,0.03588310573250055
401,0.02869581950766955,-79.59568320334131,-320.4043167966587,0.036797229386866095
402,0.028511644067224277,-40.793265879377486,-359.2067341206225,0.028803937137126923
403,0.028329282967832596,-77.60639637807628,-322.3936036219237,0.03672920418903232
404,0.028148718336137163,-57.707081113211075,-342.2929188867889,0.05719122514128685
405,0.027969932474853895,-63.67723337546494,-336.32276662453506,0.025408158311620355
406,0.027792907861037407,-45.76803717093321,-354.2319628290668,0.06407931931316853
407,0.027617627144363582,-36.81336384143367,-363.18663615856633,0.03158866977319121
408,0.027444073145429078,-71.63697268944986,-328.36302731055014,0.027362974360585213
409,0.027272228854067528,-40.79320510633664,-359.20679489366336,0.03132190629839897
410,0.02710207742768237,-74.62156890376923,-325.37843109623077,0.024632034916430713
411,0.026933602189596104,-29.848741485884318,-370.1512585141157,0.029198693577200174
412,0.026766786627415773,-43.77811782609052,-356.2218821739095,0.08484672605991364
413,0.02660161439141459,-22.88402300297406,-377.11597699702594,0.03784665768034756
414,0.0264380692929295,-68.65177493988654,-331.34822506011346,0.03238859921693802
415,0.02627613530277447,-58.70246332455031,-341.2975366754497,0.026198927499353885
416,0.0261157965496695,-81.58627428740999,-318.41372571259,0.03084992365911603
417,0.025957037318685046,-14.924375780761238,-385.07562421923876,0.030733911041170358
418,0.025799842049701788,-35.81845543501515,-364.18154456498485,0.037004314735531806
419,0.025644195335885606,-33.828537320828616,-366.1714626791714,0.031392672844231126
420,0.025490081922177443,-30.843660149548725,-369.1563398504513,0.034402402210980655
421,0.025337486703798276,-39.798306822283735,-360.20169317771627,0.028762978222221135
422,0.02518639472476859,-33.82853732082856,-366.17146267917144,0.02886319924145937
423,0.02503679117644258,-32.83362369498332,-367.1663763050167,0.05330766187980771
424,0.024888661396056715,-57.707260621951605,-342.2927393780484,0.0346324386075139
425,0.024741990865292635,-66.66188472926189,-333.3381152707381,0.032667573634535076
426,0.02459676520885422,-38.80332906553974,-361.19667093446026,0.0529230535030365
427,0.024452970193058626,-29.84874652370337,-370.15125347629663,0.03884581308811903
428,0.024310591724441243,-38.80332253065836,-361.19667746934164,0.022167930472642185
429,0.02416961584837439,-35.81847059391055,-364.18152940608945,0.01972442138940096
430,0.02403002874769961,-55.717166287600435,-344.28283371239957,0.02563765402883291
431,0.023891816741373414,-24.873941118436505,-375.1260588815635,0.044880440831184386
432,0.02375496628312643,-28.853767269895684,-371.1462327301043,0.022693031281232835
433,0.0236194639601357,-31.83864444117569,-368.1613555588243,0.02242513569071889
434,0.02348529649171007,-15.919417847552324,-384.0805821524477,0.027918749302625657
435,0.023352450727988562,-29.848746523703426,-370.1512534762966,0.0354008249938488
436,0.023220913648651538,-54.72258685809993,-345.27741314190007,0.02105516903102398
437,0.023090672361644547,-65.66690280634532,-334.3330971936547,0.03805461879819631
438,0.02296171410191479,-32.8335782642863,-367.1664217357137,0.033153232932090757
439,0.02283402623016001,-33.7641011468956,-366.2358988531044,0.0879108059220016
440,0.022707596231589675,-32.83359926609165,-367.16640073390835,0.07499669641256332
441,0.022582411714698422,-18.904212009221,-381.095787990779,0.029974288120865823
442,0.022458460410051534,-65.7050416644131,-334.2949583355869,0.035678785666823386
443,0.022335730169082427,-21.889064021213585,-378.1109359787864,0.026403254270553587
444,0.022214208962901934,-50.74278578452845,-349.25721421547155,0.04287797547876835
445,0.02209388488111936,-22.8840239693277,-377.1159760306723,0.05578696336597204
446,0.021974746130675134,-28.789291528646856,-371.21070847135314,0.04046656372956932
447,0.021856781034684948,-92.53065465234477,-307.46934534765523,0.028728719800710678
448,0.021739978031295317,-45.76797011945064,-354.23202988054936,0.05927982213906944
449,0.021624325672550376,-66.66187843287781,-333.3381215671222,0.04427248015999794
450,0.02150981262326987,-35.8184756317296,-364.1815243682704,0.056023379880934955
451,0.021396427659938166,-32.833603498268815,-367.1663965017312,0.02564713191241026
452,0.021284159669604244,-35.8184756317296,-364.1815243682704,0.023466479452326893
453,0.0211729976487925,-33.82856255536217,-366.17143744463783,0.02042817249894142
454,0.021062930702424293,-74.60317592820377,-325.39682407179623,0.023865479789674283
455,0.020953948042750102,-84.85393457584502,-315.146065424155,0.02674228809773922
456,0.020846038988292202,-39.79830178446463,-360.2016982155354,0.02756693698465824
457,0.020739192962797796,-38.80334776519044,-361.19665223480956,0.029092053417116404
458,0.020633399494202384,-21.889084142596857,-378.11091585740314,0.020736141502857207
459,0.020528648213603437,-44.77308532615973,-355.22691467384027,0.021237958688288927
460,0.020424928854244073,-154.21421596084653,-245.78578403915347,0.021353175211697818
461,0.020322231250506865,-36.813434688822895,-363.1865653111771,0.019845619704574345
462,0.020220545336917455,-26.863854193534053,-373.13614580646595,0.09546848554164171
463,0.02011986114715806,-35.818435238311054,-364.18156476168895,0.06501327492296696
464,0.020020168813090645,-17.90925295204113,-382.09074704795887,0.025086459890007972
465,0.019921458563789733,-62.6822843946764,-337.3177156053236,0.05362911410629749
466,0.019823720724584774,-33.82856255536211,-366.1714374446379,0.0285280367359519
467,0.019726945716111915,-63.6771118293841,-336.3228881706159,0.05769078889861703
468,0.019631124053375106,-32.83357826626104,-367.16642173373896,0.04820125009864569
469,0.019536246344816478,-46.76281257738049,-353.2371874226195,0.04657653141766786
470,0.01944230329139586,-34.82345580159597,-365.17654419840403,0.04264794420450926
471,0.019349285685679396,-33.82855247972395,-366.17144752027605,0.025760685838758946
472,0.019257184410937073,-39.73382521684664,-360.26617478315336,0.0352610033005476
473,0.01916599044024924,-25.86891533314929,-374.1310846668507,0.05353474505245685
474,0.019075694835621826,-41.788225690394654,-358.21177430960535,0.049093756917864086
475,0.018986288747110336,-36.81341449210845,-363.18658550789155,0.03853180967271328
476,0.018897763411952467,-49.747816473344415,-350.2521835266556,0.056094489293172956
477,0.01881011015370926,-61.687533439381525,-338.3124665606185,0.017956020869314672
478,0.018723320381414704,-50.74280094344209,-349.2571990565579,0.0157873154617846
479,0.01863738558873374,-19.89922589260067,-380.10077410739933,0.036060997657477854
480,0.01855229735312855,-65.66698881391926,-334.33301118608074,0.0247207076754421
481,0.01846804733503305,-61.687093430199525,-338.3129065698005,0.02125361282378435
482,0.01838462727703552,-65.66704521996974,-334.33295478003026,0.02211893433704972
483,0.018302029003069303,-43.778077239797426,-356.2219227602026,0.0349416833370924
484,0.018220244417611442,-29.848711168093587,-370.1512888319064,0.05924324300140142
485,0.018139265504889254,-21.88906898369987,-378.1109310163001,0.07467307997867464
486,0.018059084328094676,-42.783097985989684,-357.2169020140103,0.13475142065435647
487,0.017979693028606386,-30.84370054299825,-369.15629945700175,0.07953888792544603
488,0.017901083825219564,-48.752720153504924,-351.2472798464951,0.025302297063171865
489,0.01782324901338327,-48.75282260786133,-351.24717739213867,0.02390710525214672
490,0.01774618096444528,-29.848741485884375,-370.1512585141156,0.05317430654540658
491,0.017669872124904427,-24.8739613138751,-375.1260386861249,0.049573998898267746
492,0.017594315015670263,-30.843685384082278,-369.1563146159177,0.021445443388074636
493,0.01751950223133003,-32.83360349826887,-367.1663965017311,0.02089691599830985
494,0.017445426439422845,-33.8285726764384,-366.1714273235616,0.02304024752229452
495,0.017372080379721044,-40.79320006852021,-359.2067999314798,0.019157055672258137
496,0.01729945686351861,-58.70244312781847,-341.29755687218153,0.027146867755800486
497,0.017227548772926576,-51.73757209025132,-348.2624279097487,0.023423988558351993
498,0.017156349060175425,-27.85899079836122,-372.1410092016388,0.03138556447811425
499,0.017085850746924314,-68.65186630917628,-331.3481336908237,0.02657996490597725
500,0.017016046923577128,-54.72265233069231,-345.2773476693077,0.1292606501840055
501,0.01694693074860526,-59.69698915179862,-340.3030108482014,0.05324789341539145
502,0.01687849544787708,-9.949590570933026,-390.050409429067,0.09815653413534164
503,0.016810734313993974,-49.74782168961599,-350.252178310384,0.054603371396660806
504,0.016743640705632973,-18.904206971315375,-381.0957930286846,0.022930977586656808
505,0.01667720804689581,-68.65161058996091,-331.3483894100391,0.026381229050457478
506,0.01661142982666442,-66.66204473613334,-333.33795526386666,0.050732474820688364
507,0.01654629959796279,-32.83361865716415,-367.16638134283585,0.035328494384884834
508,0.01648181097732507,-59.942407317393474,-340.0575926826065,0.046665952634066345
509,0.016417957644169916,-26.863869352425013,-373.136130647575,0.030580376624129713
510,0.01635473334018104,-58.702023063621596,-341.2979769363784,0.07576319202780724
511,0.016292131868693792,-99.49477352814927,-300.50522647185073,0.053201240580528976
512,0.016230147094087842,-69.89200297158607,-330.10799702841393,0.11337679903954268
513,0.01616877294118581,-39.798259109717264,-360.20174089028274,0.024271429888904093
514,0.016108003394657847,-60.69238143882279,-339.3076185611772,0.02145789498463273
515,0.016047832498432044,-45.76799087832836,-354.23200912167164,0.02172681353986263
516,0.015988254355110698,-15.919334837854535,-384.08066516214546,0.06797327762469649
517,0.01592926312539229,-42.78310418977901,-357.216895810221,0.02058573691174388
518,0.015870853027499174,-73.6267329010048,-326.3732670989952,0.029297492280602456
519,0.015813018336610894,-41.78815912561299,-358.211840874387,0.07547449711710215
520,0.0157557533843031,-21.88908414259521,-378.1109158574048,0.0798153419047594
521,0.015699052557991984,-82.58154274252604,-317.41845725747396,0.021030705841258168
522,0.01564291030038416,-35.8184756317296,-364.1815243682704,0.024516239389777185
523,0.015587321108932026,-75.61666163811918,-324.3833383618808,0.08454905599355697
524,0.015532279535294423,-28.853772307714735,-371.14622769228527,0.020153775811195374
525,0.015477780184802661,-89.54587982859357,-310.45412017140643,0.019597761426120998
526,0.015423817715931772,-55.717525380231336,-344.28247461976866,0.020059957960620524
527,0.01537038683977698,-170.1333718547656,-229.8666281452344,0.07165935207158328
528,0.015317482319535346,-31.83906210651253,-368.16093789348747,0.019328303914517165
529,0.015265098969992492,-71.63683498353271,-328.3631650164673,0.023464745469391347
530,0.015213231657014395,-49.7477811132901,-350.2522188867099,0.1575409818906337
531,0.01516187529704419,-40.79326587937703,-359.20673412062297,0.03673973744735122
